price_per_m2,size_num,bedrooms,luxury_score,postal_code_clean,nr_rooms
6875.0,40.0,1.0,0.0,1102 ZA,2.0
9062.5,48.0,1.0,0.0,1075 RV,2.0
8000.0,50.0,1.0,0.0,1091 ZB,2.0
5040.404040404041,99.0,3.0,1.0,1106 DV,5.0
4766.228070175439,114.0,3.0,1.0,1103 AM,4.0
8461.538461538461,26.0,1.0,1.0,1069 LH,1.0
4752.06611570248,121.0,4.0,1.0,1066 DG,5.0
9375.0,48.0,1.0,0.0,1054 MS,2.0
9303.79746835443,79.0,2.0,0.0,1018 CA,3.0
4213.483146067416,89.0,3.0,0.0,1024 LD,4.0
9330.708661417322,127.0,4.0,0.0,1053 SE,5.0
5931.14,50.0,1.0,1.0,1032 KW,2.0
9416.666666666666,60.0,1.0,1.0,1031 HX,2.0
7900.0,50.0,1.0,1.0,1062 HE,2.0
10131.578947368422,76.0,2.0,1.0,1096 AM,3.0
6686.046511627907,172.0,2.0,0.0,1055 MB,5.0
8861.386138613861,101.0,3.0,1.0,1074 EA,4.0
7142.857142857143,49.0,1.0,0.0,1065 XP,3.0
4576.923076923077,130.0,2.0,0.0,1015 ZR,3.0
7700.0,50.0,1.0,1.0,1062 HE,2.0
9375.0,40.0,1.0,0.0,1017 WG,1.0
7741.379310344828,58.0,2.0,0.0,1056 GJ,3.0
10967.741935483871,155.0,3.0,0.0,1018 CA,4.0
11064.935064935065,77.0,2.0,1.0,1031 HX,3.0
7746.478873239436,71.0,2.0,0.0,1021 HJ,3.0
4411.764705882353,102.0,3.0,1.0,1067 DB,4.0
8114.754098360656,61.0,1.0,0.0,1078 AJ,2.0
7589.285714285715,56.0,1.0,0.0,1095 TH,3.0
8430.232558139534,86.0,3.0,0.0,1051 LB,4.0
7148.969072164949,97.0,3.0,1.0,1101 DA,4.0
5950.0,100.0,3.0,1.0,1061 DJ,4.0
8823.529411764706,51.0,1.0,0.0,1058 XB,2.0
8295.774647887323,71.0,1.0,0.0,1056 PC,3.0
15394.08866995074,406.0,4.0,5.5,1014 ZP,6.0
6081.145833333333,48.0,1.0,1.0,1032 KW,2.0
8562.5,80.0,2.0,0.0,1018 VL,3.0
9057.971014492754,69.0,2.0,0.0,1075 XR,3.0
7035.398230088495,113.0,3.0,1.0,1019 TN,4.0
11538.461538461539,39.0,1.0,1.0,1096 GV,1.0
10769.23076923077,65.0,2.0,0.0,1016 XL,3.0
9210.526315789473,57.0,1.0,1.0,1031 KN,2.0
7712.765957446809,94.0,3.0,0.0,1019 XC,4.0
8867.924528301886,53.0,1.0,0.0,1018 CA,2.0
6609.19540229885,87.0,2.0,1.0,1095 ME,3.0
9300.0,150.0,2.0,1.0,1012 RT,3.0
7390.10989010989,182.0,3.0,0.0,1074 AV,4.0
7303.3707865168535,89.0,3.0,0.0,1095 GZ,4.0
10000.0,75.0,2.0,0.0,1015 RM,3.0
7777.777777777777,90.0,2.0,1.0,1011 NC,3.0
9141.193548387097,31.0,1.0,1.0,1095 PA,2.0
8558.558558558558,111.0,3.0,1.0,1061 AV,4.0
7271.428571428572,70.0,2.0,0.0,1064 AB,3.0
11046.511627906977,43.0,1.0,0.0,1053 BJ,2.0
6338.028169014085,71.0,3.0,0.0,1061 VR,4.0
9053.09677419355,31.0,1.0,1.0,1095 PA,2.0
9868.421052631578,76.0,2.0,1.0,1014 ZK,3.0
8750.0,48.0,1.0,0.0,1018 CA,2.0
11111.111111111111,36.0,1.0,0.0,1053 LK,2.0
7467.289719626168,107.0,4.0,0.0,1051 PS,5.0
8814.102564102564,156.0,3.0,0.0,1017 GT,4.0
9274.193548387097,62.0,1.0,0.0,1015 PR,2.0
8180.0,50.0,1.0,0.0,1033 SM,3.0
8555.555555555555,45.0,1.0,0.0,1052 GG,2.0
8263.888888888889,72.0,1.0,0.0,1033 SM,3.0
9090.90909090909,132.0,5.0,0.0,1015 KV,7.0
6790.123456790124,81.0,2.0,1.0,1095 DJ,3.0
7978.723404255319,47.0,1.0,0.0,1073 BW,2.0
9210.526315789473,57.0,2.0,0.0,1054 VX,3.0
5084.745762711865,59.0,1.0,0.0,1034 MT,2.0
8653.846153846154,52.0,1.0,0.0,1057 BV,2.0
8839.285714285714,56.0,1.0,0.0,1053 GN,2.0
7565.789473684211,152.0,2.0,1.0,1043 EG,3.0
5931.14,50.0,1.0,1.0,1032 KW,2.0
7900.0,50.0,1.0,1.0,1062 HE,2.0
7559.523809523809,84.0,3.0,0.0,1078 JE,4.0
9339.622641509433,53.0,2.0,0.0,1052 KG,3.0
7830.188679245283,53.0,1.0,0.0,1093 CN,2.0
8880.597014925374,67.0,1.0,1.0,1031 KN,2.0
6901.408450704225,71.0,2.0,0.0,1102 AK,3.0
6818.181818181818,110.0,3.0,0.0,1056 GD,4.0
5115.384615384615,78.0,2.0,1.0,1068 PJ,4.0
4426.229508196721,61.0,2.0,1.0,1069 EE,3.0
5859.375,64.0,2.0,0.0,1021 BV,3.0
6779.661016949152,59.0,2.0,0.0,1055 LA,5.0
7094.594594594595,74.0,2.0,0.0,1052 SH,3.0
9174.311926605504,109.0,3.0,0.0,1053 BE,5.0
10312.5,48.0,1.0,1.0,1083 HH,1.0
8838.38383838384,99.0,2.0,1.0,1082 MK,3.0
7662.650602409639,83.0,2.0,0.0,1064 AB,3.0
5052.083333333333,96.0,2.0,1.0,1069 SZ,3.0
10416.666666666666,312.0,3.0,0.0,1017 HA,6.0
7222.222222222223,45.0,1.0,1.0,1064 EB,2.0
9375.0,48.0,1.0,1.0,1014 ZB,2.0
10394.736842105263,38.0,1.0,0.0,1072 HP,2.0
9146.341463414634,41.0,1.0,0.0,1051 VB,2.0
8061.538461538462,65.0,2.0,0.0,1064 AB,3.0
7782.608695652174,115.0,3.0,1.5,1059 EN,4.0
16216.216216216217,111.0,1.0,1.0,1071 GM,3.0
4052.6315789473683,95.0,2.0,1.0,1063 PW,3.0
9553.57142857143,56.0,1.0,0.0,1058 JJ,2.0
6818.181818181818,77.0,2.0,1.0,1018 ZW,3.0
9756.09756097561,41.0,2.0,0.0,1051 BZ,4.0
8394.475,40.0,1.0,0.0,1064 AB,2.0
8910.25641025641,78.0,3.0,0.0,1057 AN,5.0
5769.2307692307695,52.0,1.0,0.0,1103 LA,2.0
5735.632183908046,87.0,2.0,1.0,1087 DP,3.0
8888.888888888889,72.0,2.0,0.0,1051 NA,3.0
8333.333333333334,72.0,2.0,0.0,1097 CV,3.0
8365.758754863813,257.0,6.0,0.0,1077 BR,9.0
10585.106382978724,94.0,2.0,0.0,1072 JD,3.0
7653.061224489796,49.0,1.0,0.0,1095 DK,2.0
5937.5,80.0,2.0,0.0,1087 KP,3.0
10897.435897435897,39.0,1.0,0.0,1072 SN,2.0
8486.842105263158,76.0,3.0,0.0,1078 KZ,4.0
9097.222222222223,72.0,1.0,1.0,1011 DG,2.0
11279.06976744186,43.0,1.0,0.0,1016 PN,2.0
9139.78494623656,93.0,3.0,0.0,1059 VV,4.0
9042.553191489362,47.0,1.0,0.0,1053 TN,2.0
5000.0,90.0,2.0,1.0,1024 NB,4.0
7980.0,50.0,1.0,1.0,1062 HE,2.0
6982.758620689655,58.0,2.0,0.0,1024 KV,3.0
10465.116279069767,43.0,2.0,0.0,1016 SG,3.0
6245.689655172414,87.0,3.0,1.0,1101 DA,4.0
7965.116279069767,86.0,3.0,0.0,1056 GB,4.0
9605.263157894737,38.0,1.0,0.0,1018 PW,2.0
9482.758620689656,58.0,1.0,0.0,1054 DA,3.0
6531.553398058252,103.0,2.0,1.0,1101 DA,3.0
8928.57142857143,70.0,2.0,0.0,1053 NE,4.0
6556.679611650486,103.0,2.0,1.0,1101 DA,3.0
7819.905213270142,211.0,3.0,1.0,1082 MC,4.0
7209.302325581395,172.0,3.0,1.0,1061 AV,4.0
6490.384615384615,104.0,3.0,1.0,1019 GD,4.0
10465.116279069767,43.0,1.0,0.0,1076 XT,2.0
4482.758620689655,58.0,1.0,0.0,1107 EB,2.0
9285.714285714286,70.0,1.0,0.0,1011 EJ,3.0
10270.27027027027,74.0,1.0,1.0,1096 GS,3.0
8231.707317073171,82.0,2.0,0.0,1097 BR,3.0
9705.882352941177,51.0,1.0,0.0,1016 PC,2.0
9027.777777777777,72.0,2.0,0.0,1052 KK,3.0
3532.608695652174,92.0,3.0,0.0,1107 AM,4.0
8783.783783783783,74.0,2.0,0.0,1095 JK,3.0
8490.566037735849,53.0,2.0,0.0,1057 BJ,3.0
7718.446601941748,103.0,3.0,0.0,1055 WK,4.0
5813.953488372093,43.0,1.0,0.0,1104 MP,2.0
4934.210526315789,76.0,3.0,0.0,1025 BK,4.0
6250.0,72.0,2.0,0.0,1064 PB,3.0
10583.333333333334,60.0,1.0,1.0,1096 AM,2.0
9555.555555555555,45.0,1.0,0.0,1018 CA,2.0
8898.305084745763,59.0,2.0,0.0,1015 PR,3.0
8962.264150943396,106.0,3.0,1.0,1017 RM,4.0
9141.193548387097,31.0,1.0,1.0,1095 PA,2.0
9731.707317073171,41.0,1.0,0.0,1054 LA,2.0
10714.285714285714,35.0,1.0,0.0,1053 XE,2.0
5357.142857142857,70.0,1.0,1.0,1069 RL,2.0
6343.2835820895525,67.0,2.0,0.0,1025 WV,3.0
7186.440677966101,59.0,1.0,1.0,1101 BA,2.0
8584.33734939759,83.0,2.0,0.0,1096 DS,3.0
5661.764705882353,68.0,3.0,0.0,1063 ZK,4.0
7236.8421052631575,76.0,2.0,0.0,1055 TP,4.0
8423.076923076924,130.0,3.0,0.0,1018 GS,4.0
8394.475,40.0,1.0,0.0,1064 AB,2.0
8333.333333333334,60.0,3.0,0.0,1073 AM,4.0
8555.555555555555,45.0,2.0,0.0,1053 GG,3.0
5746.268656716418,67.0,1.0,1.0,1086 VJ,2.0
6451.388888888889,72.0,2.0,1.0,1101 DA,3.0
8818.181818181818,55.0,1.0,0.0,1055 PT,2.0
9071.42857142857,70.0,1.0,0.0,1096 DE,2.0
6006.7114093959735,149.0,4.0,0.0,1095 MB,7.0
9750.0,40.0,1.0,0.0,1051 ND,2.0
8961.038961038961,77.0,3.0,0.0,1073 TP,4.0
10130.434782608696,23.0,1.0,0.0,1083 CN,1.0
7105.263157894737,133.0,3.0,0.0,1078 KP,5.0
10600.0,75.0,2.0,1.0,1096 GN,3.0
8695.652173913044,69.0,2.0,0.0,1011 NK,3.0
6802.325581395349,86.0,3.0,1.0,1082 JN,4.0
6595.505617977528,89.0,2.0,1.0,1101 DA,3.0
10112.359550561798,178.0,3.0,1.0,1013 BD,4.0
6779.661016949152,59.0,1.0,1.0,1058 EN,2.0
4857.142857142857,70.0,2.0,0.0,1106 XP,3.0
7638.888888888889,72.0,2.0,0.0,1098 AH,3.0
7035.704545454545,44.0,1.0,1.0,1032 KW,2.0
6279.069767441861,43.0,1.0,0.0,1104 MP,2.0
6000.0,50.0,1.0,1.0,1102 SR,2.0
4994.444444444444,90.0,2.0,1.0,1067 MT,3.0
9270.833333333334,96.0,2.0,0.0,1054 VK,4.0
6759.714285714285,42.0,1.0,1.0,1032 KW,2.0
4767.857142857143,98.0,3.0,1.0,1103 AM,4.0
6089.74358974359,78.0,2.0,1.0,1083 VA,3.0
4340.659340659341,91.0,2.0,0.0,1069 DA,3.0
8333.333333333334,120.0,2.0,1.0,1015 GJ,3.0
7638.888888888889,72.0,1.0,0.0,1052 NK,2.0
7432.4324324324325,74.0,2.0,0.0,1091 AA,4.0
9162.790697674418,43.0,1.0,1.0,1032 KW,2.0
5696.202531645569,79.0,3.0,0.0,1083 TR,4.0
9593.023255813954,86.0,2.0,1.0,1096 AM,3.0
5849.056603773585,53.0,1.0,0.0,1063 BP,2.0
7796.875,64.0,1.0,0.0,1011 TJ,3.0
8863.636363636364,77.0,2.0,0.0,1096 DS,3.0
8522.727272727272,176.0,3.0,0.0,1101 DA,4.0
7777.777777777777,90.0,2.0,0.0,1061 AV,3.0
5468.75,160.0,6.0,0.0,1015 AN,7.0
6944.444444444444,108.0,2.0,1.0,1019 HH,3.0
9482.758620689656,58.0,1.0,0.0,1017 TB,2.0
6759.259259259259,54.0,1.0,0.0,1064 EK,2.0
6982.758620689655,58.0,2.0,0.0,1024 KV,3.0
9154.929577464789,71.0,1.0,0.0,1071 RA,2.0
10000.0,74.0,2.0,0.0,1018 CA,3.0
4695.542372881356,59.0,2.0,1.0,1032 KW,3.0
8204.268292682927,82.0,2.0,1.0,1101 DA,3.0
6397.8494623655915,93.0,2.0,1.0,1101 DA,3.0
7173.913043478261,46.0,1.0,1.0,1087 BC,1.0
7232.142857142857,56.0,2.0,0.0,1024 KV,3.0
10147.058823529413,34.0,1.0,1.0,1032 KW,2.0
9191.176470588236,68.0,2.0,0.0,1072 NS,3.0
9347.826086956522,46.0,2.0,0.0,1052 LM,3.0
5963.302752293578,109.0,2.0,1.0,1019 DS,3.0
9134.615384615385,52.0,2.0,0.0,1057 ZK,3.0
8783.783783783783,37.0,1.0,0.0,1094 RX,2.0
8940.298507462687,67.0,2.0,0.0,1071 VG,3.0
6967.213114754099,122.0,5.0,0.0,1056 GP,6.0
10294.117647058823,51.0,2.0,0.0,1072 TC,3.0
8961.538461538461,78.0,2.0,0.0,1053 LS,3.0
9756.09756097561,82.0,2.0,0.0,1075 TA,3.0
9166.666666666666,54.0,1.0,0.0,1059 XM,2.0
9197.368421052632,76.0,2.0,0.0,1072 TV,3.0
9125.0,40.0,1.0,0.0,1092 EA,2.0
6410.25641025641,117.0,2.0,0.0,1058 BC,5.0
10555.555555555555,27.0,1.0,0.0,1094 TV,2.0
6388.888888888889,54.0,1.0,1.0,1102 SG,1.0
7321.428571428572,56.0,2.0,0.0,1055 BA,3.0
6197.183098591549,71.0,1.0,0.0,1055 KZ,3.0
7758.620689655172,58.0,2.0,0.0,1057 CW,3.0
7900.0,50.0,1.0,1.0,1062 HE,2.0
4508.196721311476,61.0,2.0,0.0,1069 EH,3.0
10714.285714285714,28.0,1.0,0.0,1017 TG,1.0
8676.470588235294,34.0,1.0,0.0,1083 EJ,2.0
6333.333333333333,30.0,1.0,0.0,1102 TL,1.0
5998.295454545455,88.0,2.0,1.0,1101 DA,3.0
8969.23076923077,65.0,1.0,0.0,1095 AM,2.0
8088.235294117647,136.0,2.0,0.0,1017 GN,3.0
9150.943396226416,53.0,1.0,0.0,1053 TX,2.0
11305.418719211822,203.0,2.0,0.0,1054 ES,4.0
9166.666666666666,60.0,1.0,0.0,1054 BB,2.0
9000.0,50.0,2.0,0.0,1057 SX,3.0
10344.827586206897,58.0,1.0,0.0,1091 ER,2.0
8333.333333333334,45.0,1.0,1.0,1061 XZ,2.0
5172.413793103448,58.0,1.0,1.0,1025 ZL,2.0
8798.701298701299,77.0,2.0,0.0,1096 DS,3.0
9222.222222222223,45.0,2.0,0.0,1094 AX,3.0
8064.5161290322585,93.0,2.0,0.0,1078 MS,3.0
8722.222222222223,63.0,1.0,0.0,1058 AD,1.0
7162.1621621621625,74.0,2.0,1.0,1062 HE,3.0
9725.609756097561,164.0,3.0,1.0,1017 VZ,5.0
7783.1325301204815,83.0,2.0,0.0,1064 AB,3.0
10416.666666666666,60.0,1.0,1.0,1096 AM,2.0
8125.0,80.0,2.0,0.0,1071 WS,4.0
6495.327102803738,107.0,4.0,0.0,1079 NN,6.0
3876.4044943820227,89.0,2.0,0.0,1108 DJ,3.0
9221.311475409837,122.0,3.0,0.0,1017 GL,4.0
10169.49152542373,118.0,3.0,2.0,1077 TB,4.0
8839.285714285714,56.0,3.0,0.0,1079 WR,4.0
8879.310344827587,58.0,2.0,0.0,1012 VT,3.0
9558.823529411764,68.0,2.0,0.0,1058 ST,3.0
9259.25925925926,54.0,1.0,0.0,1015 LK,2.0
9669.117647058823,136.0,3.0,0.0,1018 CA,4.0
8510.63829787234,47.0,2.0,0.0,1094 GK,3.0
9141.193548387097,31.0,1.0,1.0,1095 PA,2.0
9391.891891891892,74.0,2.0,0.0,1012 NC,3.0
7700.0,50.0,1.0,1.0,1062 HE,2.0
8153.846153846154,65.0,2.0,0.0,1064 AB,3.0
8836.28947368421,38.0,1.0,0.0,1064 AB,2.0
5985.915492957746,71.0,1.0,0.0,1082 NM,2.0
6185.567010309278,97.0,2.0,1.0,1083 DB,3.0
12000.0,55.0,2.0,0.0,1015 SN,3.0
9051.724137931034,58.0,1.0,1.0,1013 LM,2.0
6388.888888888889,54.0,1.0,1.0,1102 SG,1.0
3989.89898989899,99.0,4.0,1.0,1069 EV,4.0
8257.575757575758,66.0,1.0,0.0,1018 CA,2.0
7075.471698113208,53.0,2.0,0.0,1056 TA,3.0
7170.542635658915,129.0,4.0,0.0,1098 RK,5.0
9305.555555555555,36.0,1.0,0.0,1051 JT,1.0
7700.0,50.0,1.0,1.0,1062 HE,2.0
11474.358974358975,156.0,3.0,0.0,1071 HE,6.0
10088.235294117647,34.0,1.0,0.0,1072 SN,2.0
7254.545454545455,275.0,4.0,0.0,1075 HL,7.0
5823.529411764706,85.0,2.0,1.0,1066 GE,3.0
6982.758620689655,58.0,2.0,0.0,1024 KV,3.0
8928.57142857143,56.0,2.0,0.0,1057 AH,3.0
7291.666666666667,72.0,2.0,1.0,1018 WA,3.0
7103.825136612022,183.0,4.0,0.0,1072 AE,6.0
6991.525423728814,59.0,1.0,0.0,1102 AK,2.0
8058.823529411765,85.0,2.0,0.0,1093 RS,3.0
8394.475,40.0,1.0,0.0,1064 AB,2.0
8469.387755102041,49.0,2.0,0.0,1013 SV,3.0
9239.130434782608,92.0,2.0,0.0,1018 TS,3.0
12000.0,25.0,1.0,1.0,1013 MD,2.0
11986.301369863013,146.0,2.0,1.0,1079 RH,3.0
8064.5161290322585,62.0,2.0,0.0,1053 PG,3.0
8394.475,40.0,1.0,0.0,1064 AB,2.0
10636.363636363636,55.0,1.0,0.0,1072 AN,2.0
8461.538461538461,78.0,2.0,0.0,1096 DS,3.0
8020.833333333333,48.0,1.0,0.0,1056 NS,2.0
7661.290322580645,62.0,1.0,0.0,1082 XT,2.0
7456.140350877193,57.0,1.0,0.0,1057 CX,2.0
7500.0,62.0,1.0,0.0,1064 AB,2.0
8979.591836734693,49.0,2.0,0.0,1055 TS,3.0
12142.857142857143,70.0,2.0,0.0,1016 HN,3.0
4118.556701030928,97.0,3.0,1.0,1102 AV,4.0
8823.529411764706,51.0,2.0,0.0,1058 AB,4.0
8975.0,200.0,4.0,0.0,1071 ED,6.0
9959.349593495936,123.0,4.0,0.0,1079 DM,7.0
12441.860465116279,43.0,2.0,0.0,1015 RL,3.0
8888.888888888889,36.0,1.0,0.0,1018 EC,2.0
11867.469879518072,83.0,2.0,0.0,1075 CA,5.0
9141.193548387097,31.0,1.0,1.0,1095 PA,2.0
7142.857142857143,91.0,3.0,0.0,1056 CK,4.0
9500.0,50.0,1.0,0.0,1018 CA,2.0
10321.42857142857,28.0,1.0,0.0,1096 GJ,1.0
6950.207468879668,241.0,4.0,0.0,1074 CZ,8.0
9195.402298850575,87.0,2.0,0.0,1072 VP,3.0
9349.59349593496,123.0,3.0,0.0,1018 CA,4.0
8229.166666666666,48.0,1.0,0.0,1055 WN,2.0
9212.962962962964,108.0,3.0,1.0,1096 AM,4.0
6779.661016949152,59.0,1.0,1.0,1058 EE,2.0
9900.0,50.0,1.0,1.0,1083 HH,2.0
8536.585365853658,41.0,1.0,0.0,1019 CL,2.0
9209.302325581395,86.0,3.0,0.0,1095 AM,4.0
9129.032258064517,93.0,2.0,1.0,1091 GW,4.0
12500.0,92.0,2.0,0.0,1071 XJ,3.0
7043.478260869565,69.0,2.0,1.0,1101 BA,3.0
6076.923076923077,65.0,2.0,0.0,1024 TK,3.0
12215.189873417721,79.0,2.0,1.0,1031 HX,3.0
9120.37037037037,108.0,3.0,1.0,1096 AM,4.0
7812.5,96.0,3.0,1.0,1051 NV,4.0
11250.0,40.0,1.0,0.0,1016 KP,2.0
22000.0,400.0,3.0,4.5,1071 JV,9.0
8445.945945945947,148.0,3.0,2.0,1012 WP,4.0
8482.142857142857,56.0,2.0,0.0,1056 WV,3.0
7089.55223880597,67.0,2.0,0.0,1082 TH,3.0
8861.386138613861,101.0,3.0,1.0,1014 ZB,4.0
5866.666666666667,75.0,3.0,0.0,1065 SV,4.0
8700.0,50.0,1.0,1.0,1011 VJ,2.0
7303.921568627451,102.0,3.0,0.0,1077 CW,5.0
8000.0,50.0,1.0,1.0,1095 MD,2.0
7622.950819672131,61.0,2.0,0.0,1055 VL,3.0
10740.74074074074,54.0,2.0,0.0,1073 RK,4.0
21373.390557939914,233.0,3.0,2.5,1075 AJ,4.0
8189.6551724137935,58.0,1.0,0.0,1053 ZT,2.0
4320.9876543209875,81.0,3.0,0.0,1104 MP,4.0
11785.714285714286,28.0,1.0,0.0,1015 ND,2.0
8333.333333333334,69.0,1.0,1.0,1043 EV,2.0
10000.0,38.0,1.0,0.0,1074 AE,2.0
8928.57142857143,112.0,2.0,1.0,1082 MS,3.0
9770.114942528735,87.0,2.0,1.0,1096 AM,3.0
10000.0,50.0,2.0,0.0,1073 GP,3.0
5000.0,69.0,2.0,0.0,1107 AD,3.0
9523.809523809523,21.0,1.0,1.0,1083 CN,1.0
6443.661971830986,71.0,2.0,0.0,1102 AK,3.0
9375.0,48.0,1.0,0.0,1073 AE,2.0
6606.922330097087,103.0,3.0,1.0,1101 DA,4.0
9519.23076923077,52.0,2.0,1.0,1052 HV,3.0
9285.714285714286,70.0,3.0,0.0,1075 XM,4.0
10000.0,135.0,4.0,0.0,1091 CV,6.0
4462.686567164179,67.0,2.0,1.0,1068 LT,3.0
7017.543859649123,57.0,2.0,0.0,1055 ET,3.0
8518.292682926829,82.0,2.0,1.0,1032 KL,3.0
9183.673469387755,49.0,2.0,0.0,1057 RC,3.0
8719.520547945205,73.0,3.0,1.0,1101 DA,4.0
8064.5161290322585,93.0,2.0,1.0,1093 KP,3.0
8620.689655172413,58.0,1.0,0.0,1058 XL,2.0
7615.384615384615,65.0,2.0,0.0,1056 AZ,3.0
8189.6551724137935,116.0,3.0,0.0,1079 TG,4.0
7994.738095238095,42.0,1.0,0.0,1064 AB,2.0
7727.272727272727,55.0,1.0,0.0,1091 DH,2.0
11612.021857923497,366.0,7.0,1.0,1011 JN,11.0
8909.09090909091,55.0,2.0,0.0,1058 BS,3.0
9687.5,64.0,1.0,0.0,1018 LG,2.0
8500.0,100.0,3.0,1.0,1055 ML,4.0
7482.142857142857,56.0,1.0,1.0,1101 BA,2.0
9583.333333333334,60.0,2.0,0.0,1058 TA,3.0
8513.513513513513,111.0,3.0,1.0,1061 AV,4.0
11046.511627906977,86.0,2.0,0.0,1071 CV,3.0
6716.417910447762,67.0,2.0,0.0,1055 EE,3.0
5180.18018018018,111.0,2.0,1.0,1024 LW,3.0
4700.854700854701,117.0,2.0,0.0,1069 CL,3.0
8278.14569536424,151.0,4.0,0.0,1077 RM,6.0
8695.652173913044,46.0,1.0,0.0,1073 XA,2.0
5150.862068965517,232.0,2.0,1.0,1019 AJ,6.0
6871.3450292397665,171.0,6.0,0.0,1012 ER,8.0
7037.037037037037,108.0,4.0,0.0,1056 DM,5.0
8253.012048192772,83.0,2.0,1.0,1061 AV,3.0
9152.542372881357,59.0,1.0,0.0,1096 DS,2.0
6609.19540229885,87.0,3.0,1.0,1062 KG,4.0
10394.736842105263,380.0,4.0,0.0,1017 GM,7.0
6830.985915492958,71.0,2.0,1.0,1101 DA,3.0
4756.09756097561,123.0,3.0,0.0,1069 RT,4.0
9276.315789473685,76.0,2.0,0.0,1018 CA,3.0
9574.468085106382,47.0,1.0,0.0,1053 NP,2.0
4942.528735632184,87.0,2.0,0.0,1060 TX,3.0
8738.317757009347,107.0,2.0,1.0,1016 HV,4.0
9139.78494623656,93.0,3.0,1.0,1016 CR,4.0
8416.666666666666,60.0,2.0,0.0,1094 CG,3.0
7994.738095238095,42.0,1.0,0.0,1064 AB,2.0
9259.25925925926,54.0,2.0,0.0,1056 PN,3.0
5833.333333333333,60.0,1.0,1.0,1060 TW,2.0
8503.184713375796,157.0,2.0,1.0,1082 MS,3.0
6338.028169014085,71.0,2.0,0.0,1055 GT,3.0
8571.42857142857,70.0,2.0,0.0,1091 XT,3.0
6604.938271604939,81.0,2.0,1.0,1101 DA,3.0
9445.9,30.0,1.0,1.0,1095 PA,2.0
15892.857142857143,112.0,2.0,2.0,1075 BV,3.0
6460.6741573033705,89.0,2.0,1.0,1101 DA,3.0
7758.620689655172,116.0,3.0,0.0,1011 JL,5.0
19693.251533742332,326.0,4.0,2.0,1075 AV,8.0
9568.345323741007,139.0,3.0,1.0,1096 AM,5.0
9428.57142857143,105.0,3.0,1.0,1096 AM,4.0
7042.2535211267605,71.0,2.0,0.0,1055 GR,3.0
9848.484848484848,33.0,1.0,1.0,1082 GV,2.0
7446.808510638298,47.0,1.0,0.0,1052 LK,2.0
6411.290322580645,124.0,3.0,1.0,1055 AD,4.0
7500.0,64.0,2.0,0.0,1064 AB,3.0
5468.75,96.0,2.0,1.0,1062 DJ,3.0
9358.97435897436,39.0,1.0,0.0,1018 CA,1.0
9090.90909090909,44.0,1.0,0.0,1051 TV,2.0
8870.967741935483,93.0,3.0,0.0,1078 KN,4.0
6746.987951807229,83.0,3.0,0.0,1013 VV,4.0
7398.648648648648,148.0,4.0,1.0,1058 GB,5.0
8024.691358024691,81.0,3.0,0.0,1057 XD,4.0
6364.583333333333,96.0,2.0,1.0,1102 SG,3.0
6392.405063291139,79.0,2.0,1.0,1101 DA,3.0
6478.87323943662,71.0,2.0,0.0,1102 AK,3.0
9076.923076923076,65.0,2.0,0.0,1073 GC,3.0
6849.315068493151,73.0,2.0,0.0,1092 BD,3.0
3723.404255319149,94.0,2.0,1.0,1011 NA,3.0
8050.847457627118,59.0,2.0,0.0,1094 XH,3.0
8474.57627118644,59.0,2.0,0.0,1015 XP,3.0
7926.829268292683,41.0,1.0,0.0,1033 LE,2.0
9426.22950819672,61.0,2.0,0.0,1018 XV,2.0
9335.9375,128.0,2.0,0.0,1018 XV,3.0
8593.75,64.0,2.0,0.0,1072 RS,3.0
8793.103448275862,87.0,2.0,0.0,1057 WG,3.0
6875.0,80.0,2.0,0.0,1095 AV,3.0
6785.714285714285,70.0,2.0,1.0,1069 RR,3.0
6408.450704225352,71.0,2.0,0.0,1102 AK,3.0
9133.333333333334,75.0,1.0,1.0,1017 DT,2.0
9476.190476190477,105.0,2.0,0.0,1015 RR,3.0
9057.971014492754,69.0,2.0,0.0,1057 BJ,3.0
9125.0,40.0,1.0,0.0,1082 CE,2.0
7800.0,50.0,1.0,1.0,1062 HE,2.0
8000.0,50.0,1.0,1.0,1043 EV,3.0
8035.714285714285,56.0,2.0,0.0,1056 JV,3.0
8214.285714285714,70.0,2.0,0.0,1078 CJ,3.0
9432.432432432432,37.0,1.0,0.0,1012 JG,2.0
7352.941176470588,34.0,1.0,1.0,1055 RD,1.0
7897.727272727273,88.0,2.0,0.0,1076 DK,4.0
9166.666666666666,120.0,2.0,0.0,1054 GE,3.0
9574.468085106382,47.0,1.0,0.0,1091 SH,2.0
9444.444444444445,45.0,1.0,0.0,1018 WT,3.0
4025.423728813559,118.0,3.0,1.0,1068 WX,5.0
4870.12987012987,77.0,2.0,1.0,1033 AH,3.0
4642.857142857143,70.0,2.0,0.0,1107 RC,3.0
6350.0,80.0,2.0,1.0,1101 DA,3.0
6918.238993710692,159.0,4.0,0.0,1043 CP,4.0
15602.094240837696,191.0,4.0,1.5,1016 BT,5.0
3694.0298507462685,134.0,4.0,0.0,1106 BD,5.0
8333.333333333334,108.0,2.0,1.0,1031 KV,3.0
7900.0,50.0,1.0,1.0,1062 HE,2.0
7357.142857142857,70.0,2.0,0.0,1064 AB,3.0
4961.832061068702,131.0,4.0,0.0,1069 HN,5.0
4687.5,80.0,2.0,0.0,1069 GZ,3.0
7638.888888888889,72.0,2.0,0.0,1093 TR,3.0
8500.0,50.0,1.0,0.0,1051 GX,2.0
11693.548387096775,62.0,2.0,0.0,1018 HE,3.0
7734.375,64.0,2.0,0.0,1064 AB,3.0
6603.773584905661,106.0,3.0,2.0,1011 MJ,4.0
13068.181818181818,44.0,1.0,0.0,1016 PT,2.0
7528.301886792453,53.0,1.0,0.0,1094 GH,3.0
8777.777777777777,45.0,1.0,0.0,1052 BE,2.0
8020.833333333333,48.0,2.0,0.0,1055 NS,3.0
7812.5,64.0,1.0,0.0,1058 CN,3.0
10194.805194805194,77.0,2.0,1.0,1096 AM,3.0
9767.441860465116,43.0,1.0,0.0,1018 NB,2.0
6696.428571428572,56.0,2.0,0.0,1066 ML,3.0
11204.081632653062,49.0,1.0,1.0,1012 RS,2.0
9565.217391304348,69.0,1.0,0.0,1018 CA,2.0
8880.597014925374,67.0,1.0,1.0,1031 KN,2.0
7619.047619047619,105.0,3.0,0.0,1056 WG,4.0
11363.636363636364,44.0,1.0,0.0,1076 XN,2.0
8018.867924528302,159.0,4.0,0.0,1031 JK,6.0
6666.666666666667,75.0,2.0,0.0,1091 HL,3.0
9375.0,48.0,1.0,0.0,1018 CA,2.0
6612.903225806452,62.0,1.0,0.0,1102 AK,2.0
8766.233766233767,77.0,2.0,0.0,1076 DK,3.0
8729.166666666666,48.0,1.0,0.0,1056 KA,2.0
4848.484848484848,66.0,2.0,0.0,1068 ZJ,3.0
8403.361344537816,119.0,3.0,0.0,1077 SJ,5.0
7450.0,100.0,4.0,0.0,1091 XD,5.0
7194.237410071943,139.0,2.0,1.0,1016 EN,4.0
10000.0,133.0,3.0,1.0,1095 AM,4.0
7222.222222222223,90.0,2.0,1.0,1094 NV,3.0
4591.836734693878,98.0,3.0,1.0,1025 SN,4.0
6617.283950617284,81.0,2.0,1.0,1101 DA,3.0
7391.304347826087,69.0,2.0,0.0,1064 AB,3.0
7746.478873239436,71.0,2.0,0.0,1013 RW,3.0
9444.444444444445,45.0,1.0,0.0,1054 WB,2.0
5769.2307692307695,52.0,1.0,0.0,1025 GE,2.0
15892.857142857143,112.0,2.0,2.0,1075 BV,3.0
7753.623188405797,69.0,2.0,0.0,1098 TV,3.0
5357.142857142857,56.0,1.0,0.0,1102 XK,2.0
9405.940594059406,101.0,2.0,0.0,1072 XA,3.0
7876.712328767123,73.0,4.0,0.0,1057 HV,5.0
8325.0,60.0,2.0,0.0,1056 XJ,3.0
7675.438596491228,114.0,3.0,0.0,1079 JB,4.0
8864.864864864865,74.0,2.0,1.0,1095 AM,3.0
7565.789473684211,76.0,2.0,1.0,1018 TW,3.0
8620.689655172413,58.0,2.0,0.0,1058 KM,3.0
9491.525423728814,59.0,1.0,1.0,1031 HX,2.0
7674.418604651163,43.0,1.0,0.0,1074 XM,2.0
6531.553398058252,103.0,2.0,1.0,1101 DA,3.0
5081.9672131147545,61.0,2.0,0.0,1063 LH,3.0
9027.777777777777,36.0,1.0,0.0,1091 JL,2.0
4686.746987951808,83.0,2.0,0.0,1103 SH,3.0
9505.494505494506,91.0,2.0,1.0,1031 KN,3.0
5142.857142857143,70.0,2.0,0.0,1069 NK,3.0
6397.058823529412,68.0,1.0,1.0,1082 KJ,2.0
9052.631578947368,76.0,2.0,1.0,1095 AM,3.0
9519.23076923077,52.0,2.0,0.0,1056 JN,3.0
8824.324324324325,74.0,2.0,1.0,1095 AM,3.0
10530.30303030303,66.0,1.0,0.0,1096 GV,2.0
7880.434782608696,92.0,2.0,0.0,1056 SX,4.0
7871.287128712871,101.0,4.0,0.0,1051 TT,5.0
6170.212765957447,94.0,3.0,1.0,1066 AA,4.0
6989.247311827957,93.0,2.0,1.0,1055 AB,3.0
8321.42857142857,84.0,2.0,0.0,1078 MR,4.0
11766.666666666666,90.0,2.0,0.0,1017 VX,3.0
5572.289156626506,166.0,4.0,0.0,1073 AZ,12.0
7980.0,50.0,1.0,1.0,1062 HE,2.0
9445.9,30.0,1.0,1.0,1095 PA,2.0
9482.758620689656,58.0,1.0,0.0,1018 CA,2.0
8152.397260273972,73.0,3.0,1.0,1101 DA,4.0
8823.529411764706,68.0,1.0,0.0,1096 DE,2.0
5056.179775280899,89.0,2.0,0.0,1024 VS,3.0
6533.333333333333,75.0,3.0,0.0,1098 SR,5.0
4729.72972972973,74.0,3.0,0.0,1106 DK,4.0
6372.549019607844,51.0,1.0,0.0,1055 AT,2.0
9324.324324324325,74.0,2.0,0.0,1091 GT,3.0
8932.58426966292,89.0,2.0,1.0,1074 EC,3.0
7232.142857142857,56.0,2.0,0.0,1024 KV,3.0
6982.758620689655,58.0,2.0,0.0,1024 KV,3.0
9895.833333333334,48.0,1.0,0.0,1054 VP,2.0
7352.941176470588,34.0,1.0,0.0,1022 KK,2.0
9274.193548387097,62.0,1.0,1.0,1016 TA,3.0
7848.837209302325,86.0,2.0,1.0,1095 MP,3.0
8620.689655172413,58.0,2.0,0.0,1056 XH,3.0
5869.565217391304,92.0,2.0,1.0,1066 GJ,3.0
9137.931034482759,87.0,3.0,1.0,1031 KN,4.0
9693.877551020409,98.0,2.0,0.0,1012 JD,3.0
7669.642857142857,56.0,1.0,0.0,1101 BA,2.0
9330.708661417322,127.0,4.0,0.0,1053 SE,5.0
8241.758241758242,91.0,2.0,0.0,1051 VR,3.0
6556.603773584906,106.0,3.0,1.0,1082 JV,4.0
9134.615384615385,104.0,2.0,1.0,1082 ME,3.0
8181.818181818182,55.0,2.0,0.0,1076 LN,3.0
8511.363636363636,88.0,2.0,0.0,1051 GW,4.0
8965.51724137931,145.0,4.0,0.0,1078 JP,5.0
8729.72972972973,74.0,2.0,1.0,1095 AM,3.0
10416.666666666666,36.0,1.0,0.0,1072 VN,2.0
9411.764705882353,68.0,2.0,1.0,1031 KN,3.0
8673.91304347826,46.0,1.0,1.0,1011 LM,2.0
9141.193548387097,31.0,1.0,1.0,1095 PA,2.0
7173.913043478261,69.0,3.0,0.0,1091 NB,4.0
8100.0,50.0,1.0,0.0,1033 SM,3.0
6462.962962962963,108.0,3.0,2.0,1019 HZ,5.0
9132.65306122449,98.0,2.0,0.0,1015 SP,3.0
7281.553398058252,206.0,3.0,1.0,1078 HK,6.0
6982.758620689655,58.0,2.0,0.0,1024 KV,3.0
7065.217391304348,92.0,2.0,1.0,1043 EG,4.0
9916.666666666666,60.0,2.0,0.0,1018 PM,4.0
8750.0,112.0,3.0,1.0,1014 ZB,4.0
7352.941176470588,68.0,2.0,1.0,1062 HE,3.0
5479.45205479452,73.0,2.0,0.0,1102 MZ,3.0
5870.588235294118,85.0,3.0,0.0,1082 CW,4.0
7232.142857142857,56.0,2.0,0.0,1024 KV,3.0
6291.666666666667,96.0,2.0,1.0,1102 SG,3.0
3614.4578313253014,83.0,3.0,0.0,1107 JR,5.0
9500.0,50.0,1.0,0.0,1073 BR,2.0
5327.868852459016,122.0,3.0,0.0,1069 LK,4.0
8714.285714285714,70.0,2.0,0.0,1096 DS,3.0
5377.358490566037,53.0,1.0,1.0,1103 LS,2.0
6354.430379746836,79.0,2.0,1.0,1101 DA,3.0
7012.195121951219,82.0,3.0,0.0,1076 AT,4.0
5566.037735849057,53.0,1.0,0.0,1102 TT,2.0
7173.913043478261,69.0,3.0,0.0,1024 KV,4.0
7578.125,64.0,2.0,0.0,1052 RL,4.0
9500.0,50.0,2.0,0.0,1056 RD,3.0
7900.0,50.0,1.0,1.0,1062 HE,2.0
8041.044776119403,67.0,1.0,1.0,1061 AV,2.0
7500.0,66.0,3.0,0.0,1051 JR,4.0
5357.894736842105,95.0,2.0,1.0,1069 KD,3.0
8333.333333333334,54.0,1.0,0.0,1058 KJ,2.0
9659.09090909091,88.0,2.0,0.0,1016 GC,4.0
6927.710843373494,83.0,3.0,0.0,1055 RM,4.0
6859.154929577465,71.0,2.0,1.0,1101 DA,3.0
6483.870967741936,93.0,2.0,1.0,1101 DA,3.0
8653.846153846154,104.0,2.0,1.0,1031 KA,3.0
7734.939759036145,83.0,2.0,0.0,1064 AB,3.0
9805.194805194806,77.0,2.0,1.0,1096 AM,3.0
11458.333333333334,48.0,1.0,1.0,1096 AM,2.0
9677.41935483871,31.0,1.0,0.0,1015 VT,2.0
10783.132530120482,83.0,2.0,0.0,1017 ZT,3.0
9577.464788732394,71.0,2.0,0.0,1018 CA,3.0
14393.939393939394,33.0,1.0,0.0,1015 SN,2.0
4538.961038961039,77.0,2.0,0.0,1108 DK,3.0
8088.235294117647,68.0,2.0,0.0,1058 XH,4.0
5769.2307692307695,91.0,2.0,0.0,1102 AK,4.0
9444.444444444445,45.0,1.0,0.0,1012 EV,2.0
7142.857142857143,91.0,3.0,1.0,1055 AK,4.0
4754.098360655737,61.0,2.0,1.0,1069 TS,3.0
9430.894308943089,123.0,4.0,0.0,1077 RT,5.0
8866.666666666666,75.0,3.0,0.0,1091 BE,4.0
6226.415094339623,106.0,3.0,1.0,1025 WK,4.0
7293.577981651376,109.0,2.0,1.0,1019 VR,3.0
8609.71794871795,39.0,1.0,0.0,1064 AB,2.0
9652.777777777777,72.0,2.0,1.0,1053 GV,3.0
9146.341463414634,41.0,1.0,0.0,1013 LZ,2.0
9629.62962962963,27.0,1.0,0.0,1073 BR,2.0
9036.144578313253,83.0,2.0,0.0,1056 PN,3.0
7848.837209302325,86.0,2.0,0.0,1055 LS,3.0
3669.7247706422017,109.0,5.0,1.0,1104 TS,6.0
8910.714285714286,56.0,1.0,0.0,1011 LA,2.0
8904.109589041096,73.0,2.0,0.0,1054 JC,3.0
4875.0,120.0,3.0,1.0,1068 ZZ,4.0
5952.380952380952,147.0,3.0,0.0,1043 CP,5.0
7164.948453608247,97.0,3.0,0.0,1094 NW,4.0
4381.443298969072,97.0,2.0,1.0,1069 RE,3.0
7597.402597402597,77.0,2.0,0.0,1013 NN,3.0
8676.470588235294,68.0,2.0,1.0,1016 NX,3.0
5357.142857142857,84.0,2.0,0.0,1067 DZ,3.0
6982.758620689655,58.0,2.0,0.0,1024 KV,3.0
8018.867924528302,53.0,2.0,0.0,1073 HX,3.0
7456.896551724138,116.0,3.0,0.0,1077 KM,4.0
9420.289855072464,69.0,2.0,0.0,1018 CA,3.0
7727.272727272727,55.0,1.0,0.0,1075 TX,2.0
8163.265306122449,49.0,2.0,0.0,1055 DE,3.0
8854.166666666666,48.0,1.0,1.0,1019 XP,2.0
4345.238095238095,84.0,3.0,0.0,1107 GR,4.0
6062.992125984252,127.0,3.0,1.0,1025 WK,4.0
5422.5352112676055,71.0,2.0,0.0,1068 SH,3.0
9141.193548387097,31.0,1.0,1.0,1095 PA,2.0
8962.264150943396,106.0,4.0,0.0,1059 VP,5.0
9352.51798561151,139.0,3.0,1.0,1096 AM,5.0
7866.666666666667,75.0,2.0,0.0,1055 MA,4.0
10526.315789473685,38.0,1.0,0.0,1053 LK,2.0
7327.586206896552,174.0,3.0,1.0,1082 ME,4.0
8313.253012048193,83.0,2.0,0.0,1052 EZ,3.0
8090.909090909091,55.0,1.0,0.0,1078 CL,2.0
9493.67088607595,79.0,2.0,0.0,1018 CA,3.0
5129.87012987013,77.0,2.0,1.0,1064 AG,3.0
8676.470588235294,34.0,1.0,1.0,1083 EK,2.0
10531.91489361702,47.0,2.0,0.0,1054 WC,3.0
7612.612612612613,111.0,2.0,0.0,1013 BR,5.0
7267.441860465116,86.0,3.0,0.0,1073 RN,4.0
8461.538461538461,65.0,2.0,0.0,1053 TT,3.0
6802.816901408451,71.0,2.0,1.0,1101 DA,3.0
8500.0,50.0,2.0,0.0,1055 BG,3.0
7155.172413793103,58.0,2.0,0.0,1024 KV,3.0
10833.333333333334,60.0,1.0,1.0,1096 GV,1.0
8333.333333333334,51.0,1.0,0.0,1018 PZ,2.0
9920.63492063492,126.0,2.0,0.0,1015 CR,3.0
10135.135135135135,37.0,1.0,0.0,1051 KA,2.0
8730.15873015873,63.0,2.0,0.0,1079 GT,3.0
6293.103448275862,58.0,1.0,1.0,1087 VA,2.0
10119.047619047618,84.0,3.0,0.0,1017 HW,4.0
5277.777777777777,90.0,2.0,1.0,1068 GL,3.0
8529.91452991453,117.0,3.0,1.0,1095 AM,4.0
8524.096385542169,83.0,2.0,0.0,1096 DS,3.0
7660.25641025641,156.0,3.0,0.0,1052 CZ,4.0
8536.585365853658,82.0,2.0,0.0,1057 GE,3.0
5155.172413793103,58.0,2.0,0.0,1102 XH,3.0
7692.307692307692,65.0,1.0,0.0,1016 KD,2.0
8906.976744186046,129.0,3.0,1.0,1014 ZK,4.0
6263.1578947368425,95.0,2.0,0.0,1098 LK,3.0
10172.413793103447,29.0,1.0,0.0,1095 HC,1.0
10294.117647058823,34.0,1.0,0.0,1072 TV,2.0
8888.888888888889,45.0,1.0,0.0,1053 NT,2.0
5718.75,96.0,2.0,1.0,1069 LW,3.0
12025.316455696202,79.0,2.0,1.0,1031 HX,3.0
9313.725490196079,51.0,2.0,0.0,1057 PW,3.0
7236.8421052631575,38.0,1.0,1.0,1055 RD,1.0
6029.411764705882,102.0,3.0,1.0,1025 WK,4.0
8720.93023255814,258.0,5.0,2.5,1014 ZG,7.0
6753.086419753086,81.0,2.0,1.0,1101 DA,3.0
5639.097744360903,133.0,4.0,2.0,1087 LG,5.0
7352.941176470588,68.0,1.0,1.0,1052 KC,2.0
6369.426751592357,157.0,3.0,1.0,1086 VA,4.0
9487.179487179486,195.0,4.0,1.0,1054 BR,5.0
9069.767441860466,86.0,2.0,1.0,1031 KN,3.0
12548.387096774193,31.0,1.0,0.0,1052 AA,2.0
10344.827586206897,87.0,2.0,1.0,1016 NX,3.0
7500.0,64.0,2.0,0.0,1064 AB,3.0
7252.604166666667,96.0,2.0,1.0,1061 AV,3.0
8802.81690140845,142.0,3.0,0.0,1093 EG,4.0
5741.666666666667,120.0,3.0,1.0,1087 VH,4.0
8020.833333333333,48.0,1.0,0.0,1015 NR,2.0
6602.5641025641025,78.0,2.0,1.0,1025 WK,3.0
12875.0,120.0,3.0,0.0,1054 LX,4.0
9930.555555555555,72.0,2.0,0.0,1018 CA,3.0
8593.75,64.0,2.0,0.0,1056 BS,3.0
12841.530054644809,183.0,1.0,1.0,1071 CH,4.0
13580.246913580248,81.0,2.0,2.0,1074 BJ,3.0
4032.2580645161293,93.0,3.0,1.0,1108 HC,4.0
10333.333333333334,60.0,1.0,1.0,1096 AM,2.0
3838.3838383838383,99.0,3.0,1.0,1108 CC,4.0
10222.222222222223,45.0,1.0,0.0,1015 LB,2.0
9315.068493150686,73.0,2.0,0.0,1054 ZP,3.0
8860.46511627907,43.0,1.0,1.0,1032 KN,2.0
7876.712328767123,73.0,2.0,0.0,1055 KH,3.0
7608.695652173913,69.0,1.0,0.0,1052 HJ,2.0
7242.857142857143,70.0,2.0,0.0,1064 AB,3.0
7467.532467532467,77.0,2.0,0.0,1055 AJ,3.0
15282.051282051281,195.0,3.0,1.0,1075 BV,4.0
5536.8421052631575,95.0,4.0,0.0,1103 TC,5.0
10576.923076923076,52.0,2.0,0.0,1072 JW,3.0
8800.0,50.0,2.0,0.0,1079 EK,3.0
9239.130434782608,46.0,1.0,0.0,1091 AG,2.0
7954.545454545455,110.0,1.0,1.0,1016 DR,2.0
7800.0,50.0,1.0,1.0,1062 HE,2.0
6664.476190476191,42.0,1.0,1.0,1032 KW,2.0
9445.9,30.0,1.0,1.0,1095 PA,2.0
8316.666666666666,60.0,2.0,0.0,1094 EM,3.0
7833.333333333333,30.0,1.0,1.0,1055 AA,1.0
7812.5,64.0,1.0,0.0,1074 CT,2.0
6578.9473684210525,95.0,3.0,0.0,1098 EP,4.0
8500.0,70.0,2.0,0.0,1057 HP,4.0
4305.555555555556,72.0,2.0,0.0,1102 XX,3.0
8690.47619047619,42.0,1.0,0.0,1093 GB,2.0
9583.333333333334,60.0,1.0,1.0,1031 HX,2.0
7743.90243902439,82.0,2.0,0.0,1036 LH,3.0
8316.666666666666,60.0,2.0,0.0,1058 AB,3.0
6284.153005464481,183.0,5.0,0.0,1056 GS,7.0
7304.347826086957,69.0,2.0,0.0,1101 BA,3.0
4870.12987012987,77.0,2.0,1.0,1069 ZR,3.0
7983.870967741936,62.0,2.0,0.0,1098 AH,3.0
6310.3448275862065,87.0,2.0,1.0,1082 HP,3.0
10514.70588235294,204.0,4.0,0.0,1078 GB,6.0
8114.035087719299,114.0,3.0,0.0,1075 TG,4.0
7357.142857142857,70.0,2.0,0.0,1064 AB,3.0
9339.622641509433,53.0,2.0,0.0,1058 AX,3.0
9000.0,100.0,3.0,1.0,1014 ZB,4.0
9848.484848484848,33.0,1.0,1.0,1083 EL,2.0
8396.22641509434,53.0,2.0,0.0,1057 GM,3.0
9183.673469387755,49.0,2.0,0.0,1056 NR,3.0
9230.76923076923,39.0,1.0,0.0,1094 EH,2.0
6730.7692307692305,78.0,3.0,1.0,1082 VC,4.0
9660.194174757282,103.0,2.0,0.0,1051 JE,3.0
9920.63492063492,63.0,2.0,1.0,1053 WP,3.0
7950.0,100.0,3.0,1.0,1014 ZB,4.0
8287.037037037036,108.0,3.0,1.0,1061 AV,4.0
8829.787234042553,47.0,1.0,0.0,1095 AW,2.0
6315.789473684211,57.0,2.0,0.0,1063 CJ,3.0
8870.967741935483,62.0,2.0,0.0,1015 VC,3.0
8064.5161290322585,62.0,1.0,0.0,1072 HG,3.0
5263.1578947368425,76.0,2.0,0.0,1034 CE,3.0
8333.333333333334,69.0,2.0,0.0,1057 BK,4.0
8015.267175572519,131.0,4.0,1.0,1097 DG,5.0
5931.14,50.0,1.0,1.0,1032 KW,2.0
8811.764705882353,85.0,4.0,0.0,1054 CD,5.0
10643.564356435643,101.0,3.0,0.0,1054 EC,4.0
7808.219178082192,73.0,2.0,0.0,1018 ZT,3.0
8839.285714285714,56.0,2.0,0.0,1058 CA,3.0
7500.0,50.0,1.0,0.0,1021 CR,2.0
8181.818181818182,55.0,1.0,0.0,1015 CD,2.0
8468.208092485549,173.0,3.0,0.0,1016 TH,4.0
10078.125,64.0,2.0,0.0,1075 RH,3.0
4216.8674698795185,83.0,3.0,1.0,1069 DV,4.0
8849.056603773584,53.0,1.0,0.0,1072 SX,3.0
7222.222222222223,90.0,3.0,1.0,1078 TE,4.0
9027.777777777777,72.0,2.0,0.0,1053 VE,3.0
6770.114942528736,87.0,1.0,0.0,1012 TA,2.0
5654.761904761905,84.0,3.0,0.0,1094 TV,4.0
8157.894736842105,95.0,3.0,0.0,1055 DC,4.0
9714.285714285714,56.0,2.0,1.0,1073 GJ,3.0
9047.619047619048,42.0,1.0,0.0,1015 AT,2.0
8682.539682539682,63.0,1.0,0.0,1095 AM,2.0
10000.0,77.0,2.0,0.0,1018 CA,3.0
9292.035398230088,226.0,3.0,1.0,1016 AA,4.0
8854.166666666666,48.0,2.0,0.0,1056 JS,3.0
8256.880733944954,109.0,3.0,1.0,1014 ZG,4.0
9368.932038834952,103.0,2.0,0.0,1018 CA,3.0
4395.604395604396,91.0,3.0,0.0,1106 DM,4.0
8785.714285714286,70.0,2.0,1.0,1095 AM,3.0
8187.8493150684935,73.0,3.0,1.0,1101 DA,4.0
6859.154929577465,71.0,2.0,1.0,1101 DA,3.0
9962.962962962964,27.0,1.0,0.0,1094 CW,2.0
7608.695652173913,46.0,1.0,0.0,1095 AX,2.0
6603.773584905661,53.0,1.0,0.0,1093 GX,2.0
11415.52511415525,219.0,3.0,2.0,1054 ES,4.0
5792.682926829269,82.0,2.0,0.0,1068 PH,3.0
11076.95744680851,94.0,3.0,1.0,1013 SG,4.0
10350.877192982456,114.0,3.0,1.0,1031 HX,4.0
8189.6551724137935,116.0,3.0,0.0,1016 TL,4.0
8333.333333333334,48.0,1.0,0.0,1017 PW,2.0
8467.741935483871,62.0,1.0,0.0,1094 GL,2.0
7826.086956521739,46.0,1.0,1.0,1096 BN,2.0
9338.235294117647,68.0,2.0,0.0,1017 DW,4.0
8125.0,80.0,2.0,1.0,1018 BS,3.0
9926.470588235294,68.0,2.0,1.0,1011 KP,3.0
8062.015503875969,129.0,2.0,0.0,1014 ZK,3.0
7971.014492753623,69.0,1.0,0.0,1072 ND,3.0
9296.875,64.0,1.0,0.0,1033 NA,2.0
6187.5,80.0,2.0,1.0,1062 GE,3.0
4487.179487179487,78.0,3.0,0.0,1107 CE,4.0
7493.975903614458,83.0,2.0,0.0,1064 AB,3.0
10877.192982456141,114.0,3.0,1.0,1031 HX,4.0
9140.625,64.0,2.0,0.0,1018 AA,3.0
7772.020725388601,193.0,5.0,0.0,1077 EV,8.0
8977.272727272728,44.0,2.0,0.0,1051 EB,3.0
10692.307692307691,65.0,2.0,0.0,1016 CB,3.0
6581.796116504855,103.0,3.0,1.0,1101 DA,4.0
9464.285714285714,84.0,2.0,0.0,1091 AR,3.0
6569.343065693431,137.0,3.0,1.0,1082 KC,4.0
8362.068965517241,58.0,2.0,0.0,1057 XC,3.0
9821.42857142857,28.0,1.0,0.0,1096 GJ,1.0
9132.65306122449,98.0,3.0,0.0,1015 GC,5.0
8577.981651376147,109.0,3.0,1.0,1061 AV,4.0
7708.333333333333,168.0,2.0,0.0,1012 EZ,5.0
5468.75,64.0,2.0,1.0,1064 AE,3.0
6481.481481481482,54.0,1.0,0.0,1065 LX,2.0
9626.865671641792,134.0,4.0,0.0,1095 AM,5.0
9693.877551020409,49.0,1.0,1.5,1018 LG,2.0
7575.757575757576,66.0,1.0,0.0,1021 CW,2.0
8157.894736842105,57.0,1.0,0.0,1074 VN,2.0
7042.2535211267605,71.0,1.0,0.0,1052 JB,2.0
6982.758620689655,58.0,2.0,0.0,1024 KV,3.0
6756.756756756757,111.0,3.0,0.0,1097 ZA,4.0
5072.463768115942,69.0,2.0,1.0,1069 NC,3.0
8333.333333333334,48.0,2.0,0.0,1055 PH,3.0
8307.692307692309,65.0,2.0,0.0,1064 AB,3.0
7777.777777777777,72.0,2.0,1.0,1036 LA,3.0
4518.0722891566265,83.0,2.0,1.0,1024 AS,3.0
7142.857142857143,84.0,2.0,0.0,1091 CE,3.0
9596.153846153846,52.0,1.0,0.0,1072 HV,2.0
8280.254777070064,157.0,3.0,0.0,1052 CP,5.0
4929.577464788732,71.0,2.0,0.0,1102 ZW,3.0
8333.333333333334,108.0,3.0,1.0,1096 DS,6.0
11824.324324324325,37.0,1.0,0.0,1054 GE,2.0
5689.6551724137935,116.0,3.0,1.0,1082 GR,4.0
6969.69696969697,165.0,4.0,0.0,1077 KB,7.0
8653.333333333334,75.0,3.0,0.0,1056 VV,4.0
12142.857142857143,70.0,2.0,0.0,1017 DW,3.0
6562.5,160.0,2.0,0.0,1035 PW,4.0
9948.979591836734,49.0,1.0,0.0,1073 XA,2.0
9931.506849315068,73.0,1.0,0.0,1016 TA,2.0
9414.285714285714,35.0,1.0,1.0,1019 VS,1.0
8139.53488372093,43.0,1.0,1.0,1063 AG,2.0
8395.522388059702,134.0,2.0,1.0,1082 KT,3.0
4629.62962962963,81.0,3.0,0.0,1068 WL,4.0
8863.636363636364,66.0,2.0,0.0,1073 CR,3.0
7939.252336448598,107.0,1.0,0.0,1015 HB,2.0
11562.5,48.0,1.0,1.0,1096 AM,2.0
9788.732394366198,71.0,1.0,0.0,1016 HL,2.0
8380.281690140846,71.0,2.0,0.0,1015 JS,3.0
9235.29411764706,85.0,3.0,1.0,1031 KN,4.0
9278.350515463917,97.0,3.0,0.0,1053 BG,4.0
4487.179487179487,78.0,2.0,1.0,1068 JS,3.0
8673.469387755102,49.0,1.0,0.0,1092 XP,2.0
10467.741935483871,62.0,1.0,0.0,1015 AG,2.0
6132.075471698113,53.0,1.0,0.0,1102 VB,2.0
4848.484848484848,66.0,2.0,0.0,1068 LZ,3.0
7589.285714285715,112.0,4.0,0.0,1098 LS,6.0
7397.590361445783,83.0,2.0,0.0,1064 AB,3.0
8770.27027027027,74.0,2.0,1.0,1015 CW,3.0
6494.623655913979,93.0,2.0,1.0,1101 DA,3.0
6597.222222222223,72.0,2.0,0.0,1079 NV,3.0
7900.0,50.0,1.0,1.0,1062 HE,2.0
8500.0,50.0,1.0,0.0,1058 TX,2.0
10526.315789473685,114.0,3.0,1.0,1031 HX,4.0
8125.0,80.0,2.0,0.0,1056 XM,4.0
7718.446601941748,103.0,3.0,1.0,1032 KE,4.0
6990.0,100.0,2.0,1.0,1095 MD,3.0
8394.475,40.0,1.0,0.0,1064 AB,2.0
7647.058823529412,85.0,2.0,1.0,1011 LZ,3.0
7589.285714285715,56.0,1.0,0.0,1079 WL,2.0
8766.233766233767,77.0,2.0,0.0,1017 GH,3.0
7831.325301204819,83.0,2.0,0.0,1064 AB,3.0
8953.488372093023,43.0,1.0,0.0,1073 EL,2.0
7303.3707865168535,89.0,3.0,0.0,1091 ZE,4.0
8908.045977011494,87.0,3.0,1.0,1018 MR,4.0
9337.349397590362,83.0,2.0,0.0,1053 ZT,3.0
4687.5,80.0,3.0,0.0,1068 NJ,4.0
7894.736842105263,57.0,1.0,1.0,1068 TD,2.0
4958.870967741936,62.0,1.0,1.0,1103 AM,2.0
8029.19708029197,137.0,3.0,1.0,1013 BD,4.0
10714.285714285714,112.0,1.0,1.0,1015 CJ,2.0
8189.6551724137935,58.0,1.0,0.0,1056 DD,2.0
6603.773584905661,106.0,3.0,0.0,1098 JP,4.0
5273.4375,128.0,3.0,1.0,1024 ML,6.0
5681.818181818182,88.0,3.0,0.0,1095 GH,4.0
8333.333333333334,54.0,1.0,0.0,1056 XL,2.0
10000.0,45.0,2.0,0.0,1053 KT,3.0
7596.153846153846,52.0,2.0,0.0,1055 CK,3.0
13120.567375886525,141.0,3.0,0.0,1077 RP,5.0
8888.888888888889,45.0,1.0,0.0,1072 JG,2.0
5000.0,80.0,2.0,1.0,1060 RG,3.0
8058.823529411765,85.0,3.0,0.0,1058 AN,4.0
6699.0291262135925,103.0,3.0,1.0,1087 VA,4.0
9647.887323943662,71.0,2.0,0.0,1018 CA,3.0
9243.697478991597,119.0,3.0,1.0,1031 HX,4.0
8319.444444444445,72.0,1.0,1.0,1096 DE,2.0
9326.923076923076,52.0,2.0,0.0,1054 DX,3.0
7467.532467532467,77.0,2.0,1.0,1097 CP,3.0
8404.255319148937,47.0,2.0,0.0,1057 SZ,3.0
7702.923076923077,39.0,1.0,1.0,1032 KW,2.0
8770.1875,32.0,1.0,1.0,1095 PA,2.0
6526.881720430108,93.0,2.0,1.0,1101 DA,3.0
6250.0,100.0,3.0,1.0,1083 JM,4.0
6590.909090909091,88.0,2.0,0.0,1098 RC,3.0
11612.021857923497,366.0,7.0,1.0,1011 JN,11.0
7600.0,105.0,2.0,0.0,1072 HP,3.0
11376.811594202898,69.0,2.0,0.0,1075 CH,3.0
9302.32558139535,43.0,1.0,0.0,1013 PJ,2.0
7574.468085106383,47.0,1.0,0.0,1033 SM,3.0
10500.0,45.0,1.0,0.0,1018 CA,2.0
6937.5,80.0,3.0,0.0,1024 KV,4.0
7980.0,50.0,1.0,1.0,1062 HE,2.0
8828.125,64.0,1.0,0.0,1011 EH,2.0
4449.152542372882,118.0,3.0,0.0,1069 HV,4.0
8132.530120481928,83.0,2.0,1.0,1053 VK,3.0
11607.142857142857,28.0,1.0,0.0,1091 TT,1.0
5931.14,50.0,1.0,1.0,1032 KW,2.0
8829.787234042553,47.0,1.0,0.0,1097 BW,2.0
6722.164948453608,97.0,3.0,1.0,1101 DA,4.0
6689.189189189189,74.0,2.0,0.0,1095 XB,3.0
7537.878787878788,132.0,2.0,0.0,1016 RP,4.0
9770.114942528735,87.0,2.0,0.0,1016 EJ,3.0
6641.975308641975,81.0,2.0,1.0,1101 DA,3.0
9390.243902439024,41.0,1.0,1.0,1098 JE,2.0
9615.384615384615,39.0,2.0,0.0,1098 JR,3.0
6543.624161073825,149.0,3.0,0.0,1098 KH,4.0
4758.064516129032,62.0,2.0,1.0,1069 EG,3.0
6761.363636363636,88.0,2.0,1.0,1061 WB,3.0
8705.357142857143,112.0,3.0,0.0,1098 EW,4.0
13013.698630136987,219.0,7.0,0.0,1054 GR,8.0
10714.285714285714,28.0,1.0,0.0,1018 NL,1.0
6302.083333333333,96.0,3.0,1.0,1025 WK,4.0
9507.042253521127,71.0,2.0,0.0,1073 SC,3.0
6597.222222222223,72.0,3.0,0.0,1022 AN,4.0
9444.444444444445,45.0,1.0,0.0,1052 XA,2.0
8964.285714285714,70.0,2.0,0.0,1096 DS,3.0
9217.877094972067,179.0,4.0,0.0,1098 CJ,6.0
9714.285714285714,175.0,5.0,1.0,1075 CT,8.0
7198.275862068966,116.0,5.0,1.0,1078 EA,7.0
10688.40579710145,138.0,3.0,0.0,1017 EL,4.0
8316.666666666666,60.0,2.0,0.0,1078 EL,3.0
9430.379746835442,79.0,2.0,0.0,1018 XS,3.0
4466.666666666667,75.0,3.0,0.0,1104 EA,4.0
6617.64705882353,34.0,1.0,0.0,1102 ZG,1.0
9829.059829059828,117.0,3.0,0.0,1018 CA,4.0
6438.662790697675,86.0,2.0,1.0,1101 DA,3.0
8152.173913043478,92.0,2.0,1.0,1013 LN,3.0
11325.757575757576,132.0,4.0,1.0,1071 NC,5.0
9933.333333333334,75.0,1.0,0.0,1018 CA,3.0
9850.0,100.0,2.0,0.0,1013 MJ,4.0
7267.441860465116,86.0,2.0,1.0,1019 LG,3.0
9411.764705882353,85.0,2.0,0.0,1074 HV,3.0
9000.0,55.0,2.0,0.0,1058 BT,3.0
9625.0,40.0,1.0,0.0,1011 KE,2.0
7617.1875,256.0,3.0,0.0,1013 EC,4.0
9500.0,50.0,1.0,0.0,1012 VT,2.0
7865.168539325843,89.0,1.0,0.0,1017 ZS,2.0
8333.333333333334,48.0,2.0,0.0,1057 ZR,3.0
6385.542168674699,83.0,2.0,1.0,1095 MP,3.0
6653.846153846154,65.0,2.0,0.0,1102 AK,3.0
10500.0,50.0,1.0,0.0,1073 AE,2.0
10294.117647058823,51.0,2.0,0.0,1079 DM,3.0
7196.969696969697,66.0,3.0,0.0,1055 CA,4.0
7948.717948717948,78.0,2.0,1.0,1031 KN,3.0
8510.63829787234,47.0,1.0,0.0,1073 BD,2.0
6967.213114754099,61.0,2.0,0.0,1058 GK,3.0
6104.294478527608,163.0,2.0,1.0,1018 WA,3.0
12500.0,22.0,1.0,0.0,1015 WK,2.0
10472.972972972973,74.0,2.0,1.0,1096 AM,3.0
5892.857142857143,84.0,1.0,1.0,1065 DB,2.0
7980.0,50.0,1.0,1.0,1062 HE,2.0
9246.575342465754,73.0,1.0,6.0,1016 AA,2.0
8666.666666666666,75.0,2.0,0.0,1053 KE,3.0
5475.609756097561,82.0,3.0,1.0,1062 GR,4.0
8854.166666666666,96.0,3.0,0.0,1017 TZ,3.0
7914.634146341464,82.0,2.0,0.0,1019 DT,3.0
4882.35294117647,85.0,2.0,0.0,1060 PJ,3.0
9493.67088607595,79.0,2.0,0.0,1058 TN,4.0
9122.137404580153,131.0,1.0,1.0,1016 DV,3.0
9141.193548387097,31.0,1.0,1.0,1095 PA,2.0
7436.170212765957,94.0,3.0,0.0,1057 XS,4.0
5405.405405405405,74.0,2.0,1.0,1064 AC,3.0
7051.282051282052,78.0,2.0,1.0,1019 KK,3.0
7636.363636363636,55.0,1.0,0.0,1059 BB,2.0
9285.714285714286,63.0,2.0,0.0,1018 CA,3.0
6707.317073170731,123.0,3.0,0.0,1078 AK,4.0
9396.551724137931,58.0,2.0,0.0,1016 DA,3.0
5295.454545454545,66.0,2.0,0.0,1068 MB,3.0
10117.64705882353,34.0,1.0,1.0,1032 KW,2.0
6839.622641509434,106.0,2.0,1.0,1019 HG,3.0
8863.636363636364,66.0,2.0,0.0,1078 EL,3.0
4022.9885057471265,87.0,3.0,1.0,1108 DW,4.0
12500.0,44.0,1.0,0.0,1071 NG,2.0
9036.144578313253,83.0,3.0,0.0,1076 JR,5.0
7804.878048780488,82.0,2.0,1.0,1092 BB,3.0
5555.555555555556,108.0,3.0,0.0,1054 LT,4.0
8611.111111111111,54.0,2.0,0.0,1079 LB,3.0
9090.90909090909,55.0,1.0,0.0,1052 JV,2.0
8936.170212765957,47.0,1.0,0.0,1013 JM,2.0
8617.886178861789,123.0,4.0,0.0,1078 NR,6.0
9803.921568627451,153.0,3.0,0.0,1019 AL,4.0
6812.5,80.0,3.0,0.0,1024 KV,4.0
4855.072463768116,69.0,2.0,1.0,1108 BJ,3.0
7758.620689655172,58.0,2.0,0.0,1056 JZ,3.0
4829.545454545455,88.0,3.0,1.0,1068 CD,4.0
6256.756756756757,74.0,1.0,0.0,1064 AB,2.0
7631.578947368421,95.0,2.0,0.0,1015 TJ,5.0
7846.153846153846,65.0,2.0,0.0,1064 AB,3.0
8196.72131147541,61.0,2.0,0.0,1064 AB,3.0
4915.384615384615,65.0,1.0,1.0,1102 CB,2.0
17751.479289940828,169.0,3.0,2.0,1071 RL,6.0
6496.062992125984,127.0,2.0,0.0,1012 JD,3.0
7527.472527472528,91.0,2.0,1.0,1061 AV,3.0
8333.333333333334,57.0,2.0,0.0,1098 HC,3.0
8854.166666666666,48.0,2.0,0.0,1057 VP,3.0
5714.285714285715,70.0,3.0,0.0,1067 XN,4.0
7446.808510638298,94.0,2.0,1.0,1019 PG,3.0
9567.901234567902,81.0,2.0,0.0,1057 HK,3.0
7758.620689655172,116.0,4.0,1.0,1058 GB,5.0
9420.289855072464,69.0,2.0,0.0,1015 NB,3.0
8035.714285714285,56.0,2.0,0.0,1079 GH,4.0
4157.894736842105,95.0,3.0,1.0,1103 DT,4.0
7386.363636363636,132.0,2.0,0.0,1016 VS,3.0
6941.176470588235,85.0,3.0,1.0,1081 GG,4.0
10714.285714285714,35.0,1.0,0.0,1017 RS,2.0
7615.384615384615,65.0,2.0,0.0,1056 JP,3.0
10000.0,125.0,3.0,1.0,1077 TB,4.0
6392.857142857143,140.0,3.0,0.0,1043 EV,4.0
9375.0,40.0,1.0,0.0,1094 KS,2.0
7421.686746987952,83.0,2.0,0.0,1064 AB,3.0
8828.125,64.0,1.0,0.0,1072 CG,2.0
8734.567901234568,81.0,2.0,0.0,1096 DS,3.0
8823.529411764706,51.0,1.0,0.0,1072 AT,2.0
4666.666666666667,75.0,3.0,1.0,1107 LK,4.0
8593.75,64.0,2.0,0.0,1058 SP,3.0
5864.197530864198,81.0,2.0,1.0,1083 BW,3.0
6534.090909090909,88.0,2.0,1.0,1082 HH,3.0
10000.0,59.0,1.0,1.0,1031 KN,2.0
8394.475,40.0,1.0,0.0,1064 AB,2.0
7232.142857142857,56.0,2.0,0.0,1024 KV,3.0
8500.0,100.0,3.0,0.0,1078 NC,5.0
5153.846153846154,65.0,2.0,0.0,1024 TX,3.0
8666.666666666666,75.0,2.0,0.0,1051 KZ,4.0
9000.0,125.0,3.0,0.0,1018 SW,4.0
17989.690721649484,388.0,5.0,2.0,1075 AV,7.0
9705.882352941177,51.0,2.0,0.0,1056 RD,3.0
4545.454545454545,77.0,2.0,1.0,1069 GV,3.0
9134.615384615385,52.0,1.0,0.0,1015 SR,2.0
4753.086419753086,81.0,3.0,0.0,1104 MN,4.0
7203.389830508475,59.0,2.0,0.0,1055 HA,3.0
6205.357142857143,112.0,1.0,1.0,1018 WA,2.0
9897.959183673469,49.0,1.0,0.0,1018 CA,2.0
9451.219512195123,82.0,2.0,0.0,1054 JH,3.0
10370.37037037037,81.0,1.0,1.0,1096 GR,3.0
8661.417322834646,127.0,3.0,1.0,1059 CV,5.0
9000.0,55.0,2.0,0.0,1056 RB,3.0
9150.32679738562,153.0,3.0,1.0,1093 KP,4.0
9520.547945205479,73.0,2.0,0.0,1073 GE,4.0
9523.809523809523,42.0,2.0,0.0,1079 TM,3.0
11428.57142857143,126.0,3.0,1.0,1031 KB,4.0
11093.75,128.0,3.0,0.0,1057 ZR,5.0
6703.7037037037035,81.0,2.0,1.0,1101 DA,3.0
5000.0,125.0,2.0,0.0,1087 JJ,3.0
7232.142857142857,56.0,2.0,0.0,1024 KV,3.0
7638.888888888889,72.0,2.0,1.0,1036 LA,3.0
8455.882352941177,68.0,2.0,0.0,1054 DB,3.0
7473.118279569892,93.0,3.0,0.0,1091 WT,4.0
7352.941176470588,68.0,2.0,0.0,1082 TE,3.0
9375.0,144.0,4.0,0.0,1054 AA,5.0
9596.774193548386,62.0,1.0,1.0,1031 KN,2.0
5131.578947368421,76.0,2.0,1.0,1068 MK,3.0
7489.36170212766,47.0,1.0,0.0,1033 RC,3.0
7594.93670886076,79.0,1.0,1.0,1091 ST,2.0
10000.0,37.0,1.0,0.0,1072 TV,2.0
6500.0,50.0,1.0,0.0,1102 ST,1.0
8269.23076923077,52.0,1.0,0.0,1094 KT,2.0
8394.475,40.0,1.0,0.0,1064 AB,2.0
7812.5,48.0,1.0,0.0,1055 TM,2.0
8281.25,96.0,2.0,1.0,1019 HD,3.0
7300.0,70.0,2.0,0.0,1064 AB,3.0
10346.534653465347,101.0,2.0,1.0,1096 GV,4.0
10000.0,40.0,1.0,0.0,1053 GT,2.0
5333.333333333333,150.0,4.0,1.0,1087 VE,5.0
7531.645569620253,79.0,1.0,0.0,1094 KV,2.0
9069.767441860466,215.0,4.0,1.5,1011 CN,5.0
10357.142857142857,42.0,1.0,0.0,1031 XR,2.0
8582.089552238805,67.0,1.0,0.0,1012 ET,2.0
9722.222222222223,36.0,1.0,0.0,1073 XM,2.0
6273.584905660377,106.0,3.0,1.0,1025 WK,4.0
9848.484848484848,33.0,1.0,0.0,1094 HM,2.0
10542.168674698794,83.0,2.0,1.0,1077 TB,3.0
4695.542372881356,59.0,2.0,1.0,1032 KW,3.0
7661.290322580645,62.0,1.0,1.0,1095 BJ,2.0
6250.0,116.0,2.0,1.0,1098 WS,3.0
8229.166666666666,48.0,2.0,0.0,1055 CR,3.0
7706.043956043956,91.0,2.0,1.0,1061 AV,3.0
7975.0,40.0,1.0,0.0,1081 GS,2.0
10947.712418300654,153.0,5.0,0.0,1054 AM,6.0
9461.538461538461,39.0,2.0,0.0,1091 GV,3.0
9615.384615384615,39.0,1.0,0.0,1054 XX,2.0
7898.550724637681,69.0,2.0,0.0,1091 HN,3.0
7812.5,96.0,2.0,0.0,1016 XA,3.0
4430.379746835443,79.0,2.0,1.0,1035 CL,3.0
10608.108108108108,74.0,2.0,1.0,1096 AM,3.0
11169.896551724138,87.0,2.0,1.0,1013 SH,3.0
6182.795698924731,93.0,2.0,0.0,1086 ZJ,3.0
10531.91489361702,141.0,3.0,0.0,1077 AN,4.0
8333.333333333334,57.0,2.0,0.0,1013 CS,3.0
9716.981132075472,53.0,1.0,0.0,1018 CA,2.0
8975.903614457831,83.0,2.0,0.0,1017 GA,3.0
9315.78947368421,95.0,2.0,1.0,1062 LE,3.0
5136.986301369863,73.0,2.0,0.0,1065 EE,3.0
6197.916666666667,96.0,3.0,0.0,1098 WR,4.0
9351.5625,128.0,3.0,0.0,1052 GP,4.0
9469.69696969697,66.0,1.0,0.0,1054 CK,2.0
6250.0,60.0,2.0,0.0,1024 TW,3.0
7765.432098765432,81.0,2.0,0.0,1097 HM,3.0
9558.823529411764,34.0,1.0,1.0,1083 EL,2.0
9523.809523809523,84.0,3.0,1.0,1098 CV,4.0
9769.23076923077,65.0,3.0,0.0,1017 WB,4.0
6250.0,88.0,2.0,1.0,1087 GT,3.0
8785.714285714286,70.0,2.0,0.0,1096 DS,3.0
10183.673469387755,49.0,1.0,1.0,1095 AM,2.0
6680.555555555556,72.0,2.0,1.0,1101 DA,3.0
5322.580645161291,155.0,3.0,1.0,1068 PM,4.0
4695.542372881356,59.0,2.0,1.0,1032 KW,3.0
11811.023622047243,127.0,2.0,1.0,1071 HM,4.0
11315.78947368421,114.0,3.0,1.0,1031 HX,4.0
9888.888888888889,45.0,1.0,0.0,1018 CA,2.0
9221.311475409837,122.0,2.0,0.0,1091 EB,4.0
9053.09677419355,31.0,1.0,1.0,1095 PA,2.0
8628.318584070796,113.0,2.0,0.0,1052 JA,4.0
8802.81690140845,71.0,2.0,0.0,1013 LT,3.0
7467.532467532467,77.0,2.0,1.0,1093 HR,3.0
8904.109589041096,219.0,4.0,1.5,1014 ZJ,6.0
8320.51282051282,78.0,3.0,0.0,1079 HD,4.0
7232.142857142857,56.0,2.0,0.0,1024 KV,3.0
8692.307692307691,39.0,1.0,0.0,1051 ER,2.0
4850.746268656716,67.0,2.0,0.0,1066 EG,3.0
6828.9473684210525,76.0,2.0,0.0,1082 NM,3.0
9677.41935483871,62.0,1.0,0.0,1017 DN,2.0
9551.28205128205,78.0,2.0,0.0,1075 VZ,3.0
11194.029850746268,67.0,2.0,1.0,1015 BS,3.0
8500.0,70.0,3.0,0.0,1098 EE,4.0
13793.103448275862,87.0,2.0,1.0,1017 DG,3.0
11551.724137931034,29.0,1.0,1.0,1013 MD,2.0
8035.714285714285,56.0,2.0,0.0,1094 KB,3.0
8130.081300813008,123.0,3.0,0.0,1057 WT,5.0
4870.12987012987,77.0,2.0,1.0,1103 SK,3.0
7539.68253968254,63.0,2.0,0.0,1073 GR,3.0
5232.558139534884,86.0,2.0,1.0,1066 PW,3.0
6312.5,80.0,2.0,1.0,1101 DA,3.0
4012.3456790123455,81.0,2.0,0.0,1106 XL,3.0
9028.57142857143,70.0,2.0,1.0,1095 AM,3.0
25291.82879377432,257.0,4.0,0.0,1016 AG,7.0
8877.551020408164,49.0,1.0,0.0,1058 LG,2.0
9712.230215827338,139.0,3.0,0.0,1018 CA,4.0
9558.823529411764,68.0,2.0,0.0,1076 LK,3.0
8690.47619047619,42.0,1.0,1.0,1019 AL,2.0
7870.37037037037,54.0,1.0,1.0,1083 GR,2.0
8695.652173913044,69.0,2.0,0.0,1091 SZ,3.0
5123.456790123457,81.0,3.0,1.0,1068 NG,4.0
6595.505617977528,89.0,2.0,1.0,1101 DA,3.0
9519.23076923077,52.0,2.0,0.0,1071 VR,3.0
5163.04347826087,92.0,3.0,0.0,1025 JH,4.0
8081.081081081081,37.0,1.0,0.0,1012 EJ,1.0
10810.81081081081,37.0,1.0,0.0,1053 LK,2.0
8488.372093023256,86.0,2.0,1.0,1058 GB,3.0
8394.475,40.0,1.0,0.0,1064 AB,2.0
10738.636363636364,88.0,2.0,0.0,1096 GV,3.0
9093.023255813954,86.0,3.0,0.0,1095 AM,4.0
8148.148148148148,135.0,4.0,0.0,1072 HE,5.0
4333.333333333333,60.0,1.0,0.0,1106 DT,2.0
7276.119402985075,134.0,3.0,0.0,1032 KK,5.0
7700.0,50.0,1.0,1.0,1062 HE,2.0
8870.967741935483,62.0,2.0,0.0,1056 BK,3.0
6562.5,80.0,1.0,0.0,1095 MA,2.0
7615.384615384615,65.0,1.0,0.0,1016 TG,2.0
5864.197530864198,81.0,2.0,1.0,1087 KP,3.0
8733.766233766233,154.0,4.0,0.0,1053 MJ,7.0
8000.0,50.0,2.0,0.0,1053 DP,3.0
8836.28947368421,38.0,1.0,0.0,1064 AB,2.0
4695.542372881356,59.0,1.0,1.0,1032 KW,2.0
6569.238095238095,42.0,1.0,1.0,1032 KW,2.0
10128.205128205129,39.0,1.0,0.0,1053 BG,2.0
14534.883720930233,86.0,2.0,0.0,1017 DW,3.0
9482.758620689656,58.0,2.0,0.0,1058 KN,3.0
6392.857142857143,140.0,3.0,0.0,1043 EV,4.0
5870.588235294118,85.0,2.0,0.0,1082 KL,3.0
8000.0,150.0,4.0,0.0,1031 HS,5.0
9675.324675324675,77.0,2.0,1.0,1096 AM,3.0
8750.0,68.0,2.0,0.0,1018 AV,3.0
5068.493150684932,73.0,2.0,0.0,1102 XV,3.0
8796.296296296296,54.0,1.0,0.0,1056 XE,2.0
6571.428571428572,63.0,1.0,1.0,1101 DA,2.0
7696.078431372549,102.0,3.0,1.0,1061 AX,4.0
8656.716417910447,67.0,2.0,0.0,1096 DS,3.0
10277.777777777777,90.0,2.0,0.0,1015 ND,3.0
11865.671641791045,67.0,2.0,1.0,1018 LH,3.0
9864.864864864865,74.0,2.0,0.0,1018 CA,3.0
4589.041095890411,73.0,2.0,1.0,1063 BM,3.0
6565.656565656565,99.0,4.0,0.0,1091 DN,5.0
8223.140495867769,121.0,3.0,1.0,1072 GH,6.0
6197.916666666667,96.0,2.0,1.0,1082 PA,3.0
5064.102564102564,78.0,3.0,1.0,1068 JR,4.0
7414.285714285715,70.0,2.0,0.0,1064 AB,3.0
9827.586206896553,87.0,2.0,1.0,1096 AM,3.0
11250.0,32.0,1.0,0.0,1017 AZ,2.0
9246.575342465754,73.0,3.0,0.0,1076 NC,5.0
7263.636363636364,110.0,4.0,0.0,1052 ET,6.0
7982.456140350877,57.0,1.0,0.0,1013 VH,2.0
8152.173913043478,46.0,1.0,0.0,1013 SG,1.0
6728.395061728395,81.0,2.0,1.0,1101 DA,3.0
8640.776699029126,103.0,3.0,0.0,1098 CM,4.0
4357.798165137615,109.0,2.0,1.0,1063 KX,4.0
9615.384615384615,52.0,2.0,0.0,1073 GR,3.0
7232.142857142857,56.0,2.0,0.0,1024 KV,3.0
3787.878787878788,99.0,3.0,0.0,1107 HT,4.0
9527.027027027027,74.0,2.0,0.0,1018 CA,3.0
8394.475,40.0,1.0,0.0,1064 AB,2.0
7700.0,50.0,1.0,1.0,1062 HE,2.0
11515.151515151516,33.0,1.0,0.0,1016 SX,2.0
8974.358974358975,78.0,1.0,1.0,1053 ML,2.0
6061.946902654868,113.0,3.0,1.0,1025 WK,4.0
4629.62962962963,81.0,3.0,1.0,1108 EM,4.0
8230.76923076923,65.0,1.0,1.0,1018 RN,3.0
6779.661016949152,59.0,1.0,1.0,1069 TD,2.0
4677.419354838709,62.0,2.0,1.0,1069 EC,3.0
5561.797752808989,89.0,2.0,0.0,1087 KR,3.0
7291.666666666667,72.0,2.0,1.0,1087 VE,3.0
7727.272727272727,66.0,1.0,1.0,1094 NX,2.0
5271.739130434783,92.0,2.0,0.0,1015 VT,4.0
12151.898734177215,79.0,2.0,1.0,1031 HX,3.0
9163.265306122448,49.0,2.0,0.0,1072 JB,3.0
8394.475,40.0,1.0,0.0,1064 AB,2.0
6983.870967741936,186.0,4.0,1.0,1013 BX,5.0
9760.869565217392,46.0,1.0,0.0,1052 GD,2.0
10753.846153846154,65.0,2.0,1.0,1018 GR,4.0
7786.88524590164,122.0,4.0,0.0,1077 BS,5.0
6343.2835820895525,67.0,2.0,0.0,1082 SV,3.0
9302.32558139535,43.0,1.0,0.0,1013 VN,2.0
7686.746987951808,83.0,2.0,0.0,1064 AB,3.0
9142.857142857143,70.0,2.0,0.0,1098 EH,3.0
9966.666666666666,30.0,1.0,0.0,1018 PT,1.0
7338.235294117647,68.0,2.0,0.0,1098 TN,3.0
9482.758620689656,58.0,2.0,0.0,1091 SW,3.0
5104.166666666667,96.0,2.0,1.0,1069 KE,3.0
6818.181818181818,88.0,2.0,1.0,1096 AA,3.0
7456.140350877193,57.0,1.0,0.0,1056 EP,2.0
12343.75,32.0,2.0,0.0,1015 LR,3.0
8432.835820895523,67.0,1.0,1.0,1061 AV,2.0
8035.714285714285,56.0,2.0,0.0,1094 LW,3.0
9090.90909090909,55.0,2.0,0.0,1052 VJ,3.0
7846.153846153846,65.0,2.0,0.0,1064 AB,3.0
12061.40350877193,228.0,5.0,0.0,1071 ZW,8.0
10714.285714285714,112.0,1.0,1.0,1015 CJ,2.0
8608.247422680412,97.0,2.0,0.0,1072 HM,4.0
8445.945945945947,74.0,2.0,0.0,1056 HM,3.0
6836.734693877551,49.0,1.0,0.0,1102 AK,2.0
3865.979381443299,97.0,3.0,0.0,1103 MN,4.0
8333.333333333334,51.0,1.0,0.0,1091 HP,2.0
6343.2835820895525,67.0,2.0,0.0,1021 EC,3.0
5724.63768115942,69.0,3.0,0.0,1065 XK,4.0
4095.890410958904,73.0,2.0,1.0,1102 EE,3.0
8673.91304347826,46.0,1.0,0.0,1051 TL,2.0
10700.0,40.0,1.0,0.0,1018 WL,2.0
9444.444444444445,45.0,1.0,1.0,1017 NM,2.0
5447.154471544715,123.0,3.0,1.0,1068 HV,4.0
12962.962962962964,81.0,2.0,2.0,1074 BJ,3.0
7386.363636363636,88.0,3.0,0.0,1018 XE,3.0
10000.0,74.0,2.0,0.0,1075 SN,3.0
6609.19540229885,87.0,2.0,0.0,1082 NL,3.0
9141.193548387097,31.0,1.0,1.0,1095 PA,2.0
7980.0,50.0,1.0,1.0,1062 HE,2.0
5067.5675675675675,74.0,2.0,1.0,1067 JR,3.0
7262.773722627737,137.0,5.0,0.0,1078 DD,6.0
6370.967741935484,62.0,2.0,0.0,1059 GB,3.0
6392.857142857143,140.0,3.0,0.0,1043 EV,4.0
6182.795698924731,93.0,3.0,0.0,1056 AL,4.0
6971.830985915493,71.0,3.0,0.0,1018 WA,4.0
3846.153846153846,91.0,3.0,1.0,1108 DB,4.0
4012.3456790123455,81.0,3.0,0.0,1108 CP,4.0
11538.461538461539,65.0,3.0,0.0,1053 LE,4.0
7142.857142857143,133.0,4.0,0.0,1019 KS,5.0
3703.703703703704,108.0,2.0,1.0,1103 KK,3.0
9500.0,50.0,1.0,0.0,1018 CA,2.0
4166.666666666667,78.0,3.0,0.0,1063 LS,4.0
6316.549019607844,102.0,3.0,1.0,1101 DA,4.0
8394.475,40.0,1.0,0.0,1064 AB,2.0
15333.333333333334,150.0,3.0,1.0,1071 HM,4.0
9195.402298850575,87.0,2.0,0.0,1073 VV,3.0
4590.163934426229,61.0,1.0,0.0,1106 DT,2.0
7627.118644067797,59.0,2.0,0.0,1013 SV,3.0
9875.0,40.0,1.0,0.0,1052 LP,2.0
4736.8421052631575,95.0,2.0,1.0,1063 MH,3.0
6632.65306122449,49.0,1.0,1.0,1025 EB,2.0
4776.5,58.0,2.0,1.0,1032 KN,3.0
9171.195652173914,368.0,4.0,1.0,1015 CJ,9.0
7894.736842105263,57.0,1.0,1.0,1019 VR,2.0
10630.434782608696,46.0,1.0,0.0,1053 TA,2.0
7500.0,70.0,2.0,0.0,1055 AJ,3.0
8132.530120481928,166.0,4.0,0.0,1058 GD,7.0
7678.571428571428,84.0,2.0,0.0,1094 NW,3.0
9496.402877697841,139.0,3.0,1.0,1096 AM,5.0
8660.714285714286,56.0,2.0,0.0,1097 AH,3.0
9057.971014492754,69.0,1.0,0.0,1013 KN,2.0
9239.130434782608,92.0,2.0,1.0,1033 SN,3.0
9591.836734693878,49.0,1.0,0.0,1018 CA,2.0
9375.0,80.0,2.0,1.0,1018 LH,3.0
11083.333333333334,60.0,2.0,1.0,1072 XA,3.0
10104.166666666666,48.0,1.0,0.0,1018 CA,2.0
4342.105263157895,76.0,2.0,0.0,1034 TS,3.0
5063.291139240507,79.0,3.0,0.0,1024 BR,4.0
13082.901554404145,193.0,3.0,1.0,1016 AE,5.0
9519.23076923077,52.0,1.0,0.0,1056 DN,2.0
8593.75,96.0,2.0,1.0,1052 KC,3.0
10000.0,35.0,1.0,0.0,1016 NL,2.0
6822.784810126583,79.0,4.0,0.0,1056 AX,5.0
8512.820512820514,117.0,3.0,1.0,1095 AM,4.0
8934.426229508197,61.0,2.0,0.0,1079 DR,4.0
9577.464788732394,71.0,2.0,0.0,1018 CA,3.0
9544.117647058823,68.0,2.0,0.0,1016 HJ,3.0
5931.14,50.0,1.0,1.0,1032 KW,2.0
9038.461538461539,65.0,1.0,0.0,1017 WJ,2.0
8157.894736842105,95.0,2.0,0.0,1075 RN,3.0
6690.140845070423,71.0,2.0,0.0,1102 AK,3.0
8750.0,68.0,2.0,0.0,1058 XC,3.0
7203.389830508475,59.0,1.0,0.0,1095 VB,2.0
8730.15873015873,63.0,2.0,1.0,1095 MJ,3.0
7007.042253521126,71.0,2.0,1.0,1101 BA,3.0
7532.467532467533,77.0,2.0,0.0,1057 JX,3.0
4007.299270072993,137.0,3.0,0.0,1065 KJ,5.0
6083.333333333333,60.0,2.0,1.0,1060 TV,3.0
8771.929824561403,57.0,1.0,0.0,1076 VW,2.0
7434.210526315789,76.0,2.0,0.0,1097 VJ,3.0
3971.590909090909,88.0,2.0,1.0,1108 CD,3.0
10000.0,53.0,1.0,1.0,1031 HX,2.0
6583.333333333333,60.0,2.0,0.0,1102 AK,3.0
7635.294117647059,85.0,4.0,0.0,1015 XM,5.0
9805.194805194806,77.0,2.0,1.0,1096 AM,3.0
6036.585365853659,82.0,2.0,1.0,1019 HS,3.0
10259.74025974026,77.0,2.0,1.0,1096 AM,3.0
9743.589743589744,78.0,2.0,0.0,1018 CA,3.0
12500.0,42.0,2.0,0.0,1015 SN,3.0
8394.475,40.0,1.0,0.0,1064 AB,2.0
8490.566037735849,53.0,2.0,0.0,1013 SG,3.0
8118.811881188119,101.0,2.0,1.0,1062 LE,3.0
9509.803921568628,51.0,1.0,0.0,1057 RJ,2.0
6408.450704225352,71.0,2.0,0.0,1102 AK,3.0
8636.363636363636,55.0,3.0,0.0,1013 EL,4.0
7983.193277310925,238.0,4.0,1.0,1011 DG,7.0
9285.714285714286,70.0,2.0,0.0,1058 CB,3.0
10060.975609756097,82.0,2.0,0.0,1076 LP,3.0
6616.857142857143,42.0,1.0,1.0,1032 KW,2.0
9090.90909090909,44.0,1.0,0.0,1094 CP,3.0
7908.163265306122,98.0,2.0,0.0,1014 ZG,3.0
7232.142857142857,56.0,2.0,0.0,1024 KV,3.0
10131.578947368422,76.0,2.0,0.0,1018 CA,3.0
7391.304347826087,92.0,2.0,1.0,1057 HL,3.0
4395.604395604396,91.0,3.0,1.0,1068 JE,4.0
8106.060606060606,66.0,2.0,0.0,1051 XL,3.0
4473.684210526316,95.0,3.0,0.0,1035 HK,4.0
9500.0,50.0,1.0,0.0,1053 LE,2.0
8333.333333333334,117.0,2.0,1.0,1013 KV,3.0
6609.19540229885,87.0,3.0,0.0,1019 CP,4.0
7828.9473684210525,76.0,2.0,0.0,1082 EH,3.0
9316.546762589927,139.0,4.0,1.0,1012 XK,5.0
4615.384615384615,65.0,2.0,1.0,1102 EG,3.0
9445.9,30.0,1.0,1.0,1095 PA,2.0
8586.95652173913,46.0,1.0,0.0,1094 NS,2.0
8939.39393939394,66.0,1.0,1.0,1058 HM,2.0
9445.9,30.0,1.0,1.0,1095 PA,2.0
8035.714285714285,56.0,2.0,0.0,1056 SH,3.0
10324.675324675325,77.0,2.0,1.0,1077 TH,3.0
8333.333333333334,72.0,2.0,1.5,1031 EZ,3.0
8035.714285714285,56.0,1.0,0.0,1079 VL,2.0
6275.510204081633,98.0,3.0,1.0,1058 EM,4.0
8490.566037735849,53.0,2.0,0.0,1054 JA,3.0
8333.333333333334,51.0,2.0,0.0,1092 EC,3.0
10384.615384615385,104.0,3.0,1.0,1096 AM,4.0
8157.894736842105,190.0,2.0,0.0,1012 NK,5.0
9166.666666666666,90.0,2.0,0.0,1015 DJ,4.0
9687.5,64.0,2.0,1.0,1062 LE,3.0
5318.181818181818,55.0,1.0,0.0,1107 AN,2.0
5803.571428571428,112.0,4.0,0.0,1065 DB,5.0
5227.272727272727,66.0,2.0,0.0,1107 CV,3.0
8510.63829787234,47.0,1.0,1.0,1019 VT,2.0
10000.0,23.0,1.0,1.0,1083 CN,1.0
18309.859154929578,213.0,2.0,0.0,1075 HW,3.0
4117.64705882353,85.0,4.0,0.0,1102 ND,5.0
5896.226415094339,106.0,1.0,0.0,1051 KW,4.0
9444.444444444445,63.0,1.0,0.0,1073 VA,2.0
7594.93670886076,79.0,2.0,0.0,1091 ST,3.0
8866.666666666666,45.0,1.0,0.0,1052 TR,2.0
6387.5,80.0,2.0,1.0,1101 DA,3.0
8475.609756097561,82.0,2.0,1.0,1031 KN,3.0
10416.666666666666,120.0,3.0,0.0,1058 KS,5.0
10087.719298245614,57.0,1.0,1.0,1073 CC,3.0
9782.608695652174,46.0,1.0,0.0,1058 HV,2.0
6770.833333333333,96.0,2.0,0.0,1076 BB,3.0
7228.915662650603,83.0,2.0,0.0,1032 AG,3.0
9693.877551020409,49.0,2.0,0.0,1058 KS,3.0
9444.444444444445,63.0,1.0,0.0,1015 NE,2.0
8548.387096774193,31.0,1.0,1.0,1055 AA,2.0
6329.411764705882,85.0,2.0,1.0,1101 DA,3.0
6609.19540229885,87.0,2.0,1.0,1098 WJ,3.0
7560.606060606061,66.0,2.0,1.0,1055 CN,3.0
6911.764705882353,51.0,1.0,0.0,1102 AK,2.0
9937.5,80.0,2.0,0.0,1017 GH,3.0
8437.5,80.0,2.0,1.0,1018 RN,3.0
4558.823529411765,102.0,3.0,1.0,1067 DB,4.0
8900.0,60.0,1.0,0.0,1095 AM,2.0
8673.469387755102,49.0,1.0,0.0,1012 AT,2.0
6250.0,84.0,2.0,1.0,1087 EH,3.0
9445.9,30.0,1.0,1.0,1095 PA,2.0
8432.835820895523,67.0,1.0,1.0,1061 AV,2.0
9117.64705882353,68.0,2.0,1.0,1031 KN,3.0
22500.0,210.0,3.0,3.5,1075 BG,4.0
8316.666666666666,60.0,1.0,0.0,1072 JZ,2.0
8333.333333333334,90.0,2.0,0.0,1075 NB,3.0
8333.333333333334,108.0,3.0,1.0,1061 AV,4.0
8955.223880597016,134.0,3.0,0.0,1079 LD,4.0
6122.8125,48.0,1.0,1.0,1032 KW,2.0
9640.522875816994,153.0,3.0,0.0,1016 PM,5.0
11931.818181818182,132.0,4.0,0.0,1031 HX,5.0
8522.727272727272,44.0,1.0,0.0,1013 ZX,2.0
7232.142857142857,56.0,2.0,0.0,1024 KV,3.0
6870.12987012987,77.0,2.0,1.0,1094 NB,3.0
8041.958041958042,143.0,3.0,0.0,1031 KG,4.0
9166.666666666666,108.0,3.0,1.0,1096 AM,4.0
6451.612903225807,93.0,2.0,1.0,1062 KW,3.0
10317.460317460318,63.0,2.0,0.0,1054 WK,3.0
9966.216216216217,148.0,3.0,0.0,1057 ZR,5.0
9075.757575757576,66.0,2.0,0.0,1016 KW,3.0
9655.172413793103,87.0,2.0,1.0,1096 AM,3.0
7101.449275362319,69.0,3.0,0.0,1024 KV,4.0
4959.848484848485,66.0,1.0,1.0,1103 AM,2.0
7900.0,50.0,1.0,1.0,1062 HE,2.0
10192.307692307691,104.0,3.0,1.0,1096 AM,4.0
4000.0,85.0,3.0,0.0,1102 VM,4.0
9062.5,80.0,2.0,0.0,1079 WP,3.0
9183.673469387755,49.0,2.0,0.0,1056 PX,3.0
9756.09756097561,41.0,2.0,0.0,1053 XP,3.0
4787.234042553191,94.0,2.0,1.0,1069 LK,3.0
5163.04347826087,92.0,3.0,0.0,1025 GV,4.0
10000.0,58.0,1.0,0.0,1018 CA,2.0
9800.0,50.0,1.0,0.0,1018 CA,2.0
9345.794392523365,107.0,3.0,1.0,1073 GG,4.0
8611.111111111111,54.0,1.0,0.0,1078 EE,2.0
8152.173913043478,92.0,2.0,0.0,1075 TX,3.0
8273.381294964029,139.0,3.0,0.0,1018 AD,4.0
8692.307692307691,65.0,1.0,0.0,1018 CA,2.0
7916.666666666667,120.0,2.0,0.0,1019 HM,3.0
6724.137931034483,58.0,2.0,0.0,1031 AL,3.0
4709.210526315789,114.0,3.0,1.0,1103 AM,4.0
8950.0,100.0,2.0,2.5,1014 ZL,3.0
9610.38961038961,77.0,2.0,1.0,1096 AM,3.0
10229.166666666666,48.0,1.0,1.0,1095 AM,2.0
9558.823529411764,102.0,3.0,1.0,1096 AM,4.0
4216.8674698795185,83.0,3.0,0.0,1102 NE,4.0
7831.325301204819,83.0,2.0,0.0,1056 EX,4.0
6770.833333333333,48.0,1.0,0.0,1063 TX,2.0
6956.521739130435,115.0,4.0,1.0,1057 ET,5.0
5769.2307692307695,91.0,2.0,0.0,1102 AK,4.0
9117.64705882353,51.0,1.0,0.0,1018 CA,2.0
8490.566037735849,53.0,1.0,0.0,1017 CR,2.0
7232.142857142857,56.0,2.0,0.0,1024 KV,3.0
7470.588235294118,85.0,3.0,0.0,1051 XG,4.0
4845.876288659794,97.0,2.0,1.0,1103 AM,3.0
7407.407407407408,54.0,2.0,0.0,1057 VT,3.0
11024.675675675675,37.0,1.0,1.0,1014 ZK,1.0
10543.478260869566,46.0,1.0,0.0,1018 CA,2.0
7070.754716981132,106.0,1.0,0.0,1019 LJ,2.0
9990.47619047619,105.0,2.0,0.0,1071 MN,5.0
4166.666666666667,84.0,3.0,0.0,1102 VB,4.0
9044.117647058823,68.0,2.0,0.0,1055 LV,3.0
7631.578947368421,57.0,2.0,0.0,1056 HR,3.0
7401.234567901234,81.0,2.0,0.0,1018 CV,3.0
10400.0,50.0,1.0,0.0,1018 CA,2.0
6592.592592592592,81.0,2.0,1.0,1101 DA,3.0
11111.111111111111,63.0,2.0,0.0,1075 HE,3.0
4695.542372881356,59.0,1.0,1.0,1032 KW,2.0
5823.293172690763,249.0,4.0,0.0,1054 HT,5.0
10845.588235294117,136.0,2.0,1.0,1015 CP,3.0
8181.818181818182,55.0,1.0,0.0,1056 DC,2.0
6858.974358974359,78.0,2.0,1.0,1083 VA,3.0
8733.766233766233,77.0,2.0,0.0,1096 DS,3.0
14000.0,225.0,3.0,1.0,1013 HC,4.0
6408.450704225352,71.0,2.0,0.0,1102 AK,3.0
9294.871794871795,156.0,3.0,1.0,1072 PB,5.0
9500.0,60.0,1.0,1.0,1031 HX,2.0
8173.076923076923,52.0,1.0,0.0,1094 CT,2.0
9225.352112676057,71.0,2.0,0.0,1018 CA,3.0
9400.0,60.0,1.0,0.0,1095 AM,2.0
11612.021857923497,366.0,7.0,1.0,1011 JN,11.0
6208.333333333333,120.0,3.0,1.0,1025 WK,4.0
7954.545454545455,110.0,3.0,1.0,1014 ZJ,5.0
11250.0,120.0,2.0,1.0,1015 AA,3.0
7861.8421052631575,152.0,4.0,0.0,1075 XT,6.0
10000.0,93.0,1.0,1.0,1017 WS,2.0
9420.289855072464,69.0,3.0,0.0,1053 ZT,4.0
4790.419161676647,167.0,4.0,1.0,1083 GE,5.0
8426.966292134832,89.0,2.0,0.0,1092 GJ,3.0
8525.0,100.0,3.0,1.0,1061 AV,4.0
13013.698630136987,219.0,7.0,0.0,1054 GR,8.0
9705.882352941177,51.0,2.0,0.0,1073 RL,3.0
6753.086419753086,81.0,2.0,1.0,1101 DA,3.0
12303.664921465968,191.0,3.0,0.0,1017 ZT,7.0
9745.762711864407,59.0,1.0,1.0,1031 HX,2.0
8657.894736842105,114.0,3.0,1.0,1095 AM,4.0
9702.970297029702,101.0,3.0,1.0,1016 VR,3.0
9042.553191489362,47.0,1.0,0.0,1052 HD,2.0
7622.950819672131,61.0,1.0,1.0,1012 SP,2.0
10087.719298245614,57.0,2.0,0.0,1054 AK,3.0
8300.0,50.0,1.0,0.0,1018 CA,2.0
14166.666666666666,180.0,3.0,2.5,1071 ZM,4.0
4391.891891891892,74.0,2.0,0.0,1107 LM,3.0
8684.21052631579,57.0,2.0,1.0,1082 JW,3.0
4719.101123595506,89.0,2.0,1.0,1067 MN,3.0
5462.18487394958,119.0,2.0,4.0,1064 PR,3.0
6102.36220472441,127.0,3.0,1.0,1025 WK,4.0
5928.571428571428,70.0,2.0,0.0,1016 DA,3.0
7876.923076923077,65.0,2.0,0.0,1064 AB,3.0
4936.403508771929,57.0,1.0,1.0,1032 KW,2.0
6851.851851851852,81.0,3.0,0.0,1062 HE,4.0
8018.867924528302,53.0,1.0,0.0,1091 CZ,2.0
4629.62962962963,81.0,2.0,1.0,1025 TC,3.0
6747.794117647059,102.0,3.0,1.0,1101 DA,4.0
9929.078014184397,141.0,3.0,0.0,1071 GE,5.0
8695.652173913044,46.0,1.0,1.0,1032 KN,2.0
17954.545454545456,220.0,3.0,3.5,1082 MK,5.0
6470.588235294118,85.0,2.0,1.0,1019 HG,3.0
7980.0,50.0,1.0,1.0,1062 HE,2.0
10937.5,160.0,4.0,0.0,1018 CA,5.0
9426.751592356688,157.0,2.0,0.0,1018 BZ,3.0
7894.736842105263,133.0,3.0,0.0,1073 RZ,7.0
7534.246575342466,73.0,2.0,1.0,1095 MP,3.0
6875.0,80.0,3.0,0.0,1024 KV,4.0
5588.235294117647,85.0,3.0,0.0,1065 LT,5.0
10494.505494505494,91.0,2.0,1.0,1096 GV,3.0
10178.57142857143,28.0,1.0,0.0,1096 GJ,1.0
9222.222222222223,90.0,3.0,0.0,1058 KV,4.0
5186.363636363636,55.0,1.0,1.0,1103 AM,2.0
8675.0,100.0,3.0,0.0,1061 AV,4.0
8839.285714285714,56.0,1.0,0.0,1094 GL,2.0
6967.213114754099,61.0,1.0,0.0,1036 KN,2.0
9561.40350877193,57.0,1.0,1.0,1031 KN,2.0
7348.484848484848,66.0,2.0,0.0,1056 SG,3.0
8061.224489795918,49.0,1.0,0.0,1055 RZ,2.0
7490.0,100.0,2.0,0.0,1013 WJ,3.0
9285.714285714286,70.0,2.0,0.0,1052 HZ,3.0
15288.461538461539,260.0,2.0,2.5,1077 AV,6.0
8989.36170212766,94.0,3.0,0.0,1018 CA,4.0
6277.777777777777,90.0,3.0,1.0,1024 XR,4.0
9000.0,55.0,1.0,0.0,1079 KS,3.0
12918.66028708134,209.0,3.0,2.5,1015 KD,4.0
7673.267326732674,101.0,2.0,2.0,1011 TV,3.0
5189.873417721519,79.0,2.0,0.0,1069 HM,3.0
9274.193548387097,62.0,1.0,1.0,1031 KN,2.0
5560.747663551402,107.0,2.0,0.0,1056 HJ,4.0
9020.833333333334,72.0,2.0,1.0,1018 LL,3.0
11169.896551724138,87.0,3.0,1.0,1013 SG,4.0
9661.016949152543,59.0,1.0,1.0,1031 KN,2.0
8715.59633027523,109.0,3.0,0.0,1078 JX,5.0
4878.048780487805,82.0,2.0,1.0,1068 EN,3.0
8320.51282051282,78.0,2.0,0.0,1051 JX,3.0
8720.0,125.0,3.0,1.0,1061 AV,4.0
4714.285714285715,70.0,2.0,1.0,1103 GZ,3.0
8764.044943820225,89.0,1.0,0.0,1018 CA,2.0
7987.5,80.0,2.0,1.0,1051 NV,3.0
7256.09756097561,82.0,2.0,1.0,1062 CG,3.0
7575.757575757576,66.0,3.0,0.0,1075 SH,4.0
9042.553191489362,47.0,2.0,0.0,1056 JV,3.0
6438.662790697675,86.0,3.0,1.0,1101 DA,4.0
4677.419354838709,62.0,1.0,1.0,1108 CG,2.0
10194.174757281553,103.0,3.0,0.0,1072 KX,4.0
7231.4049586776855,121.0,4.0,0.0,1056 VA,5.0
7700.0,50.0,1.0,1.0,1062 HE,2.0
9545.454545454546,55.0,3.0,0.0,1058 CL,4.0
8163.265306122449,49.0,2.0,0.0,1055 HN,3.0
8014.705882352941,68.0,2.0,0.0,1075 SB,5.0
7578.125,64.0,2.0,0.0,1064 AB,3.0
6197.916666666667,96.0,2.0,1.0,1025 WK,3.0
9782.608695652174,46.0,1.0,0.0,1058 SR,2.0
8558.558558558558,111.0,2.0,0.0,1054 BX,3.0
4430.379746835443,79.0,2.0,1.0,1108 BP,3.0
5107.5268817204305,93.0,3.0,0.0,1025 GG,4.0
15804.597701149425,174.0,3.0,3.5,1015 CP,4.0
8727.272727272728,55.0,2.0,0.0,1076 SV,3.0
6250.0,84.0,2.0,1.0,1087 EH,3.0
8836.28947368421,38.0,1.0,0.0,1064 AB,2.0
5802.325581395349,43.0,1.0,0.0,1102 TC,2.0
8467.741935483871,62.0,3.0,0.0,1057 ZJ,4.0
7777.777777777777,90.0,1.0,1.0,1011 LZ,2.0
7835.820895522388,67.0,1.0,1.0,1061 AV,2.0
8189.6551724137935,58.0,1.0,0.0,1013 SV,3.0
9707.317073170732,41.0,2.0,0.0,1018 WZ,3.0
8495.726495726496,117.0,3.0,1.0,1095 AM,4.0
7009.345794392523,107.0,2.0,1.0,1077 KW,4.0
8139.53488372093,43.0,1.0,0.0,1094 AG,2.0
9740.25974025974,77.0,2.0,0.0,1058 JK,3.0
7900.0,50.0,1.0,1.0,1062 HE,2.0
7459.893048128342,187.0,2.0,0.0,1018 TL,6.0
9166.666666666666,90.0,2.0,0.0,1012 DX,3.0
10156.25,32.0,1.0,0.0,1016 PJ,1.0
6791.044776119403,67.0,1.0,1.0,1025 WK,2.0
5445.454545454545,110.0,1.0,0.0,1061 AX,2.0
7708.333333333333,120.0,3.0,0.0,1058 VD,5.0
9361.702127659575,47.0,1.0,0.0,1053 ZE,2.0
11029.411764705883,34.0,1.0,0.0,1072 XL,2.0
8017.241379310345,58.0,2.0,0.0,1079 VG,3.0
10701.754385964912,114.0,3.0,1.0,1031 HX,4.0
9782.608695652174,69.0,2.0,0.0,1076 CH,4.0
7258.064516129032,62.0,1.0,0.0,1013 HC,2.0
10000.0,65.0,2.0,0.0,1073 SM,4.0
8333.333333333334,78.0,2.0,1.0,1011 EG,3.0
8394.475,40.0,1.0,0.0,1064 AB,2.0
7452.830188679245,53.0,1.0,1.0,1036 LH,2.0
9573.170731707318,82.0,2.0,0.0,1078 JZ,4.0
9655.172413793103,87.0,2.0,1.0,1096 AM,3.0
9117.64705882353,34.0,1.0,0.0,1056 KS,2.0
9615.384615384615,117.0,3.0,0.0,1018 CA,4.0
7622.950819672131,61.0,2.0,0.0,1058 CS,3.0
8712.121212121212,66.0,1.0,0.0,1071 VD,2.0
5912.6984126984125,126.0,3.0,0.0,1015 HE,5.0
10227.272727272728,66.0,1.0,0.0,1016 HG,2.0
13541.666666666666,240.0,3.0,2.0,1031 KC,5.0
6680.555555555556,72.0,2.0,1.0,1101 DA,3.0
4573.170731707317,82.0,3.0,0.0,1102 XM,4.0
7688.034188034188,117.0,2.0,0.0,1012 JD,3.0
8000.0,50.0,2.0,0.0,1057 TD,3.0
6901.408450704225,71.0,2.0,1.0,1101 BA,3.0
6686.046511627907,86.0,3.0,1.0,1061 AX,4.0
5645.1612903225805,62.0,2.0,1.0,1064 AL,3.0
8333.333333333334,51.0,2.0,0.0,1013 PW,3.0
7370.37037037037,135.0,3.0,0.0,1013 HC,6.0
9803.921568627451,51.0,2.0,0.0,1057 VB,3.0
8490.566037735849,53.0,1.0,0.0,1054 VT,1.0
8486.842105263158,76.0,2.0,0.0,1079 JG,3.0
7271.186440677966,59.0,1.0,1.0,1101 BA,2.0
11474.358974358975,156.0,3.0,0.0,1071 HE,4.0
9756.09756097561,41.0,1.0,0.0,1076 XS,2.0
9016.393442622952,61.0,2.0,0.0,1073 BP,3.0
9116.666666666666,60.0,1.0,0.0,1095 AM,2.0
6253.164556962025,79.0,2.0,1.0,1101 DA,3.0
8968.253968253968,63.0,1.0,0.0,1072 VZ,2.0
7702.923076923077,39.0,1.0,1.0,1032 KW,2.0
9285.714285714286,70.0,2.0,0.0,1018 CA,3.0
8888.888888888889,45.0,1.0,0.0,1052 TR,2.0
8928.57142857143,42.0,1.0,0.0,1056 WZ,2.0
13860.759493670887,79.0,2.0,1.0,1071 RW,3.0
10194.805194805194,77.0,2.0,1.0,1096 AM,3.0
9375.0,48.0,1.0,0.0,1018 CA,2.0
8394.475,40.0,1.0,0.0,1064 AB,2.0
9615.384615384615,65.0,2.0,0.0,1054 EC,3.0
9230.76923076923,65.0,1.0,0.0,1018 CA,2.0
7578.125,64.0,2.0,0.0,1064 AB,3.0
8495.934959349594,123.0,3.0,0.0,1015 RV,5.0
6959.459459459459,74.0,2.0,0.0,1062 HE,3.0
7916.666666666667,60.0,1.0,0.0,1053 NE,2.0
7144.067796610169,59.0,1.0,1.0,1101 BA,2.0
8163.265306122449,98.0,2.0,0.0,1077 KB,3.0
7905.405405405405,74.0,2.0,0.0,1059 TC,4.0
8333.333333333334,63.0,2.0,0.0,1057 VP,3.0
6373.239436619719,71.0,2.0,0.0,1102 AK,3.0
8333.333333333334,84.0,3.0,0.0,1055 ES,6.0
8098.591549295775,71.0,2.0,0.0,1078 AK,3.0
6632.038834951456,103.0,2.0,1.0,1101 DA,3.0
10000.0,72.0,2.0,0.0,1018 CA,3.0
10127.118644067798,118.0,2.0,0.0,1013 MM,3.0
3653.846153846154,78.0,2.0,1.0,1104 TR,3.0
3819.4444444444443,72.0,3.0,1.0,1069 EE,4.0
8962.264150943396,53.0,1.0,0.0,1012 HX,2.0
4647.058823529412,85.0,2.0,1.0,1025 ZW,3.0
8712.121212121212,132.0,3.0,0.0,1072 HG,4.0
8766.233766233767,77.0,2.0,1.0,1077 TH,3.0
6138.461538461538,65.0,2.0,1.0,1024 PW,3.0
9375.0,40.0,1.0,0.0,1013 RV,2.0
10000.0,28.0,1.0,0.0,1096 GJ,1.0
6625.0,120.0,2.0,1.0,1013 LM,3.0
10476.190476190477,42.0,2.0,0.0,1073 VD,3.0
6358.024691358025,81.0,2.0,1.0,1087 VA,3.0
7211.538461538462,104.0,2.0,1.0,1019 LJ,3.0
8191.489361702128,47.0,2.0,0.0,1012 EV,3.0
7236.8421052631575,190.0,2.0,0.0,1012 SC,4.0
9375.0,48.0,1.0,0.0,1018 CA,2.0
5377.358490566037,53.0,1.0,1.0,1103 NA,1.0
7980.0,50.0,1.0,1.0,1062 HE,2.0
7969.2307692307695,65.0,2.0,0.0,1064 AB,3.0
10405.405405405405,74.0,2.0,1.0,1096 GS,3.0
10494.505494505494,91.0,2.0,1.0,1096 GV,3.0
7429.752066115702,121.0,3.0,0.0,1015 BR,4.0
5416.666666666667,60.0,2.0,0.0,1102 TJ,3.0
6982.758620689655,58.0,2.0,0.0,1024 KV,3.0
7900.0,50.0,1.0,1.0,1062 HE,2.0
17338.709677419356,62.0,2.0,2.0,1071 ZN,3.0
8320.610687022901,131.0,4.0,0.0,1014 ZJ,5.0
9400.0,85.0,3.0,1.0,1011 EG,4.0
7260.56338028169,71.0,2.0,1.0,1101 BK,3.0
7142.857142857143,49.0,2.0,0.0,1057 SV,3.0
6435.4838709677415,93.0,2.0,1.0,1101 DA,3.0
8831.16883116883,77.0,2.0,0.0,1096 DS,3.0
8629.62962962963,81.0,3.0,0.0,1094 LJ,4.0
8586.95652173913,46.0,1.0,0.0,1093 VD,2.0
8263.888888888889,72.0,2.0,0.0,1013 RJ,3.0
4891.304347826087,92.0,2.0,1.0,1069 GA,3.0
7808.219178082192,73.0,1.0,0.0,1057 DB,2.0
4639.1752577319585,97.0,3.0,1.0,1060 TT,4.0
10438.59649122807,57.0,2.0,0.0,1054 VK,3.0
7357.894736842105,95.0,3.0,0.0,1058 XN,4.0
11556.603773584906,212.0,4.0,1.0,1073 CP,8.0
6741.573033707865,89.0,3.0,1.0,1061 BD,4.0
7383.561643835616,73.0,2.0,0.0,1098 TS,3.0
9897.959183673469,49.0,1.0,0.0,1018 CA,2.0
7024.793388429752,121.0,4.0,0.0,1065 WB,5.0
5769.2307692307695,65.0,1.0,1.0,1025 CW,2.0
9734.848484848484,132.0,3.0,1.0,1058 HW,6.0
5208.333333333333,96.0,2.0,0.0,1069 KE,3.0
5559.44055944056,143.0,3.0,1.0,1066 GK,4.0
7900.0,50.0,1.0,1.0,1062 HE,2.0
8854.166666666666,48.0,2.0,0.0,1056 JT,3.0
8196.72131147541,122.0,3.0,1.0,1019 VE,4.0
14197.530864197532,81.0,3.0,0.0,1017 DW,4.0
7627.118644067797,59.0,1.0,0.0,1095 MA,2.0
8482.142857142857,112.0,4.0,1.0,1019 BW,5.0
7528.301886792453,53.0,1.0,1.0,1083 GL,2.0
7307.692307692308,65.0,2.0,0.0,1055 KP,3.0
6412.5,80.0,2.0,1.0,1101 DA,3.0
4938.271604938272,81.0,2.0,1.0,1060 RG,3.0
8630.952380952382,84.0,2.0,1.0,1058 GD,3.0
7647.058823529412,51.0,1.0,1.0,1062 MX,2.0
5816.666666666667,60.0,1.0,0.0,1106 DL,2.0
9583.333333333334,60.0,3.0,0.0,1054 ZT,4.0
8854.166666666666,48.0,2.0,0.0,1079 ES,3.0
6049.382716049383,162.0,4.0,1.0,1025 WK,5.0
7900.0,50.0,1.0,1.0,1062 HE,2.0
7806.122448979592,98.0,3.0,0.0,1075 VZ,4.0
8928.57142857143,70.0,2.0,1.0,1095 AM,3.0
9047.619047619048,126.0,2.0,0.0,1072 AE,4.0
7900.0,50.0,1.0,1.0,1062 HE,2.0
4244.68085106383,94.0,2.0,1.0,1063 PW,3.0
5150.0,55.0,1.0,1.0,1103 AM,2.0
9141.193548387097,31.0,1.0,1.0,1095 PA,2.0
8043.478260869565,115.0,2.0,0.0,1079 AG,5.0
9445.9,30.0,1.0,1.0,1095 PA,2.0
8750.0,48.0,1.0,0.0,1058 JR,2.0
10000.0,69.0,1.0,0.0,1071 KE,2.0
8555.555555555555,45.0,1.0,0.0,1018 ZP,2.0
7314.814814814815,54.0,1.0,1.0,1034 BM,2.0
9805.194805194806,77.0,2.0,1.0,1096 AM,3.0
6896.551724137931,58.0,2.0,0.0,1056 EH,3.0
9574.468085106382,47.0,1.0,0.0,1058 DK,2.0
5575.221238938053,113.0,3.0,0.0,1097 VE,4.0
10545.454545454546,55.0,2.0,0.0,1079 ST,3.0
6657.165048543689,103.0,3.0,1.0,1101 DA,4.0
4456.521739130435,92.0,3.0,1.0,1069 LG,4.0
9615.384615384615,91.0,2.0,0.0,1017 SV,3.0
9583.333333333334,24.0,1.0,1.0,1083 CN,1.0
9507.042253521127,71.0,2.0,0.0,1078 XC,3.0
7437.5,80.0,2.0,1.0,1062 BM,3.0
8684.782608695652,92.0,3.0,0.0,1078 MJ,4.0
8727.272727272728,55.0,2.0,0.0,1055 XT,3.0
8214.285714285714,70.0,2.0,0.0,1055 LW,3.0
9375.0,40.0,1.0,0.0,1051 BV,2.0
7420.289855072464,69.0,2.0,0.0,1064 AB,3.0
8750.0,76.0,2.0,0.0,1018 CA,3.0
6567.796610169492,118.0,3.0,0.0,1021 EM,5.0
4855.072463768116,69.0,2.0,1.0,1104 EA,3.0
8580.246913580248,81.0,3.0,0.0,1097 NT,4.0
10197.368421052632,76.0,2.0,1.0,1096 AM,3.0
6206.145833333333,48.0,1.0,1.0,1032 KW,2.0
6946.902654867256,113.0,3.0,0.0,1058 KH,4.0
9154.929577464789,71.0,2.0,1.0,1073 TB,3.0
8196.72131147541,61.0,2.0,0.0,1055 PE,4.0
10593.22033898305,59.0,1.0,0.0,1054 VT,2.0
6927.3239436619715,71.0,2.0,1.0,1024 SP,3.0
12375.0,40.0,1.0,2.0,1077 TH,2.0
9271.523178807947,151.0,3.0,0.0,1082 MP,4.0
4022.9885057471265,87.0,2.0,1.0,1025 EA,3.0
8796.296296296296,54.0,2.0,0.0,1059 TJ,3.0
11666.666666666666,75.0,3.0,0.0,1054 LP,4.0
9875.0,40.0,1.0,0.0,1054 HX,2.0
7686.567164179104,67.0,1.0,0.0,1013 NT,2.0
3870.967741935484,93.0,3.0,1.0,1108 BW,4.0
9462.025316455696,158.0,3.0,0.0,1074 CK,4.0
13676.470588235294,102.0,2.0,0.0,1071 PK,3.0
6322.115384615385,104.0,2.0,1.0,1087 VA,3.0
5172.413793103448,145.0,4.0,0.0,1095 DP,6.0
11029.411764705883,136.0,3.0,0.0,1071 MB,5.0
9761.904761904761,63.0,1.0,1.0,1079 RK,2.0
8617.64705882353,170.0,6.0,0.0,1077 MC,8.0
6608.108108108108,74.0,2.0,1.0,1025 WK,3.0
5814.843137254902,51.0,1.0,1.0,1032 KN,2.0
9246.575342465754,73.0,2.0,0.0,1091 NA,3.0
6896.551724137931,58.0,1.0,1.0,1058 EJ,2.0
7720.588235294118,136.0,4.0,0.0,1074 CZ,5.0
6578.9473684210525,57.0,2.0,0.0,1065 EK,3.0
7600.0,250.0,4.0,1.0,1013 LR,6.0
7812.5,80.0,2.0,0.0,1011 KK,3.0
8276.923076923076,65.0,2.0,0.0,1064 AB,3.0
7210.506666666667,75.0,3.0,1.0,1101 DA,4.0
8673.469387755102,49.0,1.0,0.0,1051 LA,2.0
12765.95744680851,94.0,2.0,1.0,1016 GD,4.0
7584.745762711865,118.0,3.0,1.0,1096 DV,4.0
9482.758620689656,58.0,1.0,0.0,1053 EC,2.0
7534.246575342466,73.0,1.0,1.0,1011 TB,2.0
10406.976744186046,86.0,1.0,1.0,1082 MS,2.0
9144.736842105263,76.0,2.0,0.0,1018 BN,4.0
7627.118644067797,59.0,1.0,0.0,1013 GE,2.0
6481.481481481482,81.0,2.0,0.0,1061 MK,3.0
6104.6511627906975,86.0,2.0,1.0,1082 GV,3.0
7293.577981651376,109.0,3.0,0.0,1075 XN,4.0
7950.0,100.0,3.0,0.0,1077 CT,4.0
9444.444444444445,45.0,1.0,0.0,1058 KZ,2.0
10818.181818181818,55.0,2.0,0.0,1054 DC,3.0
11931.818181818182,132.0,4.0,0.0,1031 HX,5.0
8333.333333333334,90.0,2.0,1.0,1058 GD,3.0
9000.0,35.0,1.0,0.0,1051 HR,1.0
9000.0,50.0,2.0,1.0,1057 BK,3.0
6923.076923076923,65.0,2.0,0.0,1055 KT,3.0
6818.181818181818,66.0,3.0,0.0,1082 VG,4.0
8659.420289855072,138.0,3.0,0.0,1012 WN,6.0
7700.0,50.0,1.0,1.0,1062 HE,2.0
7246.376811594203,69.0,3.0,0.0,1024 KV,4.0
6514.084507042254,71.0,2.0,0.0,1102 AK,3.0
9583.333333333334,60.0,2.0,0.0,1092 GG,3.0
7746.478873239436,71.0,2.0,0.0,1013 CS,4.0
6075.268817204301,93.0,2.0,1.0,1061 XZ,3.0
13529.411764705883,85.0,2.0,1.0,1054 ET,3.0
8659.79381443299,97.0,2.0,0.0,1095 AM,3.0
5519.480519480519,77.0,3.0,0.0,1025 WT,4.0
7422.413793103448,58.0,1.0,1.0,1101 BK,2.0
6640.625,64.0,1.0,1.0,1061 MJ,2.0
9166.666666666666,60.0,2.0,0.0,1053 LN,3.0
9745.762711864407,59.0,2.0,0.0,1074 CL,3.0
4913.04347826087,69.0,2.0,1.0,1104 EA,3.0
5784.313725490196,102.0,2.0,1.0,1083 JN,3.0
7440.476190476191,84.0,2.0,1.0,1011 MJ,3.0
8798.076923076924,52.0,1.0,0.0,1013 KP,2.0
8064.5161290322585,62.0,1.0,1.0,1018 LL,2.0
8977.272727272728,44.0,2.0,0.0,1057 VL,3.0
9086.538461538461,104.0,3.0,1.0,1033 WW,4.0
6019.417475728155,103.0,3.0,1.0,1025 WK,4.0
7672.413793103448,58.0,1.0,0.0,1094 KT,3.0
6041.666666666667,120.0,2.0,1.0,1087 HN,4.0
7307.692307692308,130.0,3.0,0.0,1078 DR,5.0
11206.896551724138,174.0,2.0,0.0,1015 LS,3.0
6504.854368932039,103.0,3.0,1.0,1087 VA,4.0
10902.255639097744,133.0,4.0,0.0,1071 XG,6.0
10135.135135135135,74.0,2.0,0.0,1013 EE,3.0
8235.29411764706,51.0,1.0,0.0,1079 LD,2.0
8333.333333333334,78.0,2.0,0.0,1051 EC,3.0
7938.461538461538,65.0,2.0,0.0,1064 AB,3.0
8064.5161290322585,93.0,2.0,0.0,1015 AC,3.0
5597.014925373134,134.0,2.0,0.0,1016 KD,3.0
6338.028169014085,71.0,2.0,0.0,1102 AK,3.0
8461.538461538461,65.0,2.0,0.0,1091 GA,3.0
8684.782608695652,46.0,2.0,0.0,1072 JE,3.0
10659.09090909091,44.0,1.0,0.0,1073 BC,2.0
9751.03734439834,241.0,5.0,0.0,1054 GP,8.0
9264.70588235294,68.0,1.0,0.0,1018 CA,2.0
7980.0,50.0,1.0,0.0,1033 SM,3.0
6849.315068493151,73.0,2.0,0.0,1095 GA,3.0
8786.764705882353,136.0,4.0,0.0,1072 LH,5.0
5000.0,62.0,2.0,0.0,1031 AL,3.0
9625.0,40.0,1.0,0.0,1051 NL,2.0
6410.25641025641,156.0,3.0,1.0,1083 HM,4.0
4166.666666666667,102.0,3.0,1.0,1025 JC,3.0
6205.673758865249,141.0,3.0,1.0,1087 VP,4.0
12176.165803108808,193.0,3.0,0.0,1014 ZP,4.0
6875.0,96.0,2.0,1.0,1019 KE,3.0
11132.075471698114,53.0,1.0,1.0,1096 AM,2.0
9275.36231884058,69.0,1.0,0.0,1018 CA,2.0
7772.277227722772,101.0,2.0,0.0,1017 GN,3.0
11363.636363636364,154.0,3.0,0.0,1015 RA,4.0
5982.9059829059825,117.0,4.0,1.0,1055 AD,5.0
9183.673469387755,49.0,2.0,0.0,1015 SC,3.0
8333.333333333334,66.0,2.0,1.0,1031 HZ,3.0
10256.410256410256,39.0,1.0,0.0,1054 HE,2.0
9103.77358490566,106.0,4.0,0.0,1072 EP,5.0
6176.470588235294,85.0,4.0,0.0,1083 EL,5.0
7232.142857142857,56.0,2.0,0.0,1024 KV,3.0
10981.308411214954,107.0,2.0,0.0,1078 NE,3.0
8645.833333333334,96.0,2.0,1.0,1014 ZJ,4.0
7318.840579710145,69.0,3.0,0.0,1024 KV,4.0
8181.818181818182,55.0,2.0,0.0,1057 GM,3.0
8163.265306122449,98.0,2.0,0.0,1016 VT,3.0
7727.272727272727,77.0,2.0,0.0,1053 ZB,3.0
7710.280373831775,214.0,2.0,0.0,1092 BL,5.0
11025.641025641025,195.0,3.0,1.0,1077 TN,4.0
5625.0,88.0,2.0,1.0,1087 KD,3.0
11458.333333333334,144.0,5.0,0.0,1075 GA,6.0
5263.1578947368425,95.0,3.0,1.0,1025 VC,4.0
7275.2808988764045,178.0,6.0,0.0,1078 HD,7.0
12915.129151291512,271.0,4.0,3.5,1077 PX,6.0
7812.5,64.0,1.0,0.0,1097 WN,2.0
4807.692307692308,78.0,2.0,0.0,1025 SR,3.0
10000.0,109.0,3.0,1.0,1096 AM,4.0
10606.060606060606,33.0,1.0,0.0,1011 JK,2.0
8823.529411764706,85.0,3.0,0.0,1076 PR,4.0
8602.941176470587,68.0,3.0,0.0,1058 TV,4.0
9722.222222222223,90.0,2.0,1.0,1096 DE,3.0
7798.165137614679,109.0,3.0,0.0,1016 EP,5.0
9868.421052631578,38.0,1.0,0.0,1074 CV,1.0
8333.333333333334,87.0,3.0,0.0,1013 CL,4.0
9557.142857142857,70.0,2.0,0.0,1092 TZ,3.0
10865.384615384615,52.0,1.0,1.0,1057 HL,2.0
9695.121951219513,82.0,3.0,0.0,1072 KN,4.0
7738.0952380952385,42.0,1.0,0.0,1083 AZ,2.0
8428.57142857143,70.0,2.0,0.0,1076 PR,3.0
8163.265306122449,49.0,1.0,0.0,1056 TD,2.0
7786.88524590164,61.0,2.0,0.0,1017 NN,3.0
9210.526315789473,38.0,1.0,0.0,1017 AW,2.0
9500.0,50.0,2.0,0.0,1072 VA,3.0
8823.529411764706,51.0,1.0,1.0,1093 NH,2.0
7644.628099173554,121.0,3.0,0.0,1058 JH,4.0
10312.5,160.0,3.0,0.0,1071 HM,6.0
9342.105263157895,76.0,3.0,0.0,1018 CA,4.0
5729.92700729927,137.0,4.0,1.0,1087 VA,5.0
6982.758620689655,58.0,2.0,0.0,1024 KV,3.0
9278.846153846154,104.0,2.0,0.0,1018 CA,3.0
5508.474576271186,59.0,1.0,0.0,1102 ZS,2.0
8802.81690140845,71.0,2.0,0.0,1013 GE,3.0
3400.0,125.0,4.0,1.0,1108 CH,6.0
9053.09677419355,31.0,1.0,1.0,1095 PA,2.0
8898.305084745763,59.0,1.0,0.0,1058 AW,2.0
9025.229357798165,109.0,3.0,1.0,1061 AV,4.0
10000.0,40.0,1.0,0.0,1094 EC,2.0
9051.724137931034,58.0,2.0,0.0,1091 TP,3.0
9358.97435897436,39.0,1.0,0.0,1018 CA,1.0
5113.0952380952385,84.0,3.0,1.0,1069 LK,4.0
3910.891089108911,101.0,3.0,0.0,1106 BB,4.0
8940.217391304348,184.0,4.0,1.0,1031 KA,7.0
7589.285714285715,56.0,2.0,0.0,1057 AA,3.0
6400.0,80.0,2.0,1.0,1101 DA,3.0
9134.615384615385,104.0,2.0,0.0,1015 BT,3.0
9154.929577464789,71.0,2.0,0.0,1077 ZW,3.0
8382.35294117647,68.0,2.0,0.0,1058 XJ,3.0
8364.485981308411,107.0,2.0,1.0,1077 HX,3.0
10194.174757281553,103.0,3.0,0.0,1018 CA,4.0
3888.8888888888887,90.0,3.0,0.0,1034 TA,4.0
10131.578947368422,76.0,2.0,0.0,1018 CA,3.0
8623.188405797102,69.0,1.0,1.0,1031 KN,2.0
8493.975903614459,83.0,2.0,0.0,1061 AV,3.0
8866.666666666666,45.0,1.0,0.0,1052 SX,2.0
4076.086956521739,92.0,3.0,1.0,1108 BD,4.0
9292.035398230088,113.0,2.0,6.0,1016 BE,3.0
7980.0,50.0,1.0,1.0,1062 HE,2.0
4473.684210526316,76.0,3.0,0.0,1064 AE,4.0
12500.0,92.0,2.0,2.0,1017 DN,3.0
7421.875,128.0,3.0,1.0,1096 DV,4.0
15000.0,330.0,3.0,4.5,1014 ZP,5.0
8412.322274881517,211.0,5.0,0.0,1015 NB,8.0
9677.41935483871,31.0,2.0,0.0,1091 TT,3.0
8463.855421686747,83.0,2.0,0.0,1096 DS,3.0
8333.333333333334,51.0,1.0,1.0,1032 LK,2.0
10111.111111111111,45.0,1.0,0.0,1018 CA,2.0
9375.0,48.0,1.0,0.0,1018 CA,2.0
5040.909090909091,55.0,1.0,1.0,1103 AM,2.0
8284.313725490196,102.0,2.0,1.0,1062 LE,3.0
9166.666666666666,120.0,2.0,0.0,1074 BN,4.0
7870.37037037037,108.0,3.0,0.0,1079 JJ,4.0
5634.920634920635,126.0,3.0,1.0,1068 PH,4.0
9375.0,48.0,1.0,0.0,1014 ZB,2.0
10000.0,28.0,1.0,1.0,1096 GJ,1.0
7734.375,64.0,2.0,0.0,1064 AB,3.0
9939.024390243903,82.0,2.0,0.0,1096 GV,3.0
8980.0,50.0,1.0,0.0,1018 TS,2.0
5448.717948717948,78.0,2.0,1.0,1062 ES,3.0
3838.3838383838383,99.0,3.0,1.0,1069 ES,4.0
9558.823529411764,68.0,1.0,2.0,1017 WV,2.0
9943.181818181818,88.0,3.0,0.0,1017 HW,4.0
9903.846153846154,52.0,1.0,0.0,1054 WX,2.0
8673.469387755102,49.0,2.0,0.0,1057 VJ,3.0
6750.0,80.0,3.0,0.0,1024 KV,4.0
4247.311827956989,93.0,2.0,1.0,1011 NA,3.0
8571.42857142857,49.0,1.0,0.0,1056 KP,2.0
4541.984732824428,131.0,3.0,1.0,1069 DA,4.0
5641.025641025641,78.0,2.0,0.0,1066 SC,3.0
8685.44600938967,213.0,5.0,0.0,1075 CT,9.0
7333.333333333333,75.0,2.0,0.0,1056 EM,4.0
9586.466165413534,133.0,3.0,0.0,1018 DJ,4.0
7425.531914893617,47.0,1.0,1.0,1094 GC,2.0
8700.0,100.0,2.0,0.0,1018 CA,3.0
7936.507936507936,63.0,2.0,1.0,1051 TW,3.0
8510.63829787234,47.0,1.0,0.0,1013 CA,2.0
14439.834024896265,241.0,3.0,5.5,1071 ED,4.0
8850.0,100.0,3.0,0.0,1092 CS,4.0
10000.0,40.0,1.0,0.0,1015 RZ,2.0
8730.15873015873,63.0,1.0,0.0,1095 AM,2.0
5514.705882352941,68.0,2.0,0.0,1025 GE,3.0
7708.333333333333,120.0,3.0,1.0,1011 NC,4.0
8636.363636363636,55.0,2.0,0.0,1093 XR,3.0
6538.461538461538,130.0,3.0,0.0,1055 DT,4.0
8333.333333333334,180.0,2.0,1.0,1059 EB,3.0
9352.941176470587,85.0,2.0,1.0,1082 MR,3.0
8618.421052631578,76.0,2.0,0.0,1096 DS,3.0
10173.160173160173,231.0,4.0,1.0,1031 HS,6.0
5592.105263157895,76.0,3.0,0.0,1034 CC,4.0
7377.049180327869,61.0,2.0,0.0,1075 XL,3.0
9961.538461538461,130.0,3.0,0.0,1018 GW,5.0
11666.666666666666,24.0,1.0,0.0,1013 TE,1.0
6730.7692307692305,78.0,2.0,0.0,1013 SN,3.0
9821.42857142857,56.0,2.0,0.0,1091 HV,3.0
8943.661971830987,71.0,2.0,0.0,1056 CP,3.0
9390.243902439024,41.0,1.0,0.0,1051 KB,2.0
3464.566929133858,127.0,3.0,1.0,1025 DS,5.0
10365.853658536585,41.0,1.0,0.0,1057 PW,2.0
7743.90243902439,82.0,1.0,0.0,1056 GB,3.0
8762.886597938144,97.0,2.0,0.0,1095 AM,3.0
11171.886075949367,79.0,2.0,0.0,1014 ZM,3.0
9380.952380952382,105.0,3.0,1.0,1096 AM,4.0
5769.2307692307695,65.0,2.0,0.0,1024 SM,3.0
6363.636363636364,77.0,3.0,0.0,1066 AB,4.0
5333.333333333333,60.0,2.0,0.0,1102 RZ,3.0
6597.222222222223,72.0,3.0,0.0,1073 RM,5.0
7994.738095238095,42.0,1.0,0.0,1064 AB,2.0
6422.413793103448,116.0,2.0,0.0,1082 NE,4.0
8474.57627118644,59.0,1.0,0.0,1013 SV,3.0
9121.621621621622,74.0,1.0,0.0,1059 TH,2.0
9900.0,50.0,2.0,0.0,1058 BL,4.0
4113.9240506329115,79.0,2.0,0.0,1107 TC,3.0
9344.262295081968,122.0,3.0,0.0,1018 TB,4.0
12017.543859649122,114.0,2.0,2.5,1014 ZP,3.0
10862.068965517241,58.0,1.0,1.0,1096 AM,2.0
5537.634408602151,93.0,2.0,1.0,1069 LW,3.0
5064.102564102564,78.0,2.0,1.0,1060 PJ,3.0
7991.803278688524,122.0,3.0,0.0,1015 TP,4.0
11570.247933884297,121.0,3.0,1.0,1018 PM,4.0
10273.972602739726,73.0,1.0,1.0,1096 GS,3.0
9666.666666666666,45.0,1.0,0.0,1073 TS,2.0
6043.956043956044,91.0,3.0,0.0,1063 CH,5.0
4877.862595419847,131.0,3.0,0.0,1066 PW,4.0
4836.065573770492,61.0,2.0,1.0,1069 EG,3.0
6250.0,92.0,4.0,0.0,1094 XZ,5.0
4936.403508771929,57.0,1.0,1.0,1032 KW,2.0
9328.358208955224,201.0,4.0,3.0,1077 JP,6.0
9693.877551020409,98.0,3.0,1.0,1052 HX,5.0
7905.982905982906,117.0,2.0,0.0,1017 RK,4.0
8012.820512820513,78.0,2.0,0.0,1018 RN,3.0
8653.846153846154,52.0,2.0,0.0,1013 SC,3.0
6606.922330097087,103.0,2.0,1.0,1101 DA,3.0
9375.0,56.0,1.0,0.0,1079 SX,2.0
7155.172413793103,58.0,2.0,0.0,1024 KV,3.0
6875.0,72.0,1.0,0.0,1082 KN,3.0
6373.239436619719,71.0,2.0,0.0,1102 AK,3.0
6648.936170212766,94.0,3.0,0.0,1098 NL,5.0
8137.254901960784,51.0,1.0,0.0,1097 VE,2.0
9640.522875816994,153.0,3.0,1.0,1016 PM,5.0
7500.0,50.0,1.0,1.0,1055 RZ,2.0
7012.195121951219,82.0,2.0,0.0,1068 HV,3.0
8932.58426966292,89.0,3.0,0.0,1078 DT,4.0
7596.153846153846,52.0,1.0,1.0,1082 LJ,2.0
6802.816901408451,71.0,2.0,1.0,1101 DA,3.0
6907.692307692308,65.0,1.0,1.0,1081 GR,2.0
13210.78431372549,204.0,5.0,1.0,1071 DH,12.0
6685.393258426966,89.0,3.0,1.0,1066 XT,4.0
10824.175824175823,91.0,2.0,1.0,1096 GV,3.0
8857.142857142857,70.0,2.0,1.0,1095 AM,3.0
6316.455696202532,79.0,2.0,1.0,1101 DA,3.0
8014.705882352941,136.0,4.0,1.0,1076 JB,5.0
4255.31914893617,94.0,2.0,1.0,1104 VA,3.0
8460.0,125.0,3.0,1.0,1061 AR,4.0
9500.0,50.0,1.0,0.0,1011 CX,2.0
10975.609756097561,41.0,1.0,0.0,1052 LL,2.0
7986.111111111111,72.0,3.0,0.0,1018 RA,4.0
8818.181818181818,55.0,2.0,0.0,1092 TX,3.0
4850.746268656716,67.0,2.0,0.0,1066 EG,3.0
9621.212121212122,66.0,2.0,0.0,1016 TA,3.0
4959.848484848485,66.0,1.0,1.0,1103 BA,2.0
8673.469387755102,49.0,2.0,0.0,1056 JT,3.0
8333.333333333334,51.0,1.0,0.0,1013 RJ,2.0
9137.931034482759,87.0,2.0,0.0,1073 TW,3.0
9607.843137254902,51.0,2.0,1.0,1062 LE,3.0
9375.0,96.0,3.0,0.0,1072 XX,5.0
9870.12987012987,77.0,2.0,1.0,1096 AM,3.0
13580.246913580248,81.0,2.0,2.0,1074 BJ,3.0
9445.9,30.0,1.0,1.0,1095 PA,2.0
8247.422680412372,97.0,2.0,1.0,1061 AV,3.0
12738.821656050955,157.0,3.0,1.0,1018 LL,4.0
8163.265306122449,49.0,1.0,0.0,1092 XP,2.0
7983.870967741936,62.0,1.0,0.0,1017 EW,4.0
9894.179894179893,189.0,3.0,0.0,1011 DL,5.0
9583.333333333334,60.0,2.0,0.0,1072 LH,4.0
9908.256880733945,109.0,3.0,1.0,1096 AM,4.0
9551.28205128205,78.0,2.0,0.0,1091 CS,3.0
7734.375,64.0,2.0,0.0,1064 AB,3.0
7513.274336283186,113.0,3.0,0.0,1098 NJ,4.0
4226.190476190476,84.0,2.0,1.0,1106 BK,3.0
12954.545454545454,44.0,1.0,0.0,1017 DS,1.0
6039.473684210527,76.0,2.0,1.0,1064 AG,3.0
4459.459459459459,111.0,3.0,0.0,1103 DV,4.0
7700.0,50.0,1.0,0.0,1062 MX,2.0
6193.181818181818,88.0,3.0,1.0,1025 WK,4.0
7980.0,50.0,2.0,0.0,1017 NN,3.0
8061.224489795918,49.0,1.0,0.0,1095 MD,2.0
13829.787234042553,94.0,2.0,0.0,1015 DR,3.0
5000.0,89.0,3.0,1.0,1068 CT,4.0
11363.636363636364,110.0,2.0,0.0,1016 EJ,4.0
8219.17808219178,146.0,4.0,0.0,1059 XC,6.0
8613.636363636364,44.0,2.0,0.0,1052 SR,3.0
10714.285714285714,63.0,1.0,0.0,1015 CV,2.0
6321.83908045977,87.0,2.0,1.0,1082 JG,3.0
7449.275362318841,69.0,2.0,0.0,1064 AB,3.0
7916.666666666667,60.0,2.0,0.0,1055 PE,4.0
5059.523809523809,84.0,2.0,1.0,1064 LG,3.0
7991.803278688524,122.0,3.0,0.0,1054 ZL,4.0
4888.888888888889,225.0,4.0,0.0,1058 AH,8.0
7522.123893805309,113.0,3.0,0.0,1015 DR,5.0
8482.142857142857,56.0,1.0,0.0,1093 AG,3.0
4929.577464788732,71.0,3.0,0.0,1068 GA,4.0
7173.913043478261,69.0,3.0,0.0,1024 KV,4.0
8225.806451612903,62.0,2.0,1.0,1013 BD,3.0
6488.0952380952385,84.0,2.0,1.0,1061 SE,3.0
9607.843137254902,102.0,3.0,1.0,1096 AM,4.0
12291.666666666666,24.0,1.0,1.0,1019 AT,1.0
7900.0,50.0,1.0,1.0,1062 HE,2.0
8750.0,60.0,1.0,0.0,1016 TM,3.0
8620.689655172413,58.0,2.0,0.0,1076 PS,3.0
9411.764705882353,68.0,2.0,0.0,1097 CH,3.0
7317.073170731707,41.0,1.0,0.0,1063 ZS,2.0
10230.76923076923,39.0,1.0,0.0,1015 GH,2.0
8549.222797927461,193.0,3.0,1.0,1012 XK,6.0
9102.564102564103,78.0,2.0,0.0,1053 XW,3.0
9411.764705882353,85.0,2.0,1.0,1053 VN,3.0
9444.444444444445,63.0,2.0,0.0,1015 GS,3.0
8870.967741935483,62.0,1.0,0.0,1072 CL,2.0
4900.990099009901,101.0,3.0,0.0,1067 EM,4.0
4435.4838709677415,124.0,3.0,0.0,1068 ZT,4.0
10492.424242424242,132.0,2.0,2.0,1077 PH,5.0
9445.9,30.0,1.0,1.0,1095 PA,2.0
5714.285714285715,70.0,2.0,0.0,1068 RL,3.0
9933.333333333334,75.0,1.0,0.0,1018 CA,3.0
10365.853658536585,41.0,1.0,0.0,1017 RC,2.0
10183.673469387755,49.0,1.0,1.0,1095 AM,2.0
10178.57142857143,28.0,1.0,0.0,1094 CW,2.0
6696.428571428572,112.0,3.0,0.0,1032 LS,4.0
12269.23076923077,130.0,3.0,0.0,1071 PA,4.0
8928.57142857143,84.0,2.0,0.0,1079 TD,3.0
7333.333333333333,75.0,2.0,0.0,1098 SV,3.0
10107.52688172043,186.0,4.0,2.5,1071 KL,6.0
7478.260869565217,69.0,2.0,0.0,1064 AB,3.0
8636.363636363636,77.0,2.0,0.0,1096 DS,3.0
6140.350877192983,57.0,1.0,0.0,1025 WS,2.0
7712.765957446809,94.0,2.0,1.0,1077 TK,3.0
10454.545454545454,110.0,2.0,2.5,1013 AK,3.0
7702.923076923077,39.0,1.0,1.0,1032 KW,2.0
4411.764705882353,85.0,2.0,1.0,1024 BB,3.0
19750.0,20.0,1.0,0.0,1054 GB,1.0
8313.253012048193,83.0,2.0,1.0,1031 KN,3.0
8208.955223880597,67.0,1.0,1.0,1061 AV,2.0
10795.454545454546,88.0,2.0,0.0,1071 CS,3.0
8609.71794871795,39.0,1.0,0.0,1064 AB,2.0
6666.666666666667,120.0,3.0,1.0,1087 VA,4.0
7407.407407407408,54.0,1.0,0.0,1059 AE,2.0
9756.09756097561,123.0,2.0,0.0,1018 CA,3.0
8980.0,50.0,2.0,0.0,1079 VK,3.0
7692.307692307692,117.0,2.0,0.0,1017 RW,3.0
3989.89898989899,99.0,3.0,1.0,1069 EL,4.0
8612.068965517241,58.0,2.0,0.0,1058 CK,3.0
6923.076923076923,65.0,2.0,0.0,1012 CM,2.0
10104.166666666666,48.0,1.0,0.0,1054 WN,2.0
7352.941176470588,68.0,2.0,0.0,1098 TL,3.0
9166.666666666666,60.0,1.0,1.0,1031 KE,2.0
7500.0,126.0,4.0,0.0,1058 JL,7.0
9036.697247706423,109.0,2.0,0.0,1018 ZV,3.0
7758.620689655172,87.0,3.0,1.0,1052 WJ,4.0
4750.0,100.0,3.0,0.0,1024 PL,4.0
8160.919540229885,87.0,2.0,0.0,1079 ET,3.0
8725.490196078432,51.0,1.0,0.0,1072 LG,2.0
13543.68932038835,103.0,2.0,1.0,1071 RM,3.0
7679.48717948718,78.0,3.0,0.0,1079 HH,3.0
11241.13475177305,141.0,2.0,1.0,1015 RE,4.0
9829.059829059828,117.0,3.0,0.0,1077 DX,4.0
8828.125,64.0,2.0,0.0,1073 GP,3.0
16540.785498489426,331.0,4.0,1.5,1071 LR,5.0
9539.473684210527,76.0,2.0,0.0,1018 CA,3.0
5509.259259259259,108.0,3.0,1.0,1023 XS,4.0
6987.3015873015875,63.0,2.0,0.0,1064 AB,3.0
9375.0,40.0,1.0,0.0,1018 CA,2.0
8000.0,50.0,1.0,0.0,1095 AX,2.0
6603.773584905661,106.0,1.0,0.0,1012 TA,2.0
6303.797468354431,79.0,2.0,1.0,1101 DA,3.0
7589.285714285715,56.0,2.0,0.0,1056 DD,3.0
9077.669902912621,103.0,3.0,0.0,1095 AM,4.0
7142.857142857143,49.0,2.0,0.0,1055 ZT,3.0
8750.0,112.0,3.0,0.0,1016 HM,4.0
6949.367088607595,79.0,3.0,0.0,1073 BT,4.0
7604.025641025641,39.0,1.0,1.0,1032 KW,2.0
8333.333333333334,54.0,2.0,0.0,1058 XK,3.0
5530.30303030303,66.0,2.0,1.0,1025 SP,3.0
5592.105263157895,76.0,2.0,1.0,1067 MX,3.0
9631.578947368422,57.0,2.0,0.0,1076 JR,3.0
9154.929577464789,71.0,1.0,0.0,1072 HM,2.0
8750.0,60.0,2.0,0.0,1072 VC,3.0
6083.333333333333,120.0,3.0,1.0,1025 WK,4.0
7531.645569620253,79.0,3.0,0.0,1012 XL,4.0
7980.0,50.0,1.0,1.0,1062 HE,2.0
4009.433962264151,106.0,2.0,1.0,1103 JL,3.0
10434.782608695652,92.0,2.0,1.0,1016 HL,3.0
8139.53488372093,43.0,1.0,0.0,1051 JK,2.0
8653.846153846154,104.0,2.0,0.0,1094 AG,4.0
6410.25641025641,78.0,3.0,0.0,1083 TD,5.0
7988.505747126437,87.0,1.0,1.0,1082 MT,2.0
4824.561403508772,114.0,3.0,0.0,1069 RT,4.0
9144.736842105263,76.0,2.0,0.0,1018 CA,3.0
4500.0,70.0,2.0,0.0,1107 RB,3.0
12962.962962962964,27.0,1.0,0.0,1091 GT,2.0
7940.0,50.0,1.0,0.0,1033 SM,3.0
5136.986301369863,73.0,1.0,1.0,1068 CM,2.0
7284.482758620689,116.0,3.0,0.0,1033 RD,4.0
10173.076923076924,52.0,1.0,0.0,1059 CZ,2.0
6932.307692307692,91.0,3.0,1.0,1024 SN,4.0
8638.743455497382,191.0,5.0,1.0,1077 MC,7.0
9192.307692307691,130.0,3.0,1.0,1096 AM,4.0
7734.375,64.0,2.0,0.0,1064 AB,3.0
8823.529411764706,85.0,2.0,1.0,1014 ZB,3.0
4929.577464788732,71.0,3.0,0.0,1068 GB,4.0
9578.534482758621,58.0,2.0,0.0,1012 EG,2.0
8666.666666666666,75.0,2.0,0.0,1056 GM,3.0
9141.193548387097,31.0,1.0,1.0,1095 PA,2.0
8000.0,50.0,2.0,0.0,1055 ER,3.0
4583.333333333333,84.0,3.0,0.0,1024 BC,4.0
8660.714285714286,56.0,2.0,0.0,1013 ZX,3.0
8018.867924528302,53.0,2.0,0.0,1059 XW,3.0
9304.761904761905,105.0,3.0,1.0,1095 AM,4.0
8793.103448275862,145.0,4.0,0.0,1013 BH,5.0
8932.432432432432,74.0,2.0,1.0,1095 AM,3.0
7962.962962962963,81.0,2.0,0.0,1079 NX,4.0
8333.333333333334,81.0,2.0,1.0,1051 RH,3.0
6581.796116504855,103.0,3.0,1.0,1101 DA,4.0
10632.183908045978,87.0,2.0,0.0,1082 MT,3.0
7314.814814814815,54.0,2.0,0.0,1074 VN,3.0
7960.0,125.0,3.0,3.0,1031 KV,4.0
6896.551724137931,58.0,1.0,0.0,1093 CN,3.0
8061.224489795918,49.0,1.0,0.0,1051 KW,2.0
7700.0,50.0,1.0,0.0,1061 TA,2.0
4488.636363636364,88.0,3.0,0.0,1102 XX,4.0
8389.830508474577,59.0,2.0,0.0,1058 DN,3.0
8000.0,65.0,2.0,0.0,1064 AB,3.0
4964.5390070921985,141.0,2.0,1.0,1065 EG,3.0
6712.0952380952385,42.0,1.0,1.0,1032 KW,2.0
9885.416666666666,96.0,2.0,1.0,1016 PM,3.0
10000.0,59.0,1.0,1.0,1031 KN,2.0
12500.0,10.0,1.0,0.0,1056 KZ,1.0
7203.389830508475,59.0,2.0,0.0,1055 ER,3.0
4318.181818181818,66.0,2.0,0.0,1106 DR,3.0
7291.666666666667,48.0,1.0,0.0,1065 EH,2.0
8750.0,80.0,2.0,0.0,1072 BT,3.0
7232.142857142857,56.0,2.0,0.0,1024 KV,3.0
7231.4049586776855,121.0,3.0,1.0,1061 WB,4.0
9259.25925925926,81.0,2.0,0.0,1017 WB,3.0
5297.029702970297,101.0,3.0,1.0,1069 KD,4.0
9445.9,30.0,1.0,1.0,1095 PA,2.0
9666.666666666666,60.0,1.0,1.0,1031 HX,2.0
12979.351032448378,339.0,4.0,0.0,1016 GD,8.0
7500.0,78.0,3.0,0.0,1097 WZ,4.0
3666.6666666666665,105.0,3.0,0.0,1103 LL,4.0
4347.815217391304,92.0,3.0,1.0,1108 CC,4.0
4466.666666666667,75.0,2.0,0.0,1106 DK,3.0
7792.207792207792,77.0,1.0,0.0,1072 KX,3.0
4226.190476190476,84.0,3.0,0.0,1106 DR,4.0
6417.910447761194,67.0,2.0,0.0,1102 AK,3.0
7325.581395348837,43.0,1.0,0.0,1102 XM,2.0
9928.57142857143,70.0,2.0,1.0,1074 EP,3.0
10555.555555555555,45.0,1.0,0.0,1017 JR,2.0
8333.333333333334,54.0,3.0,0.0,1092 GZ,5.0
8692.307692307691,65.0,2.0,0.0,1076 JE,3.0
9782.608695652174,46.0,1.0,0.0,1016 TP,2.0
8333.333333333334,63.0,2.0,0.0,1052 KW,3.0
6722.431372549019,102.0,2.0,1.0,1101 DA,3.0
8490.566037735849,106.0,4.0,0.0,1091 AZ,5.0
9285.714285714286,49.0,1.0,0.0,1018 CA,2.0
8523.809523809523,105.0,2.0,1.0,1053 LH,3.0
8445.945945945947,148.0,2.0,1.0,1082 MT,3.0
7780.0,50.0,2.0,0.0,1095 GD,3.0
8313.253012048193,83.0,2.0,1.0,1031 KN,3.0
8839.285714285714,56.0,1.0,0.0,1091 VE,2.0
10294.117647058823,34.0,1.0,0.0,1032 KW,2.0
9313.725490196079,51.0,2.0,0.0,1094 JC,3.0
9267.441860465116,86.0,3.0,0.0,1095 AM,4.0
9509.803921568628,51.0,2.0,1.0,1062 LE,3.0
9482.758620689656,116.0,3.0,0.0,1018 CA,4.0
6500.0,93.0,2.0,1.0,1101 DA,3.0
6250.0,68.0,2.0,0.0,1073 HH,4.0
9184.782608695652,92.0,2.0,0.0,1095 AM,3.0
9259.25925925926,54.0,2.0,0.0,1075 SL,3.0
8677.685950413223,121.0,4.0,0.0,1073 VJ,4.0
7943.037974683544,79.0,2.0,0.0,1061 AR,3.0
9180.327868852459,61.0,1.0,0.0,1018 CA,2.0
4750.0,84.0,3.0,0.0,1107 CP,4.0
8418.803418803418,117.0,3.0,0.0,1013 TG,4.0
5287.878787878788,66.0,2.0,0.0,1062 GD,3.0
7208.588957055214,163.0,4.0,2.0,1079 PE,5.0
7232.142857142857,56.0,2.0,0.0,1024 KV,3.0
6854.8387096774195,124.0,3.0,1.0,1011 NC,5.0
7946.428571428572,56.0,1.0,0.0,1058 XX,2.0
7225.352112676056,71.0,2.0,1.0,1101 BA,3.0
5000.0,125.0,2.0,0.0,1087 JJ,3.0
7900.0,50.0,1.0,1.0,1062 HE,2.0
5144.927536231884,69.0,2.0,1.0,1104 EA,3.0
9714.285714285714,175.0,2.0,1.0,1016 EJ,3.0
6298.701298701299,77.0,3.0,1.0,1025 WK,4.0
7235.294117647059,85.0,2.0,0.0,1054 LT,4.0
9767.441860465116,86.0,2.0,1.0,1096 AM,3.0
5882.35294117647,68.0,2.0,0.0,1069 RS,3.0
8283.018867924528,53.0,2.0,0.0,1056 PP,3.0
3877.777777777778,90.0,3.0,1.0,1102 HH,4.0
8974.358974358975,39.0,1.0,0.0,1015 WJ,2.0
10526.315789473685,38.0,1.0,0.0,1096 DA,2.0
9366.197183098591,71.0,2.0,0.0,1018 CA,3.0
7327.586206896552,58.0,1.0,1.0,1019 HC,2.0
8061.224489795918,49.0,2.0,0.0,1055 HP,3.0
9426.22950819672,61.0,2.0,0.0,1018 CC,3.0
9274.193548387097,62.0,2.0,0.0,1015 XM,3.0
8522.727272727272,264.0,4.0,3.5,1015 BT,5.0
9634.146341463415,41.0,1.0,0.0,1018 CA,2.0
9042.553191489362,47.0,1.0,0.0,1053 TV,3.0
8184.615384615385,65.0,2.0,0.0,1064 AB,3.0
8534.48275862069,58.0,2.0,0.0,1056 EH,3.0
10494.505494505494,91.0,2.0,0.0,1096 GV,3.0
9210.526315789473,38.0,1.0,1.0,1062 GE,1.0
9250.0,100.0,2.0,0.0,1015 SL,4.0
6225.961538461538,104.0,2.0,1.0,1087 VA,3.0
8771.929824561403,57.0,1.0,0.0,1054 VZ,3.0
7692.307692307692,52.0,1.0,0.0,1091 GC,2.0
12096.774193548386,124.0,2.0,1.0,1082 MK,3.0
6609.19540229885,87.0,3.0,1.0,1061 WB,4.0
9279.661016949152,118.0,3.0,1.0,1072 XZ,5.0
5526.315789473684,95.0,2.0,1.0,1087 GL,3.0
6982.758620689655,58.0,2.0,0.0,1024 KV,3.0
8190.476190476191,105.0,2.0,1.0,1031 KD,3.0
12278.481012658227,79.0,2.0,1.0,1031 HX,3.0
10638.297872340425,94.0,2.0,0.0,1015 PE,3.0
6747.57281553398,103.0,2.0,1.0,1083 ME,4.0
6993.006993006993,143.0,6.0,0.0,1072 CJ,7.0
7812.5,48.0,2.0,0.0,1074 GZ,3.0
5157.48031496063,127.0,3.0,0.0,1064 AB,4.0
11538.461538461539,39.0,1.0,0.0,1072 XL,2.0
7767.857142857143,56.0,1.0,0.0,1019 GX,2.0
9615.384615384615,39.0,1.0,0.0,1051 LP,2.0
10000.0,28.0,1.0,1.0,1096 GJ,1.0
8611.111111111111,108.0,3.0,1.0,1061 AV,4.0
10629.92125984252,127.0,3.0,0.0,1077 ME,4.0
4573.170731707317,82.0,3.0,0.0,1069 HK,4.0
8777.777777777777,45.0,1.0,0.0,1095 CH,2.0
7349.3975903614455,83.0,2.0,0.0,1064 AB,3.0
5063.291139240507,79.0,2.0,0.0,1067 DC,3.0
10513.4609375,128.0,2.0,1.0,1013 SG,4.0
8796.296296296296,54.0,2.0,0.0,1052 LE,3.0
6193.181818181818,88.0,3.0,1.0,1025 WK,4.0
6887.755102040816,98.0,3.0,0.0,1058 JN,5.0
9750.0,60.0,1.0,2.0,1016 AK,2.0
8490.566037735849,53.0,2.0,0.0,1054 WE,3.0
7971.014492753623,69.0,1.0,1.0,1075 XH,2.0
8754.38596491228,57.0,2.0,0.0,1057 CX,3.0
9816.51376146789,109.0,3.0,1.0,1096 AM,4.0
8064.5161290322585,124.0,3.0,0.0,1098 GC,4.0
6740.740740740741,81.0,2.0,1.0,1101 DA,3.0
8737.864077669903,103.0,3.0,0.0,1074 CJ,4.0
7123.287671232877,73.0,2.0,1.0,1083 AX,3.0
6878.761904761905,42.0,1.0,1.0,1032 KW,2.0
10063.291139240506,79.0,1.0,0.0,1058 BT,2.0
8280.254777070064,157.0,2.0,1.0,1082 MS,3.0
5931.14,50.0,1.0,1.0,1032 KW,2.0
7385.714285714285,70.0,2.0,0.0,1064 AB,3.0
9244.186046511628,86.0,2.0,0.0,1072 TT,3.0
4880.263157894737,114.0,4.0,1.0,1103 AM,5.0
3750.0,100.0,3.0,1.0,1069 ER,4.0
4462.809917355372,121.0,3.0,0.0,1108 HB,5.0
7786.88524590164,61.0,3.0,0.0,1058 CS,4.0
8933.333333333334,75.0,2.0,1.0,1031 KN,3.0
9420.289855072464,69.0,1.0,0.0,1018 CA,2.0
8522.727272727272,44.0,1.0,0.0,1051 TT,2.0
9000.0,50.0,1.0,0.0,1013 TE,2.0
8479.452054794521,73.0,2.0,0.0,1055 ME,4.0
9000.0,50.0,1.0,0.0,1018 CA,2.0
9615.384615384615,91.0,2.0,1.0,1096 DE,3.0
6373.239436619719,71.0,2.0,0.0,1102 AK,3.0
4508.196721311476,61.0,2.0,0.0,1069 EE,3.0
10074.626865671642,134.0,4.0,0.0,1075 SN,6.0
10438.59649122807,57.0,2.0,0.0,1098 HC,3.0
9328.358208955224,134.0,3.0,0.0,1079 ST,5.0
6435.4838709677415,93.0,2.0,1.0,1101 DA,3.0
10000.0,128.0,2.0,1.0,1016 RG,3.0
8620.689655172413,87.0,2.0,0.0,1079 KD,4.0
10305.34351145038,131.0,5.0,0.0,1071 NC,6.0
9193.548387096775,62.0,1.0,0.0,1018 CA,2.0
9791.666666666666,24.0,1.0,1.0,1083 CN,1.0
10843.373493975903,83.0,2.0,0.0,1015 CT,3.0
7933.333333333333,75.0,2.0,0.0,1052 HV,3.0
8493.975903614459,83.0,2.0,0.0,1096 DS,3.0
6437.5,80.0,2.0,1.0,1101 DA,3.0
9916.666666666666,60.0,2.0,0.0,1016 PV,3.0
8974.358974358975,39.0,1.0,0.0,1015 RC,2.0
8163.265306122449,49.0,1.0,0.0,1055 PL,2.0
8571.42857142857,70.0,2.0,0.0,1078 SR,3.0
9387.755102040815,49.0,1.0,0.0,1018 CA,2.0
8636.363636363636,55.0,1.0,0.0,1093 GE,2.0
3709.6774193548385,93.0,3.0,0.0,1102 ED,4.0
8069.84496124031,129.0,2.0,0.0,1014 ZK,5.0
4695.0,100.0,2.0,1.0,1024 LW,3.0
6377.551020408163,98.0,3.0,0.0,1062 HE,4.0
20261.437908496733,153.0,2.0,1.0,1071 AK,4.0
7746.478873239436,71.0,2.0,0.0,1093 TP,3.0
8139.53488372093,43.0,1.0,0.0,1051 EH,2.0
9508.196721311475,61.0,1.0,0.0,1018 CA,2.0
7272.727272727273,55.0,2.0,0.0,1055 TS,3.0
6482.797619047619,84.0,2.0,1.0,1032 KW,3.0
5110.294117647059,136.0,3.0,1.0,1083 GH,4.0
7692.307692307692,65.0,2.0,0.0,1093 SL,4.0
6640.449438202248,89.0,2.0,1.0,1101 DA,3.0
8720.93023255814,86.0,2.0,0.0,1051 BW,3.0
8649.635036496351,137.0,4.0,0.0,1059 BV,5.0
9445.9,30.0,1.0,1.0,1095 PA,2.0
6683.168316831683,101.0,1.0,1.0,1018 WA,2.0
9709.302325581395,86.0,2.0,1.0,1096 AM,3.0
7700.0,50.0,1.0,1.0,1062 HE,2.0
5214.285714285715,70.0,2.0,1.0,1069 GZ,3.0
6934.306569343065,137.0,2.0,1.0,1081 KK,3.0
9545.454545454546,55.0,2.0,0.0,1059 SP,3.0
6465.517241379311,58.0,2.0,0.0,1065 XV,3.0
8614.4578313253,83.0,2.0,0.0,1096 DS,3.0
10000.0,75.0,2.0,0.0,1075 TG,3.0
8700.0,50.0,1.0,0.0,1051 XW,3.0
9322.033898305084,118.0,3.0,0.0,1018 CA,4.0
11130.148936170213,94.0,3.0,1.0,1013 SG,4.0
9241.573033707866,178.0,3.0,2.5,1014 ZJ,4.0
7959.183673469388,49.0,1.0,0.0,1091 JZ,2.0
9183.673469387755,49.0,1.0,0.0,1056 KN,2.0
12435.897435897436,78.0,2.0,1.0,1018 LL,3.0
9800.0,55.0,2.0,0.0,1092 TZ,3.0
6089.74358974359,78.0,2.0,0.0,1083 TE,3.0
7451.923076923077,104.0,2.0,1.0,1019 LJ,3.0
6828.9473684210525,76.0,2.0,0.0,1082 NM,3.0
8888.888888888889,45.0,1.0,0.0,1052 TS,2.0
8471.698113207547,53.0,1.0,0.0,1091 CZ,2.0
7278.481012658228,79.0,2.0,0.0,1078 CJ,3.0
5172.413793103448,87.0,2.0,1.0,1082 RA,3.0
8666.666666666666,75.0,2.0,0.0,1054 XH,3.0
7900.0,50.0,1.0,1.0,1062 HE,2.0
4776.119402985075,67.0,2.0,0.0,1068 XZ,3.0
6164.3835616438355,73.0,3.0,0.0,1053 GR,4.0
7900.0,50.0,1.0,1.0,1062 HE,2.0
10273.972602739726,146.0,4.0,0.0,1097 CJ,6.0
7608.695652173913,46.0,1.0,0.0,1034 DR,2.0
8771.929824561403,57.0,2.0,0.0,1055 TA,3.0
9519.23076923077,52.0,1.0,0.0,1013 GW,2.0
4411.764705882353,68.0,1.0,0.0,1107 AJ,2.0
8823.529411764706,51.0,2.0,0.0,1052 TV,3.0
8813.725490196079,102.0,2.0,0.0,1013 HG,3.0
11842.105263157895,114.0,4.0,0.0,1017 JJ,5.0
8928.57142857143,70.0,2.0,1.0,1031 KN,3.0
7867.132867132867,143.0,4.0,0.0,1073 EE,5.0
8000.0,50.0,1.0,0.0,1055 DE,3.0
8816.666666666666,60.0,1.0,0.0,1056 TW,3.0
4532.710280373832,107.0,2.0,1.0,1068 ZZ,3.0
8291.666666666666,120.0,4.0,0.0,1078 LH,5.0
8709.677419354839,62.0,1.0,0.0,1018 CA,2.0
8522.727272727272,88.0,2.0,1.0,1051 PH,3.0
7518.0722891566265,83.0,2.0,0.0,1064 AB,3.0
6000.0,100.0,4.0,0.0,1052 EJ,5.0
8267.326732673268,101.0,3.0,1.0,1072 EW,4.0
4393.939393939394,99.0,2.0,1.0,1104 VA,3.0
10264.70588235294,34.0,1.0,0.0,1017 TK,2.0
7837.8378378378375,74.0,3.0,0.0,1056 DK,4.0
5000.0,100.0,2.0,1.0,1087 JD,3.0
9141.193548387097,31.0,1.0,1.0,1095 PA,2.0
9659.09090909091,44.0,2.0,0.0,1094 CR,3.0
7222.222222222223,90.0,2.0,0.0,1011 TZ,3.0
9415.584415584415,77.0,2.0,0.0,1018 CA,3.0
9445.9,30.0,1.0,1.0,1095 PA,2.0
9269.662921348314,89.0,2.0,0.0,1016 AD,3.0
8333.333333333334,54.0,2.0,0.0,1051 HP,3.0
7534.246575342466,73.0,2.0,0.0,1098 ER,3.0
7564.102564102564,78.0,2.0,0.0,1011 HB,3.0
8048.780487804878,82.0,2.0,0.0,1096 DV,3.0
8192.77108433735,83.0,2.0,1.0,1061 AV,3.0
7012.195121951219,164.0,3.0,0.0,1013 BX,4.0
8166.666666666667,72.0,1.0,0.0,1054 LG,2.0
8338.461538461539,65.0,2.0,0.0,1064 AB,3.0
6081.081081081081,37.0,1.0,0.0,1107 JS,1.0
9533.333333333334,75.0,2.0,0.0,1078 MX,3.0
7638.888888888889,216.0,3.0,0.0,1043 NV,6.0
9445.9,30.0,1.0,1.0,1095 PA,2.0
6712.328767123287,73.0,2.0,0.0,1092 BH,3.0
7812.5,48.0,1.0,0.0,1021 LS,2.0
8053.097345132744,113.0,2.0,0.0,1031 KV,3.0
10000.0,62.0,2.0,0.0,1015 VD,3.0
6428.571428571428,70.0,2.0,0.0,1032 AP,3.0
6392.857142857143,140.0,3.0,0.0,1043 EV,4.0
6375.0,72.0,2.0,1.0,1025 WK,3.0
9347.826086956522,69.0,2.0,0.0,1018 CA,3.0
5448.717948717948,156.0,2.0,0.0,1056 HD,5.0
9880.952380952382,42.0,1.0,0.0,1015 EA,2.0
6451.612903225807,93.0,2.0,0.0,1012 WG,3.0
9651.162790697674,43.0,2.0,0.0,1078 KG,3.0
10108.695652173914,138.0,2.0,0.0,1018 ER,4.0
12133.333333333334,75.0,2.0,1.0,1018 LL,3.0
9411.764705882353,68.0,2.0,1.0,1031 KN,3.0
8593.75,64.0,1.0,0.0,1018 BB,2.0
6149.425287356322,87.0,2.0,0.0,1065 DB,3.0
7578.125,64.0,2.0,0.0,1064 AB,3.0
4629.62962962963,81.0,2.0,1.0,1068 WV,3.0
14423.076923076924,104.0,2.0,0.0,1017 DW,3.0
7812.5,32.0,1.0,0.0,1055 AA,1.0
6455.223880597015,67.0,2.0,0.0,1102 AK,3.0
9494.38202247191,89.0,3.0,1.0,1031 KN,4.0
8333.333333333334,144.0,3.0,1.0,1086 VA,4.0
4195.402298850575,87.0,2.0,1.0,1025 EB,3.0
6467.391304347826,92.0,2.0,1.0,1087 LL,3.0
6273.972602739726,73.0,1.0,0.0,1064 AB,2.0
8196.72131147541,61.0,1.0,0.0,1058 HC,3.0
7236.8421052631575,152.0,4.0,0.0,1013 ER,6.0
9230.76923076923,39.0,1.0,0.0,1051 EB,2.0
5241.935483870968,62.0,1.0,1.0,1025 JE,2.0
12976.190476190477,42.0,1.0,0.0,1015 SN,3.0
8394.475,40.0,1.0,0.0,1064 AB,2.0
6626.506024096386,83.0,2.0,1.0,1095 MP,3.0
4577.4647887323945,71.0,2.0,1.0,1069 DV,3.0
8229.166666666666,48.0,2.0,0.0,1074 GZ,3.0
7324.84076433121,157.0,4.0,1.0,1019 HD,5.0
10185.185185185184,108.0,2.0,0.0,1015 AD,3.0
6601.941747572816,103.0,3.0,1.0,1087 VA,4.0
4277.777777777777,90.0,3.0,0.0,1102 XE,4.0
9239.130434782608,46.0,2.0,0.0,1011 KE,3.0
9482.758620689656,116.0,3.0,0.0,1018 CA,4.0
8674.698795180722,83.0,2.0,0.0,1096 DS,3.0
9390.243902439024,41.0,1.0,0.0,1051 LP,2.0
12034.48275862069,29.0,1.0,0.0,1053 LK,2.0
9693.877551020409,49.0,2.0,0.0,1073 GL,3.0
9239.130434782608,46.0,1.0,0.0,1076 VP,2.0
7697.368421052632,76.0,2.0,1.0,1019 HS,3.0
7352.941176470588,102.0,3.0,1.0,1019 NA,4.0
11156.716417910447,134.0,3.0,0.0,1054 WZ,5.0
6347.826086956522,69.0,2.0,1.0,1025 WK,3.0
6862.595419847328,131.0,3.0,0.0,1091 DP,6.0
6318.181818181818,110.0,3.0,1.0,1083 GC,5.0
7883.720930232558,43.0,2.0,0.0,1055 DZ,3.0
8616.07142857143,112.0,3.0,0.0,1057 HP,4.0
7377.049180327869,61.0,2.0,0.0,1094 SG,3.0
6060.606060606061,99.0,2.0,0.0,1062 KV,3.0
10526.315789473685,38.0,1.0,0.0,1012 VT,2.0
7142.857142857143,140.0,4.0,0.0,1078 RL,5.0
9445.9,30.0,1.0,1.0,1095 PA,2.0
9270.833333333334,48.0,2.0,0.0,1074 GC,3.0
9141.193548387097,31.0,1.0,1.0,1095 PA,2.0
6430.10752688172,93.0,2.0,1.0,1101 DA,3.0
6875.0,80.0,3.0,0.0,1024 KV,4.0
7000.0,75.0,2.0,1.0,1019 HR,3.0
8469.387755102041,49.0,1.0,0.0,1018 CA,2.0
4318.181818181818,110.0,2.0,1.0,1068 GV,4.0
7712.765957446809,94.0,3.0,0.0,1094 LH,4.0
6474.358974358975,78.0,2.0,1.0,1025 WK,3.0
6913.04347826087,115.0,3.0,0.0,1094 CV,4.0
6521.739130434783,92.0,2.0,1.0,1055 AB,3.0
9424.460431654676,139.0,3.0,1.0,1096 AM,5.0
8606.557377049181,61.0,2.0,0.0,1058 SW,3.0
7594.827586206897,58.0,1.0,1.0,1101 BA,2.0
7894.736842105263,57.0,1.0,1.0,1095 ME,2.0
6093.75,64.0,1.0,2.0,1094 MH,2.0
6835.6164383561645,73.0,2.0,1.0,1067 EM,3.0
6982.758620689655,58.0,2.0,0.0,1024 KV,3.0
9269.662921348314,89.0,2.0,1.0,1096 AM,3.0
9634.146341463415,41.0,1.0,0.0,1018 CA,2.0
7727.272727272727,55.0,2.0,0.0,1055 AZ,3.0
7400.0,125.0,4.0,0.0,1056 PC,5.0
7022.471910112359,89.0,2.0,1.0,1098 XA,3.0
8962.264150943396,53.0,2.0,1.0,1055 RC,3.0
4938.271604938272,81.0,2.0,0.0,1061 GM,3.0
8739.583333333334,48.0,3.0,0.0,1055 PD,4.0
10185.185185185184,162.0,4.0,1.0,1054 AK,5.0
4356.060606060606,132.0,3.0,1.0,1068 ZZ,4.0
9047.619047619048,105.0,2.0,1.0,1082 ME,3.0
7291.666666666667,48.0,1.0,0.0,1102 AK,2.0
5557.851239669421,121.0,3.0,1.0,1062 CG,5.0
8223.684210526315,76.0,1.0,0.0,1013 HG,2.0
6390.977443609023,133.0,3.0,1.0,1083 GP,5.0
4629.62962962963,81.0,3.0,0.0,1069 DW,4.0
4890.10989010989,91.0,2.0,0.0,1068 GL,3.0
8208.955223880597,67.0,1.0,1.0,1031 KE,2.0
7126.984126984127,63.0,2.0,0.0,1056 JW,3.0
7118.64406779661,59.0,1.0,0.0,1012 DG,1.0
4612.903225806452,93.0,3.0,1.0,1069 LD,4.0
8730.15873015873,63.0,2.0,0.0,1072 VK,3.0
6818.181818181818,77.0,2.0,0.0,1094 XK,3.0
7142.857142857143,77.0,2.0,0.0,1082 EH,3.0
8636.363636363636,55.0,1.0,0.0,1054 CD,2.0
10256.410256410256,39.0,1.0,0.0,1013 NR,2.0
7445.78313253012,83.0,2.0,0.0,1064 AB,3.0
8653.846153846154,78.0,2.0,0.0,1056 GV,4.0
7936.507936507936,63.0,2.0,0.0,1064 AB,3.0
8823.529411764706,85.0,3.0,0.0,1057 AV,4.0
11052.631578947368,171.0,3.0,0.0,1018 CA,5.0
10443.037974683544,158.0,1.0,0.0,1071 CH,3.0
3883.4951456310678,103.0,3.0,1.0,1102 AP,4.0
9105.263157894737,95.0,2.0,1.0,1062 LE,3.0
11171.87341772152,79.0,2.0,0.0,1014 ZK,3.0
9444.444444444445,72.0,1.0,1.0,1031 KN,2.0
9623.655913978495,93.0,2.0,0.0,1071 EL,4.0
8438.818565400843,237.0,2.0,3.5,1015 CT,3.0
7608.695652173913,46.0,1.0,0.0,1074 AM,2.0
4556.962025316456,79.0,2.0,1.0,1103 TT,3.0
10000.0,90.0,2.0,0.0,1076 JN,3.0
7232.142857142857,56.0,2.0,0.0,1024 KV,3.0
5750.0,99.0,2.0,0.0,1101 CZ,3.0
10091.743119266055,327.0,3.0,1.0,1022 AB,7.0
12586.206896551725,87.0,2.0,1.0,1017 DN,3.0
9000.0,175.0,2.0,0.0,1016 HR,4.0
5582.52427184466,103.0,2.0,0.0,1066 AZ,3.0
8823.529411764706,51.0,2.0,0.0,1058 KP,3.0
8048.387096774193,62.0,2.0,0.0,1082 SP,3.0
7500.0,60.0,2.0,0.0,1051 VE,3.0
7186.440677966101,59.0,1.0,1.0,1058 ER,2.0
3958.3333333333335,72.0,3.0,1.0,1069 EH,4.0
7361.111111111111,108.0,1.0,0.0,1014 ZL,4.0
7758.620689655172,58.0,2.0,0.0,1056 DE,3.0
5000.0,95.0,2.0,1.0,1068 CR,3.0
7900.0,50.0,1.0,1.0,1062 HE,2.0
6763.888888888889,72.0,2.0,1.0,1101 DA,3.0
7203.389830508475,59.0,1.0,1.0,1058 EM,2.0
9760.479041916167,167.0,3.0,1.0,1095 AM,4.0
8066.037735849057,106.0,2.0,1.0,1095 AM,3.0
7449.275362318841,69.0,2.0,0.0,1064 AB,3.0
9218.75,64.0,1.0,0.0,1018 CA,2.0
7545.454545454545,55.0,2.0,0.0,1013 ZX,3.0
6172.83950617284,81.0,2.0,0.0,1066 HC,3.0
10948.275862068966,58.0,1.0,1.0,1096 AM,2.0
9035.714285714286,70.0,2.0,0.0,1096 DS,3.0
3653.846153846154,78.0,2.0,0.0,1107 HR,3.0
7683.760683760684,117.0,2.0,1.0,1031 KG,3.0
9433.962264150943,53.0,2.0,0.0,1055 BC,4.0
8064.5161290322585,62.0,2.0,0.0,1094 EM,3.0
9375.0,48.0,1.0,0.0,1073 EW,2.0
8432.203389830509,118.0,2.0,0.0,1053 LN,3.0
8930.817610062893,159.0,3.0,0.0,1015 MR,5.0
7653.846153846154,130.0,3.0,0.0,1073 GG,5.0
8139.53488372093,43.0,1.0,0.0,1093 GZ,2.0
7727.272727272727,99.0,2.0,0.0,1061 AV,3.0
10900.47393364929,211.0,5.0,1.0,1071 EC,9.0
7900.0,50.0,1.0,1.0,1062 HE,2.0
6321.83908045977,87.0,2.0,1.0,1087 KH,3.0
7808.988764044944,89.0,2.0,0.0,1098 KV,3.0
9183.673469387755,49.0,1.0,1.0,1031 HS,2.0
9780.0,50.0,2.0,0.0,1054 XP,3.0
5970.873786407767,103.0,3.0,1.0,1025 WK,4.0
7980.0,50.0,1.0,1.0,1062 HE,2.0
7590.361445783133,83.0,2.0,0.0,1013 TN,3.0
7831.325301204819,83.0,2.0,1.0,1082 GM,3.0
9210.526315789473,57.0,2.0,0.0,1079 GD,3.0
6043.478260869565,115.0,3.0,0.0,1094 HB,4.0
9316.770186335403,161.0,3.0,0.0,1018 CA,5.0
9540.229885057472,87.0,2.0,1.0,1096 AM,3.0
4276.315789473684,76.0,2.0,0.0,1106 DK,3.0
8394.475,40.0,1.0,0.0,1064 AB,2.0
8333.333333333334,60.0,2.0,0.0,1078 BT,3.0
8490.566037735849,53.0,1.0,0.0,1018 BE,2.0
8848.314606741573,178.0,3.0,1.0,1017 ED,4.0
6171.235294117647,85.0,2.0,1.0,1032 KW,3.0
10156.25,32.0,1.0,0.0,1073 CM,2.0
6583.333333333333,60.0,2.0,0.0,1102 AK,3.0
9000.0,50.0,2.0,0.0,1057 VR,3.0
8157.894736842105,95.0,2.0,0.0,1075 TX,3.0
6343.2835820895525,67.0,2.0,0.0,1057 SN,3.0
3494.6236559139784,93.0,3.0,0.0,1035 CP,4.0
4882.8125,128.0,3.0,0.0,1024 ML,4.0
6666.666666666667,66.0,2.0,0.0,1083 XD,3.0
10783.783783783783,37.0,1.0,1.0,1096 DA,2.0
9509.803921568628,102.0,3.0,1.0,1096 AM,4.0
9141.193548387097,31.0,1.0,1.0,1095 PA,2.0
5963.855421686747,83.0,3.0,0.0,1087 EK,4.0
7462.686567164179,67.0,2.0,0.0,1095 MD,3.0
9046.511627906977,86.0,3.0,0.0,1095 AM,4.0
9178.57142857143,70.0,2.0,0.0,1096 DS,3.0
7195.121951219512,82.0,2.0,1.0,1055 AB,3.0
7142.857142857143,77.0,2.0,0.0,1094 RA,3.0
8113.207547169812,53.0,2.0,0.0,1093 JD,3.0
6794.871794871795,117.0,1.0,1.0,1019 LL,3.0
5468.75,64.0,1.0,0.0,1069 NE,2.0
8163.265306122449,49.0,2.0,0.0,1079 TM,3.0
7500.0,42.0,1.0,0.0,1064 ME,2.0
9233.333333333334,60.0,1.0,0.0,1095 AM,2.0
7907.692307692308,65.0,2.0,0.0,1064 AB,3.0
8035.714285714285,56.0,2.0,0.0,1057 GM,3.0
5448.717948717948,78.0,2.0,1.0,1064 EH,3.0
7894.736842105263,57.0,4.0,0.0,1056 PX,5.0
9204.545454545454,44.0,1.0,0.0,1018 CA,2.0
5563.380281690141,71.0,3.0,0.0,1064 TD,4.0
7547.169811320755,53.0,2.0,0.0,1057 VP,3.0
9533.898305084746,118.0,2.0,2.0,1012 VG,3.0
7785.714285714285,70.0,2.0,1.0,1082 LH,3.0
14406.77966101695,59.0,2.0,0.0,1016 RA,3.0
10267.857142857143,56.0,1.0,0.0,1091 TJ,2.0
9482.758620689656,58.0,2.0,0.0,1092 VA,3.0
9507.042253521127,71.0,2.0,0.0,1079 NS,3.0
5639.53488372093,86.0,2.0,3.0,1087 KD,3.0
9333.333333333334,105.0,3.0,1.0,1096 AM,4.0
9186.046511627907,43.0,1.0,0.0,1072 EJ,2.0
5333.333333333333,75.0,3.0,0.0,1065 CN,4.0
8888.888888888889,45.0,1.0,0.0,1011 KE,2.0
7246.376811594203,69.0,1.0,0.0,1013 RJ,2.0
8714.285714285714,70.0,2.0,0.0,1096 DS,3.0
8800.0,75.0,2.0,1.0,1095 AM,3.0
9375.0,64.0,1.0,1.0,1031 KN,2.0
9661.016949152543,59.0,1.0,1.0,1062 LE,3.0
8425.0,100.0,3.0,1.0,1061 AV,4.0
15374.331550802139,374.0,3.0,1.0,1016 DZ,9.0
9565.217391304348,46.0,1.0,0.0,1096 DE,2.0
6293.103448275862,58.0,1.0,1.0,1087 VA,2.0
6750.0,100.0,2.0,0.0,1095 MD,3.0
8035.714285714285,56.0,1.0,0.0,1056 HH,2.0
8736.842105263158,57.0,1.0,0.0,1054 WS,2.0
7661.290322580645,62.0,2.0,0.0,1057 ZJ,3.0
8000.0,75.0,3.0,0.0,1097 DM,4.0
11000.0,100.0,2.0,0.0,1016 DV,4.0
8870.967741935483,62.0,2.0,0.0,1091 BK,3.0
7700.0,50.0,1.0,1.0,1062 HE,2.0
9545.454545454546,110.0,3.0,0.0,1054 CW,4.0
7526.881720430108,93.0,2.0,0.0,1012 XW,2.0
8403.614457831325,83.0,2.0,1.0,1061 AV,3.0
13125.0,80.0,2.0,2.0,1074 BJ,3.0
8407.079646017699,113.0,2.0,1.0,1031 KG,3.0
9015.151515151516,66.0,2.0,0.0,1018 CA,3.0
8500.0,50.0,1.0,0.0,1073 BM,2.0
8653.846153846154,78.0,2.0,0.0,1078 RD,3.0
6176.470588235294,68.0,2.0,0.0,1013 RJ,3.0
8437.5,48.0,1.0,0.0,1094 GH,2.0
6785.714285714285,70.0,1.0,0.0,1055 DS,3.0
4779.411764705882,68.0,2.0,0.0,1107 GP,3.0
6321.83908045977,87.0,3.0,1.0,1062 LC,4.0
6556.603773584906,106.0,2.0,1.0,1019 BZ,3.0
10110.29411764706,136.0,3.0,1.0,1077 EH,6.0
6111.111111111111,81.0,2.0,0.0,1083 BW,3.0
7083.333333333333,84.0,2.0,0.0,1078 MC,5.0
9868.421052631578,152.0,3.0,0.0,1015 AC,4.0
8157.894736842105,95.0,3.0,0.0,1051 KX,4.0
6695.494845360825,97.0,2.0,1.0,1101 DA,3.0
5931.14,50.0,1.0,1.0,1032 KW,2.0
8796.296296296296,54.0,1.0,0.0,1016 TL,2.0
6268.645833333333,48.0,1.0,1.0,1032 KW,2.0
9451.219512195123,82.0,2.0,0.0,1016 KP,3.0
8235.29411764706,51.0,2.0,0.0,1079 LD,3.0
8112.244897959184,98.0,2.0,0.0,1078 SV,4.0
9313.725490196079,51.0,2.0,0.0,1056 DS,3.0
9210.526315789473,38.0,1.0,0.0,1051 BX,2.0
7812.5,80.0,1.0,1.0,1016 RK,2.0
9821.42857142857,56.0,2.0,0.0,1056 PN,3.0
7500.0,64.0,2.0,0.0,1064 AB,3.0
4500.0,100.0,2.0,0.0,1069 LK,3.0
5459.770114942528,87.0,2.0,1.0,1024 NB,3.0
9204.545454545454,44.0,1.0,0.0,1079 XJ,2.0
9686.567164179105,67.0,2.0,1.5,1072 XT,3.0
9141.193548387097,31.0,1.0,1.0,1095 PA,2.0
10109.89010989011,91.0,2.0,1.0,1096 GV,3.0
8432.203389830509,118.0,3.0,0.0,1079 DJ,5.0
9896.907216494845,97.0,2.0,1.0,1096 GV,3.0
8725.0,40.0,1.0,0.0,1073 BK,2.0
5931.14,50.0,1.0,1.0,1032 KW,2.0
6599.311926605505,109.0,3.0,1.0,1101 DA,4.0
8229.166666666666,48.0,2.0,0.0,1055 CV,3.0
10300.0,50.0,1.0,0.0,1018 CA,2.0
9300.0,50.0,2.0,1.0,1058 KS,3.0
10714.285714285714,28.0,1.0,0.0,1015 SE,2.0
8014.705882352941,68.0,1.0,1.0,1051 MG,2.0
8648.648648648648,111.0,3.0,1.0,1061 AV,4.0
9285.714285714286,35.0,1.0,0.0,1052 NE,2.0
4936.403508771929,57.0,1.0,1.0,1032 KW,2.0
6500.0,30.0,1.0,0.0,1102 XT,1.0
4666.666666666667,75.0,2.0,1.0,1108 BH,4.0
6798.245614035088,114.0,3.0,0.0,1077 SZ,4.0
7407.407407407408,54.0,1.0,0.0,1053 AC,2.0
8190.476190476191,105.0,2.0,1.0,1031 KD,3.0
8455.882352941177,68.0,2.0,0.0,1058 SG,3.0
9375.0,104.0,3.0,1.0,1096 AM,4.0
9445.9,30.0,1.0,1.0,1095 PA,2.0
7608.695652173913,46.0,1.0,0.0,1017 CX,2.0
4545.454545454545,121.0,3.0,1.0,1069 SC,4.0
10925.925925925925,27.0,1.0,1.0,1019 AT,1.0
8455.882352941177,136.0,2.0,0.0,1016 AA,3.0
8734.177215189873,79.0,2.0,0.0,1091 BG,3.0
9031.91489361702,94.0,3.0,1.0,1031 KN,4.0
8917.197452229299,157.0,4.0,0.0,1071 VS,6.0
9259.25925925926,54.0,1.0,0.0,1018 BB,2.0
12000.0,25.0,1.0,0.0,1095 ER,2.0
8017.241379310345,58.0,1.0,0.0,1055 HT,2.0
4676.0204081632655,98.0,3.0,1.0,1103 AM,4.0
9183.673469387755,49.0,1.0,0.0,1092 CK,2.0
7666.666666666667,75.0,3.0,0.0,1055 NS,4.0
6875.0,56.0,2.0,0.0,1055 RN,3.0
9020.61855670103,97.0,3.0,0.0,1079 NM,4.0
9035.714285714286,70.0,2.0,0.0,1096 DS,3.0
10437.5,80.0,2.0,0.0,1015 RX,4.0
5000.0,93.0,3.0,0.0,1025 KB,4.0
7731.958762886598,97.0,2.0,0.0,1015 MT,3.0
7397.959183673469,98.0,2.0,0.0,1053 ZJ,3.0
8196.72131147541,183.0,3.0,0.0,1072 AG,5.0
10531.91489361702,47.0,2.0,0.0,1018 VJ,3.0
7713.178294573643,129.0,2.0,1.0,1014 ZL,3.0
9458.333333333334,120.0,2.0,1.0,1033 RD,3.0
8015.075376884422,199.0,3.0,1.0,1082 MC,4.0
8411.214953271028,107.0,3.0,0.0,1078 HT,6.0
6438.356164383562,73.0,2.0,1.0,1087 VA,3.0
8796.296296296296,108.0,5.0,0.0,1053 KS,5.0
6951.219512195122,41.0,1.0,0.0,1069 RA,2.0
9923.076923076924,65.0,1.0,1.0,1083 HH,2.0
6728.395061728395,81.0,2.0,1.0,1101 DA,3.0
6388.888888888889,54.0,1.0,1.0,1102 DR,1.0
8469.387755102041,49.0,2.0,0.0,1055 KM,3.0
7142.857142857143,56.0,1.0,0.0,1051 XC,2.0
9324.324324324325,74.0,1.0,0.0,1018 CA,3.0
8948.275862068966,58.0,2.0,1.0,1079 HD,3.0
8777.777777777777,45.0,1.0,1.0,1093 EE,2.0
6201.923076923077,104.0,3.0,1.0,1025 WK,4.0
7438.01652892562,121.0,2.0,0.0,1074 CG,3.0
3806.818181818182,88.0,3.0,1.0,1108 EM,4.0
7745.098039215686,51.0,1.0,0.0,1079 NN,2.0
9782.608695652174,46.0,2.0,0.0,1056 JV,3.0
9266.666666666666,75.0,1.0,0.0,1018 CA,3.0
8333.333333333334,57.0,1.0,0.0,1056 SR,2.0
4577.4647887323945,71.0,2.0,0.0,1104 PE,3.0
8952.095808383234,167.0,2.0,1.0,1082 KT,3.0
9589.04109589041,73.0,2.0,0.0,1093 GB,3.0
7303.3707865168535,89.0,2.0,1.0,1095 MA,3.0
7900.0,50.0,1.0,1.0,1062 HE,2.0
7437.5,56.0,1.0,1.0,1101 BA,2.0
12027.027027027027,74.0,2.0,0.0,1018 EZ,3.0
7812.5,48.0,1.0,1.0,1068 TD,2.0
9565.217391304348,69.0,1.0,0.0,1018 CA,2.0
10000.0,43.0,1.0,0.0,1015 JP,2.0
8055.555555555556,54.0,2.0,0.0,1056 KP,3.0
6686.046511627907,86.0,2.0,1.0,1061 XZ,3.0
7211.538461538462,104.0,3.0,0.0,1098 AT,5.0
8561.643835616438,73.0,3.0,0.0,1056 HM,4.0
4681.9277108433735,166.0,4.0,1.0,1103 AM,5.0
6239.583333333333,96.0,2.0,1.0,1025 WK,3.0
10106.382978723404,47.0,1.0,0.0,1053 ML,2.0
9241.07142857143,112.0,3.0,1.0,1031 KN,4.0
7900.0,50.0,1.0,1.0,1062 HE,2.0
5232.558139534884,86.0,3.0,0.0,1068 EN,4.0
9848.484848484848,33.0,1.0,1.0,1082 JE,2.0
11742.424242424242,132.0,1.0,1.0,1022 AB,3.0
10887.09677419355,62.0,2.0,0.0,1054 DM,3.0
7670.454545454545,88.0,1.0,0.0,1052 BH,1.0
9961.038961038961,77.0,2.0,1.0,1018 ED,3.0
8898.305084745763,59.0,2.0,0.0,1094 HG,3.0
6153.846153846154,65.0,2.0,1.0,1083 XG,3.0
8394.475,40.0,1.0,0.0,1064 AB,2.0
10743.243243243243,74.0,2.0,1.0,1096 AM,3.0
7894.736842105263,57.0,1.0,0.0,1018 ZM,2.0
9146.341463414634,41.0,1.0,0.0,1093 XA,2.0
7900.0,50.0,1.0,1.0,1062 HE,2.0
8593.75,64.0,1.0,0.0,1058 SX,2.0
11133.828996282527,269.0,6.0,1.0,1077 LD,7.0
8797.297297297297,74.0,2.0,1.0,1095 AM,3.0
7031.25,64.0,1.0,1.0,1081 EC,2.0
4444.444444444444,72.0,1.0,0.0,1106 VW,2.0
9090.90909090909,55.0,2.0,0.0,1092 TW,3.0
8157.894736842105,95.0,3.0,1.0,1013 BZ,4.0
6944.444444444444,54.0,2.0,0.0,1058 DG,3.0
6417.721518987341,79.0,2.0,1.0,1101 DA,3.0
8189.6551724137935,58.0,2.0,0.0,1057 CW,3.0
11458.333333333334,24.0,1.0,1.0,1013 VP,1.0
6773.166666666667,102.0,2.0,1.0,1101 DA,3.0
8673.469387755102,49.0,2.0,0.0,1055 ER,3.0
7211.538461538462,52.0,1.0,0.0,1097 XZ,2.0
4207.317073170731,82.0,3.0,0.0,1107 CD,4.0
9722.222222222223,54.0,1.0,0.0,1055 TM,3.0
7990.0,100.0,2.0,1.0,1043 NV,3.0
7500.0,66.0,1.0,0.0,1073 LL,2.0
6748.835051546392,97.0,3.0,1.0,1101 DA,4.0
8939.39393939394,99.0,3.0,0.0,1061 AV,4.0
7376.551724137931,58.0,1.0,1.0,1024 SP,2.0
11073.825503355705,149.0,3.0,0.0,1016 DV,7.0
7949.152542372882,59.0,2.0,0.0,1082 XE,3.0
8848.314606741573,178.0,4.0,0.0,1014 ZJ,6.0
7191.780821917808,73.0,2.0,0.0,1094 PR,3.0
10057.471264367816,87.0,3.0,0.0,1018 CA,4.0
8090.909090909091,55.0,1.0,0.0,1053 WR,2.0
9141.193548387097,31.0,1.0,1.0,1095 PA,2.0
11309.52380952381,84.0,1.0,1.0,1018 BZ,2.0
7300.884955752213,113.0,3.0,1.0,1055 SC,4.0
9865.470852017937,223.0,2.0,0.0,1016 BW,6.0
7597.402597402597,77.0,3.0,0.0,1091 KX,4.0
5246.913580246914,81.0,2.0,0.0,1069 PV,3.0
5263.1578947368425,133.0,4.0,0.0,1069 GA,5.0
9141.193548387097,31.0,1.0,1.0,1095 PA,2.0
7416.666666666667,60.0,2.0,0.0,1055 LC,3.0
6034.482758620689,87.0,2.0,1.0,1082 HX,3.0
9705.882352941177,85.0,2.0,0.0,1058 HJ,3.0
8368.421052631578,95.0,2.0,1.0,1015 GJ,3.0
7380.952380952381,105.0,2.0,0.0,1073 VC,3.0
7203.389830508475,59.0,1.0,0.0,1091 VG,2.0
7303.3707865168535,89.0,2.0,1.0,1019 NA,3.0
7968.75,64.0,1.0,0.0,1094 BG,2.0
6555.555555555556,81.0,2.0,1.0,1101 DA,3.0
4715.909090909091,88.0,1.0,0.0,1060 NJ,2.0
6317.5675675675675,74.0,2.0,0.0,1102 AK,3.0
11666.666666666666,30.0,1.0,0.0,1016 TN,2.0
4914.529914529914,117.0,3.0,1.0,1069 DA,4.0
10606.060606060606,33.0,1.0,0.0,1073 GL,2.0
9100.0,50.0,1.0,0.0,1018 CA,2.0
9705.882352941177,68.0,1.0,1.0,1031 HX,2.0
8611.111111111111,36.0,1.0,1.0,1082 JB,2.0
7617.021276595745,47.0,1.0,0.0,1033 SM,3.0
10185.185185185184,54.0,2.0,0.0,1053 TN,3.0
9803.921568627451,51.0,2.0,0.0,1092 AS,3.0
5803.571428571428,56.0,2.0,0.0,1052 GX,3.0
8684.21052631579,57.0,1.0,1.0,1018 VV,2.0
7843.137254901961,51.0,2.0,0.0,1095 JK,3.0
8534.48275862069,58.0,2.0,0.0,1015 RT,3.0
11986.301369863013,73.0,1.0,0.0,1017 LC,
7800.0,50.0,1.0,1.0,1062 HE,2.0
6764.705882352941,85.0,2.0,0.0,1051 XD,3.0
9875.0,40.0,1.0,0.0,1018 CA,2.0
7386.363636363636,132.0,2.0,0.0,1016 VS,3.0
8250.0,60.0,2.0,0.0,1056 VD,3.0
8928.57142857143,42.0,1.0,0.0,1053 NZ,2.0
8544.303797468354,79.0,2.0,0.0,1056 DA,3.0
3763.440860215054,93.0,3.0,1.0,1102 EA,4.0
7101.449275362319,69.0,3.0,0.0,1024 KV,4.0
8463.855421686747,83.0,2.0,0.0,1061 AV,3.0
9578.313253012047,83.0,1.0,0.0,1017 DS,2.0
10096.153846153846,104.0,3.0,1.0,1096 AM,4.0
8125.0,120.0,2.0,0.0,1016 HS,4.0
9661.016949152543,59.0,1.0,1.0,1031 KN,2.0
4947.368421052632,95.0,2.0,1.0,1069 GA,3.0
6802.816901408451,71.0,2.0,1.0,1101 DA,3.0
9729.72972972973,74.0,2.0,0.0,1072 CD,3.0
5714.285714285715,105.0,2.0,1.0,1066 AZ,3.0
8300.0,50.0,1.0,0.0,1051 VL,2.0
6422.018348623853,109.0,1.0,0.0,1012 TD,2.0
7037.037037037037,108.0,3.0,0.0,1098 NJ,5.0
6982.758620689655,58.0,2.0,0.0,1024 KV,3.0
6472.222222222223,108.0,3.0,1.0,1028 BT,4.0
6428.571428571428,56.0,2.0,0.0,1065 TP,3.0
10000.0,23.0,1.0,1.0,1083 CN,1.0
8950.617283950618,162.0,3.0,0.0,1073 CJ,4.0
8593.75,64.0,1.0,1.0,1013 LP,2.0
9375.0,104.0,3.0,1.0,1096 AM,4.0
6962.025316455696,79.0,2.0,0.0,1097 ZE,3.0
7692.307692307692,52.0,2.0,0.0,1055 XR,3.0
4605.263157894737,76.0,2.0,0.0,1025 BC,3.0
8200.0,125.0,2.0,0.0,1011 BL,5.0
6716.417910447762,67.0,1.0,1.0,1025 WK,2.0
8854.166666666666,48.0,1.0,0.0,1074 XA,2.0
10000.0,40.0,1.0,0.0,1091 GN,2.0
9655.172413793103,87.0,2.0,1.0,1096 AM,3.0
10918.367346938776,49.0,1.0,0.0,1015 HL,2.0
7980.0,50.0,1.0,1.0,1062 HE,2.0
4278.350515463918,97.0,3.0,0.0,1103 MV,4.0
7267.441860465116,86.0,3.0,0.0,1094 SG,4.0
6073.170731707317,82.0,2.0,1.0,1081 GD,3.0
6445.78313253012,83.0,2.0,1.0,1087 VH,3.0
8297.872340425532,47.0,2.0,0.0,1055 NT,3.0
8714.285714285714,70.0,2.0,1.0,1095 AM,3.0
9375.0,128.0,3.0,0.0,1098 JJ,4.0
10690.47619047619,42.0,2.0,0.0,1017 TJ,3.0
5541.666666666667,72.0,2.0,0.0,1067 WD,3.0
7291.666666666667,96.0,3.0,0.0,1057 WR,4.0
5867.34693877551,98.0,3.0,1.0,1076 AT,4.0
5161.290322580645,93.0,2.0,1.0,1063 MC,3.0
7692.307692307692,52.0,2.0,0.0,1055 HR,3.0
6785.714285714285,70.0,2.0,0.0,1058 PD,3.0
9154.929577464789,71.0,2.0,0.0,1018 CA,3.0
7314.814814814815,54.0,1.0,0.0,1025 PD,2.0
6779.661016949152,59.0,2.0,0.0,1055 HR,3.0
9285.714285714286,70.0,2.0,0.0,1059 XS,3.0
7529.411764705882,85.0,2.0,0.0,1095 CM,3.0
4642.857142857143,70.0,2.0,0.0,1104 PH,3.0
8750.0,108.0,4.0,0.0,1098 LP,5.0
6493.506493506494,77.0,2.0,0.0,1064 WT,3.0
8163.265306122449,98.0,3.0,1.0,1032 LH,4.0
7881.35593220339,59.0,2.0,0.0,1093 GE,3.0
9285.714285714286,70.0,2.0,0.0,1018 CA,3.0
10744.68085106383,47.0,1.0,0.0,1018 CA,2.0
9186.046511627907,43.0,1.0,1.0,1057 JX,2.0
9302.32558139535,43.0,1.0,0.0,1051 CW,2.0
8928.57142857143,56.0,2.0,0.0,1097 BW,3.0
9230.76923076923,65.0,1.0,0.0,1015 CD,2.0
7926.829268292683,82.0,2.0,1.0,1043 EV,4.0
6351.351351351352,74.0,2.0,0.0,1102 AK,3.0
8790.322580645161,62.0,1.0,0.0,1052 JL,2.0
7986.111111111111,72.0,2.0,0.0,1071 TX,3.0
10111.111111111111,45.0,1.0,0.0,1018 CA,2.0
7142.857142857143,105.0,3.0,1.0,1094 CZ,4.0
9146.341463414634,41.0,1.0,0.0,1051 JX,2.0
9900.0,50.0,2.0,0.0,1056 XB,3.0
10706.521739130434,92.0,2.0,0.0,1078 KH,3.0
11140.350877192983,57.0,1.0,0.0,1016 LK,2.0
9558.823529411764,68.0,2.0,0.0,1058 KX,3.0
6679.3893129770995,131.0,3.0,1.0,1025 WK,4.0
9183.673469387755,49.0,2.0,0.0,1053 GG,3.0
6451.612903225807,93.0,2.0,1.0,1101 DA,3.0
10397.727272727272,88.0,3.0,1.0,1096 GV,4.0
8606.557377049181,122.0,3.0,0.0,1098 BE,5.0
9423.076923076924,104.0,3.0,1.0,1096 AM,4.0
6390.977443609023,133.0,2.0,0.0,1015 AD,3.0
8384.615384615385,65.0,2.0,0.0,1064 AB,3.0
10714.285714285714,35.0,1.0,0.0,1051 CA,2.0
9880.239520958085,167.0,3.0,1.0,1015 CP,5.0
9226.190476190477,84.0,2.0,0.0,1031 JK,3.0
5069.444444444444,72.0,2.0,1.0,1034 EV,3.0
5272.727272727273,55.0,1.0,0.0,1107 XA,2.0
8977.272727272728,44.0,1.0,0.0,1053 GA,2.0
10416.666666666666,36.0,2.0,0.0,1094 JH,3.0
8434.343434343435,99.0,2.0,0.0,1078 NC,3.0
10465.116279069767,43.0,1.0,0.0,1015 GV,3.0
6535.433070866142,127.0,4.0,0.0,1087 VV,6.0
6329.787234042553,94.0,4.0,0.0,1079 CE,5.0
9027.777777777777,72.0,1.0,0.0,1015 BS,2.0
9212.962962962964,108.0,3.0,1.0,1096 AM,4.0
8866.666666666666,90.0,1.0,0.0,1015 TL,3.0
9151.785714285714,112.0,3.0,0.0,1018 CA,4.0
9375.0,48.0,1.0,0.0,1018 CA,2.0
8250.0,60.0,1.0,1.0,1066 XT,2.0
9722.222222222223,81.0,3.0,0.0,1092 EC,4.0
8586.95652173913,46.0,1.0,0.0,1095 GE,2.0
6278.846153846154,104.0,2.0,1.0,1083 JB,3.0
7232.142857142857,56.0,2.0,0.0,1024 KV,3.0
9041.666666666666,60.0,1.0,0.0,1096 DS,2.0
8895.348837209302,86.0,1.0,0.0,1013 AS,2.0
9285.714285714286,91.0,3.0,1.0,1031 KN,4.0
6040.189655172414,58.0,1.0,1.0,1101 DA,2.0
6677.419354838709,62.0,1.0,0.0,1101 CD,2.0
5056.179775280899,89.0,2.0,1.0,1060 TW,3.0
7656.25,64.0,2.0,0.0,1064 AB,3.0
9391.891891891892,74.0,1.0,0.0,1054 VT,2.0
6344.53781512605,119.0,3.0,1.0,1101 DA,4.0
8590.90909090909,110.0,3.0,0.0,1075 TE,4.0
9132.4200913242,219.0,4.0,1.5,1073 AA,6.0
12500.0,28.0,1.0,0.0,1053 LK,
8531.468531468532,143.0,2.0,1.0,1013 BH,3.0
8101.851851851852,108.0,3.0,0.0,1018 VR,4.0
8962.264150943396,53.0,2.0,0.0,1091 CZ,3.0
7734.375,64.0,1.0,0.0,1078 BK,2.0
6202.53164556962,79.0,4.0,0.0,1056 AX,5.0
9444.444444444445,63.0,1.0,0.0,1056 ET,2.0
8641.304347826086,92.0,2.0,0.0,1075 TX,4.0
4600.0,75.0,2.0,0.0,1102 ZL,3.0
8333.333333333334,48.0,1.0,0.0,1056 XT,2.0
9113.924050632912,79.0,2.0,0.0,1018 CA,3.0
5882.35294117647,68.0,3.0,0.0,1063 ZL,5.0
6172.83950617284,81.0,3.0,0.0,1094 EL,4.0
6089.74358974359,78.0,2.0,0.0,1033 RP,3.0
10500.0,60.0,1.0,1.0,1096 AM,2.0
11061.946902654867,113.0,2.0,1.0,1082 MT,3.0
9507.042253521127,71.0,2.0,0.0,1018 CA,3.0
8333.333333333334,93.0,2.0,0.0,1081 KP,3.0
7876.712328767123,73.0,2.0,0.0,1051 ND,3.0
4746.835443037975,79.0,2.0,0.0,1025 SL,3.0
6136.363636363636,88.0,3.0,1.0,1025 WK,4.0
8571.42857142857,140.0,3.0,1.0,1012 AL,4.0
9586.466165413534,133.0,3.0,0.0,1018 CA,4.0
6730.7692307692305,78.0,3.0,0.0,1079 NV,4.0
8229.166666666666,48.0,1.0,0.0,1053 EM,2.0
8123.076923076923,65.0,2.0,0.0,1064 AB,3.0
9795.918367346938,49.0,1.0,0.0,1053 WC,2.0
7986.111111111111,144.0,4.0,0.0,1075 VZ,5.0
9150.943396226416,53.0,2.0,0.0,1091 CG,3.0
6718.75,96.0,2.0,1.0,1043 EG,3.0
10775.862068965518,58.0,1.0,1.0,1096 AM,2.0
8989.36170212766,94.0,3.0,0.0,1018 CA,4.0
10878.378378378378,74.0,2.0,1.0,1096 AM,3.0
9445.9,30.0,1.0,1.0,1095 PA,2.0
10000.0,37.0,1.0,0.0,1072 SL,2.0
9460.78431372549,102.0,3.0,1.0,1096 AM,4.0
4779.411764705882,68.0,2.0,0.0,1108 CX,3.0
4590.163934426229,61.0,2.0,1.0,1069 EG,3.0
8316.831683168317,101.0,1.0,1.0,1015 CR,2.0
7828.9473684210525,76.0,2.0,0.0,1056 PZ,3.0
4360.46511627907,86.0,3.0,1.0,1106 XL,4.0
8709.677419354839,93.0,2.0,1.0,1031 KN,3.0
7900.0,50.0,2.0,0.0,1056 SB,3.0
8712.121212121212,66.0,2.0,0.0,1016 DA,3.0
8207.547169811322,53.0,1.0,0.0,1015 ST,2.0
5471.698113207547,53.0,1.0,0.0,1102 VC,2.0
7291.666666666667,48.0,1.0,0.0,1102 AK,2.0
6580.246913580247,81.0,2.0,1.0,1101 DA,3.0
9666.666666666666,45.0,1.0,0.0,1073 GM,2.0
7352.941176470588,170.0,3.0,0.0,1012 RD,5.0
5474.4525547445255,137.0,4.0,1.0,1087 CE,5.0
9629.62962962963,54.0,2.0,0.0,1073 LD,3.0
6849.315068493151,73.0,2.0,0.0,1091 LV,3.0
11805.555555555555,36.0,1.0,0.0,1015 GE,2.0
10942.857142857143,105.0,2.0,0.0,1017 VX,3.0
5128.205128205128,78.0,3.0,0.0,1024 VV,4.0
9500.0,50.0,2.0,0.0,1072 LT,3.0
8428.57142857143,77.0,2.0,0.0,1056 GR,3.0
9807.692307692309,156.0,3.0,1.0,1095 AM,4.0
11538.461538461539,39.0,2.0,0.0,1016 BK,4.0
8636.363636363636,110.0,2.0,0.0,1015 VD,4.0
8394.475,40.0,1.0,0.0,1064 AB,2.0
7291.666666666667,48.0,1.0,0.0,1102 AK,2.0
4000.0,75.0,2.0,1.0,1108 HB,3.0
4651.162790697675,86.0,2.0,0.0,1025 JB,3.0
8941.176470588236,85.0,3.0,0.0,1079 VX,4.0
7142.857142857143,70.0,2.0,0.0,1055 HJ,3.0
8010.2040816326535,98.0,2.0,0.0,1078 PH,4.0
9756.09756097561,41.0,1.0,0.0,1017 SH,2.0
9511.904761904761,84.0,1.0,0.0,1016 AD,2.0
8870.967741935483,62.0,2.0,0.0,1097 BZ,
9083.333333333334,60.0,1.0,0.0,1096 DS,2.0
9180.327868852459,61.0,1.0,0.0,1018 CA,2.0
8384.615384615385,65.0,1.0,1.5,1056 EB,2.0
6521.739130434783,69.0,2.0,1.0,1095 KV,3.0
10384.615384615385,65.0,2.0,0.0,1072 JW,3.0
6982.758620689655,58.0,2.0,0.0,1024 KV,3.0
9425.0,40.0,1.0,1.0,1032 KW,2.0
8219.17808219178,219.0,2.0,2.5,1015 CT,3.0
4819.277108433735,83.0,3.0,1.0,1069 LK,4.0
10091.743119266055,109.0,3.0,1.0,1096 AM,4.0
8383.233532934131,167.0,3.0,1.0,1018 AD,5.0
7094.594594594595,74.0,2.0,0.0,1018 NR,3.0
8673.469387755102,98.0,3.0,0.0,1058 JX,5.0
8854.166666666666,48.0,2.0,0.0,1055 NW,3.0
6333.333333333333,96.0,2.0,1.0,1102 SG,3.0
8208.955223880597,67.0,2.0,0.0,1052 KG,3.0
10531.91489361702,47.0,1.0,0.0,1018 CA,2.0
10512.820512820514,39.0,1.0,0.0,1013 GH,2.0
6601.8452380952385,84.0,2.0,1.0,1032 KW,3.0
6475.0,80.0,2.0,1.0,1101 DA,3.0
4146.341463414634,82.0,3.0,0.0,1104 MR,4.0
8506.787330316742,221.0,4.0,0.0,1016 HD,5.0
4619.047619047619,105.0,3.0,1.0,1102 SX,4.0
7584.269662921349,89.0,2.0,1.0,1019 LH,3.0
9888.888888888889,45.0,1.0,0.0,1011 DG,2.0
9558.823529411764,68.0,2.0,0.0,1076 NB,3.0
4768.115942028986,69.0,1.0,1.0,1082 RC,2.0
7745.098039215686,102.0,2.0,0.0,1011 GD,4.0
9795.081967213115,122.0,3.0,0.0,1016 GX,4.0
7661.290322580645,124.0,2.0,0.0,1043 NV,3.0
3537.735849056604,106.0,4.0,0.0,1106 KW,5.0
11481.481481481482,135.0,3.0,0.0,1071 XK,4.0
8974.358974358975,78.0,2.0,0.0,1091 BG,5.0
4746.835443037975,79.0,2.0,0.0,1069 NC,3.0
6263.1578947368425,95.0,2.0,0.0,1013 EZ,3.0
7900.0,50.0,1.0,1.0,1062 HE,2.0
8712.121212121212,66.0,1.0,0.0,1018 CA,2.0
9900.0,50.0,1.0,1.0,1092 CK,2.0
7589.285714285715,56.0,1.0,0.0,1091 DP,2.0
6227.272727272727,110.0,2.0,1.0,1025 WK,3.0
8303.57142857143,56.0,1.0,0.0,1092 GX,2.0
9375.0,40.0,1.0,0.0,1018 CA,2.0
10000.0,34.0,1.0,0.0,1055 KH,2.0
9489.795918367347,49.0,1.0,0.0,1054 VT,1.0
7800.0,50.0,1.0,1.0,1062 HE,2.0
6250.0,92.0,4.0,0.0,1021 JB,6.0
4726.754385964912,114.0,4.0,1.0,1103 AM,5.0
6528.08988764045,89.0,2.0,1.0,1101 DA,3.0
11979.166666666666,96.0,2.0,4.0,1071 WH,3.0
7830.188679245283,53.0,2.0,0.0,1058 DG,3.0
7536.231884057971,69.0,2.0,0.0,1019 GS,3.0
7738.0952380952385,84.0,2.0,1.0,1082 NL,3.0
9333.333333333334,60.0,1.0,1.0,1031 HX,2.0
9141.193548387097,31.0,1.0,1.0,1095 PA,2.0
9609.375,64.0,2.0,1.0,1062 LE,3.0
9705.882352941177,34.0,1.0,1.0,1032 KN,2.0
6785.714285714285,70.0,2.0,0.0,1093 HP,3.0
5465.753424657534,73.0,2.0,1.0,1024 LW,3.0
8500.0,50.0,2.0,0.0,1058 KX,3.0
8291.666666666666,120.0,3.0,1.0,1019 VS,4.0
9239.130434782608,46.0,1.0,0.0,1072 JJ,2.0
9072.164948453608,194.0,3.0,1.0,1071 BG,6.0
10000.0,71.0,2.0,0.0,1018 CA,3.0
5197.368421052632,76.0,1.0,1.0,1068 MK,2.0
9090.90909090909,33.0,1.0,1.0,1083 EN,2.0
11538.461538461539,78.0,2.0,0.0,1082 MZ,3.0
9592.592592592593,135.0,2.0,0.0,1075 GS,4.0
9803.921568627451,51.0,1.0,0.0,1015 JK,2.0
4200.0,75.0,3.0,0.0,1034 MK,4.0
8333.333333333334,63.0,2.0,0.0,1098 LL,3.0
7826.086956521739,69.0,2.0,0.0,1018 ZR,3.0
7843.137254901961,51.0,1.0,0.0,1055 PK,2.0
7250.0,60.0,3.0,0.0,1052 LG,4.0
8168.316831683168,101.0,4.0,0.0,1079 AK,6.0
8208.955223880597,134.0,4.0,0.0,1098 HR,6.0
4508.196721311476,61.0,1.0,0.0,1106 DS,2.0
7943.181818181818,88.0,2.0,1.0,1019 NC,3.0
9433.962264150943,53.0,1.0,0.0,1059 XZ,2.0
7232.142857142857,56.0,2.0,0.0,1024 KV,3.0
4865.8536585365855,82.0,4.0,0.0,1063 BL,5.0
6071.428571428572,98.0,4.0,1.0,1058 ES,5.0
5263.1578947368425,76.0,1.0,1.0,1060 TN,2.0
9459.45945945946,37.0,1.0,0.0,1013 WN,2.0
8777.777777777777,45.0,2.0,0.0,1057 PW,3.0
8900.0,50.0,2.0,0.0,1073 XS,3.0
8064.5161290322585,93.0,3.0,0.0,1072 RT,4.0
8431.372549019608,102.0,4.0,0.0,1057 BD,6.0
11206.896551724138,58.0,1.0,1.0,1016 XL,2.0
8402.061855670103,97.0,2.0,0.0,1061 AV,3.0
9755.244755244756,143.0,2.0,1.0,1013 BH,3.0
8831.16883116883,77.0,2.0,0.0,1096 DS,3.0
7894.736842105263,76.0,3.0,0.0,1056 EP,4.0
5337.078651685393,89.0,2.0,0.0,1068 CM,4.0
12019.23076923077,104.0,3.0,1.0,1054 AK,4.0
10135.135135135135,148.0,3.0,2.0,1075 EP,4.0
9280.701754385966,57.0,1.0,0.0,1093 JN,3.0
6875.0,64.0,1.0,0.0,1094 RB,2.0
7446.808510638298,47.0,1.0,0.0,1094 EH,2.0
7727.272727272727,110.0,3.0,0.0,1077 MB,5.0
7053.571428571428,56.0,2.0,0.0,1065 TJ,3.0
7900.0,50.0,1.0,1.0,1062 HE,2.0
9285.714285714286,63.0,2.0,0.0,1018 CC,3.0
9226.80412371134,97.0,1.0,0.0,1032 LL,2.0
9444.444444444445,90.0,2.0,0.0,1071 LS,3.0
7528.301886792453,53.0,2.0,0.0,1055 RN,3.0
7555.555555555556,45.0,2.0,0.0,1067 MX,3.0
5188.679245283019,53.0,1.0,1.0,1103 KB,2.0
8173.076923076923,52.0,2.0,0.0,1055 CN,3.0
7033.8983050847455,59.0,2.0,0.0,1055 ER,3.0
7762.5,82.0,2.0,1.0,1101 DA,3.0
8333.333333333334,57.0,2.0,0.0,1092 CS,3.0
7565.789473684211,152.0,1.0,0.0,1015 CJ,2.0
7971.014492753623,69.0,3.0,0.0,1078 JR,4.0
9375.0,48.0,2.0,0.0,1072 KZ,3.0
10040.160642570281,249.0,6.0,0.0,1071 RE,9.0
9053.09677419355,31.0,1.0,1.0,1095 PA,2.0
7236.8421052631575,76.0,2.0,0.0,1056 EN,3.0
8275.862068965518,116.0,3.0,1.0,1058 GD,4.0
7500.0,60.0,1.0,0.0,1093 TP,2.0
8750.0,44.0,1.0,1.0,1081 EH,2.0
8333.333333333334,78.0,2.0,0.0,1052 XZ,3.0
9897.959183673469,49.0,1.0,0.0,1051 BV,2.0
7894.736842105263,57.0,2.0,0.0,1056 CR,3.0
9407.894736842105,76.0,2.0,0.0,1018 CA,3.0
9782.608695652174,69.0,2.0,0.0,1079 WL,3.0
7743.90243902439,82.0,2.0,0.0,1017 PV,4.0
9375.0,48.0,1.0,0.0,1018 CA,2.0
5086.206896551724,58.0,1.0,0.0,1025 ZB,2.0
8720.93023255814,86.0,2.0,1.0,1053 VK,3.0
9538.461538461539,65.0,1.0,0.0,1018 CA,2.0
3963.4146341463415,82.0,3.0,0.0,1107 JD,4.0
8394.475,40.0,1.0,0.0,1064 AB,2.0
10288.461538461539,104.0,3.0,1.0,1096 AM,4.0
7244.897959183673,49.0,1.0,0.0,1102 AK,2.0
10270.27027027027,74.0,2.0,0.0,1018 CA,3.0
9139.78494623656,93.0,2.0,0.0,1072 LJ,3.0
8606.557377049181,61.0,2.0,0.0,1058 CK,3.0
8181.818181818182,55.0,2.0,0.0,1013 EL,3.0
6500.0,58.0,1.0,1.0,1087 VA,2.0
8915.094339622641,106.0,3.0,0.0,1016 JC,5.0
3411.214953271028,107.0,3.0,1.0,1103 LP,4.0
9459.45945945946,111.0,3.0,0.0,1052 XN,5.0
12500.0,58.0,2.0,0.0,1071 GE,3.0
11467.88990825688,109.0,2.0,1.0,1017 LC,3.0
8333.333333333334,102.0,2.0,1.0,1058 XE,3.0
7702.923076923077,39.0,1.0,1.0,1032 KW,2.0
7980.0,50.0,1.0,1.0,1062 HE,2.0
7329.545454545455,88.0,1.0,0.0,1019 PE,3.0
8098.591549295775,71.0,1.0,0.0,1098 CN,3.0
7638.55421686747,83.0,2.0,0.0,1064 AB,3.0
10000.0,75.0,2.0,0.0,1053 CM,3.0
9027.777777777777,144.0,4.0,0.0,1071 SE,6.0
6379.7468354430375,79.0,2.0,1.0,1101 DA,3.0
9782.608695652174,69.0,2.0,0.0,1073 XS,3.0
9792.452830188678,53.0,1.0,0.0,1059 XK,2.0
7540.983606557377,61.0,1.0,0.0,1064 AB,2.0
11285.714285714286,35.0,1.0,0.0,1057 JX,2.0
8720.93023255814,43.0,1.0,0.0,1052 ST,2.0
9756.09756097561,41.0,1.0,0.0,1073 BR,2.0
8180.327868852459,61.0,2.0,0.0,1079 XA,4.0
9770.114942528735,87.0,2.0,1.0,1096 AM,3.0
8229.166666666666,48.0,1.0,0.0,1018 CA,2.0
8215.384615384615,65.0,2.0,0.0,1064 AB,3.0
7400.0,125.0,3.0,0.0,1091 CR,5.0
9705.882352941177,51.0,1.0,1.0,1012 AE,2.0
6475.0,120.0,2.0,0.0,1087 GE,3.0
11160.714285714286,112.0,2.0,1.0,1017 ZT,3.0
7437.5,80.0,1.0,1.0,1082 JX,2.0
9500.0,50.0,1.0,0.0,1053 XC,2.0
7303.3707865168535,89.0,3.0,0.0,1056 CM,4.0
8076.923076923077,65.0,1.0,0.0,1091 SW,2.0
6164.479166666667,48.0,1.0,1.0,1032 KW,2.0
9829.059829059828,117.0,2.0,0.0,1018 CA,3.0
6632.038834951456,103.0,2.0,1.0,1101 DA,3.0
8936.170212765957,47.0,1.0,0.0,1016 PN,2.0
8684.21052631579,57.0,1.0,0.0,1076 ND,2.0
7232.142857142857,56.0,2.0,0.0,1024 KV,3.0
8823.529411764706,34.0,1.0,1.0,1082 JE,2.0
8777.777777777777,45.0,1.0,0.0,1072 JE,2.0
4737.704918032787,61.0,2.0,1.0,1069 EE,3.0
9444.444444444445,45.0,1.0,0.0,1053 LN,2.0
7608.695652173913,46.0,2.0,0.0,1053 DH,3.0
8057.851239669421,242.0,4.0,0.0,1081 JN,5.0
9745.762711864407,59.0,2.0,0.0,1073 RJ,3.0
11969.69696969697,66.0,3.0,0.0,1017 XA,4.0
4746.835443037975,79.0,2.0,0.0,1060 PJ,3.0
9113.300492610837,203.0,3.0,2.5,1012 WH,6.0
7333.333333333333,75.0,2.0,0.0,1055 MA,3.0
6375.0,80.0,3.0,1.0,1025 WK,4.0
8108.108108108108,74.0,3.0,0.0,1078 PW,4.0
8504.273504273504,117.0,2.0,0.0,1078 MD,3.0
4318.181818181818,88.0,3.0,0.0,1102 XW,4.0
6134.020618556701,97.0,2.0,1.0,1061 MJ,3.0
6690.140845070423,71.0,2.0,0.0,1021 HJ,3.0
9067.796610169491,59.0,2.0,0.0,1054 TM,3.0
9285.714285714286,63.0,2.0,0.0,1098 CT,3.0
5135.514018691589,107.0,4.0,0.0,1082 CB,5.0
6734.693877551021,98.0,3.0,0.0,1094 NW,4.0
8771.929824561403,57.0,2.0,0.0,1092 HB,3.0
8802.81690140845,71.0,2.0,1.0,1031 KN,3.0
9285.714285714286,35.0,1.0,0.0,1051 XP,2.0
9659.09090909091,44.0,1.0,0.0,1075 VK,2.0
4830.412371134021,97.0,2.0,1.0,1103 AM,3.0
8281.25,96.0,2.0,0.0,1086 VA,3.0
7500.0,60.0,2.0,0.0,1056 BB,3.0
7936.507936507936,63.0,1.0,0.0,1091 RW,2.0
4392.857142857143,84.0,3.0,1.0,1024 AL,3.0
11103.896103896104,77.0,2.0,1.0,1031 HX,3.0
5922.330097087379,103.0,3.0,1.0,1025 WK,4.0
7900.0,50.0,1.0,1.0,1062 HE,2.0
9848.484848484848,66.0,1.0,0.0,1075 RB,3.0
12500.0,42.0,2.0,0.0,1015 SN,3.0
6250.0,88.0,2.0,0.0,1034 WP,3.0
4940.476190476191,84.0,4.0,0.0,1063 ML,5.0
6666.666666666667,126.0,2.0,1.0,1083 HM,3.0
11715.686274509804,102.0,3.0,2.5,1074 HV,5.0
9142.857142857143,70.0,2.0,0.0,1078 MZ,3.0
5104.166666666667,96.0,2.0,1.0,1069 KD,3.0
10967.741935483871,155.0,3.0,0.0,1018 CA,4.0
10727.272727272728,110.0,3.0,0.0,1017 GJ,4.0
8653.846153846154,52.0,1.0,0.0,1017 GD,2.0
9700.0,50.0,1.0,0.0,1017 BA,2.0
6581.796116504855,103.0,2.0,0.0,1101 CD,3.0
8977.272727272728,44.0,2.0,0.0,1056 XT,3.0
9390.243902439024,41.0,1.0,0.0,1073 CG,2.0
7386.363636363636,44.0,2.0,0.0,1033 VM,3.0
4705.882352941177,85.0,3.0,1.0,1024 AM,4.0
8653.846153846154,52.0,2.0,1.0,1096 DS,4.0
8586.95652173913,46.0,1.0,0.0,1094 AX,2.0
8163.265306122449,98.0,2.0,0.0,1053 BJ,4.0
7238.805970149254,67.0,1.0,1.0,1082 KJ,2.0
8433.734939759037,83.0,2.0,1.0,1061 AV,3.0
8155.737704918033,122.0,3.0,1.0,1016 VT,4.0
7000.0,57.0,1.0,0.0,1032 GG,3.0
6377.551020408163,98.0,3.0,1.0,1061 VX,4.0
8098.591549295775,71.0,2.0,0.0,1052 EM,4.0
7746.478873239436,71.0,2.0,1.0,1061 AA,3.0
7900.0,50.0,1.0,1.0,1062 HE,2.0
7745.098039215686,51.0,1.0,1.0,1062 MX,2.0
6632.65306122449,98.0,3.0,1.0,1058 ER,4.0
7692.307692307692,65.0,2.0,0.0,1097 VD,3.0
9375.0,64.0,1.0,1.0,1031 KN,2.0
11415.454545454546,88.0,3.0,1.0,1013 SG,4.0
6831.395348837209,172.0,3.0,1.0,1061 AV,4.0
7758.620689655172,58.0,1.0,0.0,1057 DG,2.0
7173.202614379085,153.0,4.0,0.0,1013 LB,6.0
6115.31914893617,94.0,3.0,1.0,1024 SN,4.0
7532.467532467533,77.0,2.0,0.0,1097 ZA,4.0
7407.407407407408,81.0,2.0,0.0,1097 HL,3.0
8125.0,72.0,2.0,0.0,1031 XR,4.0
5555.555555555556,135.0,3.0,1.0,1082 KN,4.0
13132.911392405063,158.0,4.0,0.0,1016 CR,5.0
8372.093023255815,43.0,1.0,1.0,1064 CS,2.0
9350.64935064935,77.0,2.0,0.0,1018 CA,3.0
9954.545454545454,110.0,2.0,1.5,1015 BB,3.0
7980.7692307692305,52.0,1.0,0.0,1094 CJ,2.0
8314.102564102564,78.0,2.0,1.0,1032 KL,3.0
9274.193548387097,62.0,1.0,1.0,1031 KN,2.0
9655.172413793103,58.0,1.0,0.0,1018 CA,2.0
8101.265822784811,79.0,2.0,0.0,1072 VH,3.0
11061.946902654867,113.0,3.0,2.0,1077 JD,4.0
7142.857142857143,119.0,3.0,0.0,1083 JD,4.0
7753.731343283582,67.0,2.0,0.0,1093 SL,3.0
7520.325203252032,123.0,5.0,0.0,1091 BB,6.0
9756.09756097561,41.0,1.0,0.0,1018 CA,1.0
8712.121212121212,66.0,2.0,0.0,1056 NV,3.0
5622.641509433963,53.0,1.0,1.0,1103 LG,2.0
8490.566037735849,53.0,1.0,0.0,1019 EG,2.0
9191.176470588236,68.0,2.0,0.0,1058 VV,3.0
8173.076923076923,52.0,2.0,0.0,1057 SW,4.0
5416.666666666667,48.0,1.0,0.0,1102 RZ,2.0
7835.820895522388,67.0,2.0,0.0,1091 DL,3.0
9829.059829059828,117.0,3.0,0.0,1018 CA,4.0
4427.083333333333,96.0,2.0,1.0,1060 TV,3.0
7272.727272727273,55.0,2.0,0.0,1055 AN,3.0
5405.405405405405,74.0,3.0,0.0,1024 VB,4.0
8620.689655172413,29.0,1.0,1.0,1055 AA,1.0
9011.627906976744,86.0,2.0,1.0,1032 KE,3.0
9141.193548387097,31.0,1.0,1.0,1095 PA,2.0
9375.0,48.0,1.0,0.0,1018 CA,2.0
7482.993197278912,147.0,2.0,1.0,1013 BD,4.0
8823.529411764706,153.0,2.0,0.0,1017 KJ,4.0
9358.97435897436,39.0,1.0,0.0,1018 CA,1.0
10335.917312661499,387.0,5.0,4.5,1018 AW,9.0
8312.5,80.0,2.0,0.0,1074 GD,3.0
8964.285714285714,70.0,2.0,0.0,1096 DS,3.0
8885.245901639344,61.0,1.0,0.0,1095 AM,2.0
9128.440366972478,109.0,3.0,1.0,1033 RD,4.0
8333.333333333334,54.0,2.0,0.0,1094 GG,3.0
11329.113924050633,79.0,2.0,1.0,1058 LK,4.0
9124.087591240876,137.0,4.0,1.0,1082 MT,5.0
6962.025316455696,79.0,1.0,0.0,1053 EC,2.0
8836.28947368421,38.0,1.0,0.0,1064 AB,2.0
6169.811320754717,106.0,3.0,1.0,1101 DA,4.0
9445.9,30.0,1.0,1.0,1095 PA,2.0
4076.086956521739,92.0,3.0,1.0,1035 CK,5.0
6534.090909090909,88.0,3.0,0.0,1021 EW,4.0
9000.0,55.0,2.0,0.0,1072 HD,3.0
4261.363636363636,88.0,2.0,1.0,1025 DW,3.0
8195.876288659794,97.0,2.0,0.0,1057 ET,3.0
7911.392405063291,79.0,2.0,0.0,1051 GX,3.0
4234.693877551021,98.0,2.0,1.0,1103 DV,3.0
6422.018348623853,109.0,2.0,1.0,1013 HS,3.0
7939.814814814815,108.0,3.0,1.0,1061 AV,4.0
9473.684210526315,76.0,2.0,0.0,1018 CA,3.0
6690.140845070423,71.0,2.0,0.0,1018 AS,4.0
6350.0,80.0,2.0,1.0,1101 DA,3.0
10051.546391752578,97.0,2.0,0.0,1052 CX,4.0
8711.340206185567,97.0,2.0,0.0,1095 AM,3.0
7564.102564102564,39.0,1.0,1.0,1105 BM,1.0
7885.964912280701,57.0,2.0,0.0,1018 PA,3.0
6632.65306122449,98.0,3.0,1.0,1058 EJ,4.0
7313.559322033899,59.0,1.0,1.0,1101 BA,2.0
7117.117117117117,111.0,2.0,1.0,1012 TW,3.0
9977.777777777777,45.0,2.0,0.0,1092 AX,3.0
6062.127659574468,94.0,3.0,1.0,1024 SN,4.0
9218.75,32.0,1.0,0.0,1083 TW,2.0
10131.578947368422,38.0,1.0,0.0,1072 XT,2.0
9230.76923076923,65.0,2.0,0.0,1016 LK,3.0
9855.263157894737,76.0,2.0,0.0,1053 TH,3.0
8012.3456790123455,81.0,2.0,0.0,1079 KJ,2.0
6423.359649122807,114.0,3.0,1.0,1101 DA,4.0
8489.36170212766,47.0,1.0,0.0,1079 VM,2.0
7542.372881355932,59.0,1.0,0.0,1012 PV,2.0
11713.615023474178,213.0,3.0,2.5,1077 LS,6.0
8333.333333333334,42.0,1.0,0.0,1017 NE,2.0
9166.666666666666,54.0,3.0,0.0,1079 KT,4.0
4573.770491803279,61.0,2.0,1.0,1069 TS,3.0
11052.631578947368,171.0,3.0,0.0,1018 CA,5.0
8461.538461538461,65.0,2.0,0.0,1071 VG,3.0
6582.417582417583,91.0,3.0,0.0,1094 PB,5.0
5737.704918032787,305.0,5.0,0.0,1077 JP,8.0
6250.0,120.0,3.0,1.0,1087 VX,4.0
6097.5609756097565,205.0,5.0,0.0,1019 TH,6.0
8823.529411764706,68.0,3.0,0.0,1055 DJ,4.0
6451.612903225807,93.0,3.0,0.0,1056 AK,4.0
4213.483146067416,89.0,2.0,0.0,1024 LD,3.0
6629.62962962963,81.0,2.0,1.0,1101 DA,3.0
6565.656565656565,99.0,4.0,0.0,1053 JB,5.0
11428.57142857143,35.0,1.0,0.0,1016 NL,2.0
9146.341463414634,41.0,1.0,0.0,1057 PW,2.0
5645.1612903225805,93.0,2.0,1.0,1061 XZ,3.0
6093.75,96.0,3.0,0.0,1056 AE,4.0
7578.125,64.0,2.0,0.0,1064 AB,3.0
8108.108108108108,74.0,2.0,0.0,1055 HC,4.0
9141.193548387097,31.0,1.0,1.0,1095 PA,2.0
8837.837837837838,74.0,2.0,0.0,1073 JC,3.0
9459.45945945946,74.0,2.0,1.0,1057 PT,3.0
8770.1875,32.0,1.0,1.0,1095 PA,2.0
8461.538461538461,65.0,2.0,0.0,1056 GP,3.0
9294.871794871795,156.0,3.0,0.0,1071 NM,5.0
9731.182795698925,93.0,2.0,1.0,1096 GV,3.0
8980.0,50.0,2.0,0.0,1058 XS,3.0
6410.25641025641,117.0,3.0,0.0,1056 GD,5.0
7131.147540983607,61.0,3.0,0.0,1055 GZ,4.0
7980.0,50.0,1.0,1.0,1062 HE,2.0
8433.734939759037,83.0,2.0,0.0,1056 XD,3.0
9090.90909090909,165.0,3.0,0.0,1018 CA,5.0
7796.610169491525,59.0,2.0,0.0,1059 XL,3.0
4444.444444444444,90.0,2.0,1.0,1069 DA,3.0
7232.142857142857,56.0,2.0,0.0,1024 KV,3.0
8676.470588235294,68.0,2.0,0.0,1076 SN,3.0
8525.0,100.0,3.0,1.0,1061 AV,4.0
9507.936507936507,63.0,1.0,0.0,1013 HP,2.0
8962.264150943396,53.0,2.0,0.0,1059 VN,4.0
5103.092783505154,97.0,3.0,1.0,1069 KE,4.0
13500.0,40.0,1.0,0.0,1071 VR,2.0
24324.324324324323,148.0,3.0,3.5,1071 CH,4.0
7674.418604651163,43.0,1.0,0.0,1093 XA,2.0
11718.75,32.0,1.0,0.0,1072 VN,2.0
11904.761904761905,147.0,2.0,1.0,1022 AB,4.0
7394.366197183099,71.0,2.0,0.0,1018 LZ,3.0
8695.652173913044,46.0,1.0,0.0,1076 VB,2.0
9021.739130434782,46.0,2.0,0.0,1092 BA,3.0
9186.046511627907,43.0,1.0,0.0,1053 GC,2.0
8486.842105263158,76.0,2.0,0.0,1057 BH,3.0
5978.260869565217,138.0,3.0,0.0,1095 MA,5.0
5000.0,70.0,2.0,0.0,1102 VD,3.0
7576.271186440678,59.0,1.0,1.0,1101 BA,2.0
7250.0,60.0,1.0,0.0,1021 EZ,2.0
9556.962025316456,79.0,2.0,0.0,1018 CA,3.0
8064.5161290322585,62.0,2.0,0.0,1073 NC,3.0
5802.325581395349,86.0,2.0,0.0,1025 XG,3.0
8163.265306122449,49.0,1.0,0.0,1097 WV,2.0
21373.390557939914,233.0,3.0,2.5,1075 AJ,4.0
10000.0,34.0,1.0,0.0,1053 VN,2.0
10520.833333333334,96.0,2.0,0.0,1018 CA,3.0
7906.25,80.0,2.0,1.0,1061 AV,3.0
5882.35294117647,85.0,2.0,1.0,1087 EK,3.0
11607.142857142857,28.0,1.0,0.0,1091 VE,2.0
9879.12087912088,91.0,4.0,0.0,1075 CD,5.0
8854.166666666666,96.0,3.0,0.0,1092 GM,4.0
6028.0373831775705,107.0,3.0,1.0,1025 WK,4.0
10153.061224489797,98.0,3.0,1.0,1078 VV,4.0
6188.118811881188,101.0,3.0,1.0,1061 VX,5.0
4139.784946236559,93.0,2.0,1.0,1063 PW,3.0
7584.269662921349,178.0,3.0,0.0,1077 RG,5.0
9164.383561643835,73.0,2.0,0.0,1054 JC,3.0
6315.789473684211,95.0,3.0,1.0,1055 AB,4.0
6074.7663551401865,107.0,3.0,0.0,1034 KE,4.0
9191.176470588236,68.0,2.0,0.0,1073 CK,3.0
4846.938775510204,98.0,3.0,1.0,1060 TW,4.0
7890.11,100.0,2.0,1.0,1087 HW,3.0
4620.2531645569625,79.0,2.0,0.0,1107 TG,3.0
8552.631578947368,76.0,2.0,1.0,1057 ZH,3.0
11197.916666666666,96.0,2.0,0.0,1074 HX,3.0
9574.468085106382,47.0,1.0,0.0,1079 NN,2.0
8394.475,40.0,1.0,0.0,1064 AB,2.0
9550.561797752809,89.0,3.0,0.0,1056 HL,4.0
8239.43661971831,142.0,2.0,0.0,1018 MT,3.0
6387.5,80.0,3.0,1.0,1102 DR,4.0
6750.0,80.0,3.0,0.0,1024 KV,4.0
8870.967741935483,62.0,1.0,0.0,1018 CA,2.0
5978.260869565217,92.0,2.0,1.0,1081 CZ,3.0
5931.14,50.0,1.0,1.0,1032 KW,2.0
6145.833333333333,96.0,2.0,1.0,1025 WK,3.0
7394.366197183099,71.0,2.0,0.0,1055 ME,3.0
8823.529411764706,68.0,2.0,0.0,1052 HZ,3.0
6617.9775280898875,89.0,2.0,1.0,1101 DA,3.0
4529.411764705882,85.0,2.0,1.0,1024 AV,3.0
7939.56043956044,91.0,2.0,1.0,1061 AV,3.0
12996.031746031746,252.0,6.0,3.0,1071 HC,8.0
9444.444444444445,45.0,1.0,0.0,1018 ED,2.0
6451.612903225807,62.0,1.0,1.0,1025 JD,2.0
8394.475,40.0,1.0,0.0,1064 AB,2.0
8295.454545454546,44.0,1.0,0.0,1093 AE,2.0
8707.865168539325,89.0,2.0,0.0,1057 EP,3.0
8181.818181818182,66.0,1.0,0.0,1097 RB,2.0
9661.290322580646,62.0,2.0,0.0,1091 BX,3.0
11111.111111111111,72.0,2.0,0.0,1075 EV,3.0
8750.0,44.0,1.0,0.0,1051 VP,2.0
6730.7692307692305,78.0,2.0,1.0,1082 TW,3.0
11029.411764705883,34.0,1.0,0.0,1053 DZ,2.0
8333.333333333334,105.0,2.0,0.0,1011 HT,4.0
7615.384615384615,65.0,1.0,0.0,1059 AS,3.0
8976.744186046511,43.0,1.0,0.0,1032 KN,2.0
6315.789473684211,76.0,2.0,1.0,1082 LJ,3.0
4775.2808988764045,89.0,3.0,0.0,1034 SL,3.0
9141.193548387097,31.0,1.0,1.0,1095 PA,2.0
10400.0,50.0,1.0,0.0,1018 CA,2.0
7900.0,50.0,1.0,1.0,1062 HE,2.0
5729.166666666667,48.0,1.0,0.0,1107 KK,2.0
8719.512195121952,82.0,2.0,0.0,1096 DS,3.0
7142.857142857143,84.0,2.0,0.0,1059 AZ,3.0
7971.014492753623,69.0,2.0,1.0,1094 SM,3.0
8491.379310344828,116.0,3.0,1.0,1079 SK,4.0
8181.818181818182,55.0,2.0,0.0,1076 LN,3.0
8333.333333333334,42.0,1.0,0.0,1064 PC,2.0
7986.111111111111,144.0,4.0,0.0,1098 AE,6.0
8394.475,40.0,1.0,0.0,1064 AB,2.0
9180.327868852459,61.0,1.0,0.0,1095 AM,2.0
8928.57142857143,56.0,1.0,1.0,1092 VD,2.0
10131.578947368422,76.0,2.0,1.0,1096 AM,3.0
7019.2307692307695,156.0,5.0,0.0,1057 JV,7.0
10000.0,60.0,2.0,1.0,1017 WG,3.0
4797.979797979798,99.0,2.0,1.0,1068 CV,3.0
9420.289855072464,138.0,3.0,0.0,1075 PE,4.0
8673.469387755102,49.0,2.0,0.0,1052 EN,3.0
4220.779220779221,77.0,2.0,0.0,1063 LV,3.0
9259.25925925926,54.0,1.0,0.0,1018 XK,2.0
9183.673469387755,196.0,2.0,1.0,1013 MM,4.0
10403.225806451614,62.0,2.0,1.0,1018 KZ,3.0
7842.105263157895,95.0,2.0,0.0,1072 ML,3.0
5654.761904761905,84.0,3.0,0.0,1024 SL,4.0
6305.263157894737,95.0,2.0,0.0,1057 EZ,5.0
7395.061728395061,81.0,2.0,0.0,1055 CL,3.0
12017.543859649122,114.0,2.0,2.5,1014 ZP,3.0
7242.990654205608,107.0,2.0,1.0,1083 KC,3.0
7905.405405405405,74.0,2.0,0.0,1051 VB,3.0
9821.42857142857,28.0,1.0,0.0,1096 GJ,1.0
9586.466165413534,133.0,3.0,0.0,1018 CA,4.0
7750.0,100.0,5.0,0.0,1079 AN,7.0
6837.606837606838,117.0,3.0,0.0,1056 JP,5.0
8271.604938271605,81.0,2.0,1.0,1018 BS,3.0
6971.153846153846,104.0,4.0,0.0,1056 PM,5.0
5000.0,70.0,2.0,0.0,1102 WX,3.0
5652.173913043478,92.0,2.0,1.0,1087 KR,3.0
6831.155555555555,45.0,1.0,1.0,1032 KW,2.0
6907.692307692308,65.0,1.0,0.0,1079 JA,2.0
4605.263157894737,76.0,2.0,0.0,1034 MB,3.0
9622.641509433963,53.0,1.0,0.0,1018 CA,2.0
6896.551724137931,145.0,5.0,0.0,1098 PE,7.0
7967.0329670329675,91.0,2.0,1.0,1061 AV,3.0
8454.545454545454,110.0,2.0,0.0,1078 HK,3.0
9246.913580246914,81.0,2.0,0.0,1076 KV,2.0
6506.944444444444,72.0,2.0,1.0,1101 DA,3.0
9375.0,40.0,1.0,0.0,1018 KN,2.0
5769.2307692307695,91.0,2.0,0.0,1102 AK,4.0
8628.318584070796,113.0,2.0,2.5,1019 XP,3.0
10000.0,34.0,1.0,1.0,1032 KN,2.0
12000.0,65.0,2.0,0.0,1091 TH,3.0
9072.727272727272,110.0,3.0,0.0,1095 AM,4.0
7900.0,50.0,1.0,1.0,1062 HE,2.0
16515.151515151516,33.0,1.0,0.0,1075 EJ,2.0
8223.140495867769,121.0,2.0,0.0,1017 TV,3.0
11607.142857142857,28.0,1.0,0.0,1094 HC,1.0
6377.551020408163,98.0,3.0,1.0,1058 EE,4.0
6937.5,80.0,3.0,0.0,1024 KV,4.0
5084.745762711865,59.0,1.0,0.0,1068 RM,2.0
7246.376811594203,207.0,7.0,0.0,1016 CX,9.0
5263.1578947368425,76.0,2.0,0.0,1034 BX,3.0
8933.333333333334,75.0,2.0,1.0,1031 KN,3.0
8510.63829787234,47.0,1.0,1.0,1019 AL,2.0
7101.449275362319,69.0,3.0,0.0,1055 WR,4.0
9444.444444444445,63.0,1.0,0.0,1015 CR,2.0
8815.78947368421,76.0,2.0,0.0,1078 DV,3.0
9053.09677419355,31.0,1.0,1.0,1095 PA,2.0
6097.5609756097565,123.0,4.0,0.0,1012 XL,6.0
5064.102564102564,78.0,3.0,0.0,1024 VE,4.0
9445.9,30.0,1.0,1.0,1095 PA,2.0
8935.185185185184,108.0,3.0,1.0,1079 RH,4.0
5952.380952380952,63.0,2.0,0.0,1062 ES,3.0
7608.695652173913,69.0,1.0,0.0,1093 AE,2.0
6956.521739130435,115.0,5.0,0.0,1012 JE,6.0
10595.238095238095,84.0,2.0,0.0,1074 XL,3.0
7478.6324786324785,117.0,1.0,1.0,1082 ME,2.0
9558.823529411764,34.0,1.0,1.0,1071 XB,1.0
8888.888888888889,90.0,1.0,1.0,1075 VS,2.0
4836.065573770492,61.0,1.0,1.0,1106 BN,2.0
8961.038961038961,77.0,2.0,0.0,1096 DS,3.0
5081.9672131147545,61.0,2.0,0.0,1031 AL,3.0
9460.78431372549,102.0,3.0,1.0,1096 AM,4.0
7421.875,128.0,3.0,0.0,1051 JP,5.0
6576.923076923077,65.0,2.0,0.0,1102 AK,3.0
13888.888888888889,198.0,4.0,2.5,1071 PG,6.0
8854.166666666666,48.0,1.0,0.0,1052 KV,2.0
10963.414634146342,82.0,3.0,0.0,1012 VG,4.0
5063.291139240507,237.0,4.0,0.0,1091 EC,6.0
7246.376811594203,69.0,3.0,0.0,1024 KV,4.0
9155.844155844155,77.0,2.0,0.0,1018 CA,3.0
8140.0,50.0,1.0,0.0,1033 SM,3.0
9150.943396226416,53.0,2.0,0.0,1056 KH,3.0
14607.843137254902,51.0,1.0,3.5,1071 CJ,2.0
3732.394366197183,71.0,2.0,0.0,1107 AL,3.0
10961.538461538461,26.0,1.0,0.0,1092 GG,2.0
8510.63829787234,47.0,1.0,0.0,1053 BX,2.0
10000.0,60.0,2.0,0.0,1073 GP,3.0
6486.486486486487,74.0,2.0,1.0,1025 WK,3.0
8196.20253164557,158.0,2.0,0.0,1016 XD,4.0
10119.047619047618,42.0,1.0,0.0,1054 HM,2.0
5519.480519480519,77.0,2.0,1.0,1064 CS,3.0
7900.0,50.0,1.0,1.0,1062 HE,2.0
6944.444444444444,72.0,2.0,0.0,1036 KN,3.0
7386.363636363636,88.0,2.0,0.0,1053 LM,3.0
6528.100917431193,109.0,3.0,1.0,1101 DA,4.0
11187.5,80.0,2.0,1.0,1072 BE,3.0
8600.0,100.0,3.0,0.0,1018 CA,4.0
9375.0,80.0,2.0,0.0,1074 EK,3.0
9890.10989010989,91.0,2.0,1.0,1096 GV,3.0
5480.7692307692305,52.0,1.0,1.0,1103 LN,2.0
6443.661971830986,71.0,2.0,0.0,1102 AK,3.0
6976.7441860465115,129.0,3.0,1.0,1077 SB,5.0
12500.0,156.0,3.0,2.0,1071 RK,6.0
9558.823529411764,102.0,3.0,1.0,1096 AM,4.0
6250.0,60.0,1.0,0.0,1060 SH,2.0
7954.545454545455,66.0,2.0,0.0,1095 BJ,3.0
6014.1509433962265,106.0,2.0,1.0,1087 VA,3.0
10666.666666666666,75.0,2.0,1.0,1078 CK,3.0
5594.059405940594,101.0,2.0,0.0,1087 JD,3.0
8333.333333333334,93.0,3.0,0.0,1012 EZ,4.0
7800.0,50.0,1.0,1.0,1062 HE,2.0
13793.103448275862,87.0,2.0,1.0,1017 DG,3.0
4924.242424242424,66.0,2.0,0.0,1068 ZG,3.0
10546.875,64.0,2.0,0.0,1015 XT,3.0
8505.747126436781,87.0,2.0,1.0,1092 TB,3.0
9186.046511627907,43.0,1.0,0.0,1055 NE,2.0
5818.9655172413795,116.0,3.0,0.0,1082 GS,4.0
8066.037735849057,106.0,2.0,1.0,1095 AM,3.0
9000.0,50.0,1.0,0.0,1092 HA,2.0
9574.468085106382,47.0,2.0,0.0,1053 GH,3.0
5913.978494623656,93.0,2.0,1.0,1068 ER,3.0
9375.0,88.0,2.0,0.0,1011 LA,3.0
5566.037735849057,53.0,2.0,1.0,1103 LW,3.0
22857.14285714286,105.0,2.0,1.0,1016 AG,3.0
7458.333333333333,120.0,4.0,0.0,1057 JH,6.0
9659.09090909091,44.0,1.0,0.0,1053 VN,2.0
8928.57142857143,56.0,1.0,0.0,1091 VD,2.0
10205.882352941177,34.0,1.0,1.0,1032 KW,2.0
8684.21052631579,76.0,2.0,1.0,1031 KN,3.0
12884.615384615385,52.0,1.0,1.0,1018 LL,2.0
17247.70642201835,109.0,2.0,2.0,1075 BV,3.0
7142.857142857143,63.0,2.0,0.0,1073 TT,3.0
6959.459459459459,74.0,2.0,1.0,1062 HE,3.0
5992.0,125.0,4.0,1.0,1019 AZ,5.0
6918.238993710692,159.0,3.0,0.0,1043 CP,4.0
5905.511811023622,127.0,3.0,0.0,1055 TS,5.0
9734.513274336283,113.0,2.0,0.0,1016 AA,3.0
10753.432432432432,37.0,1.0,1.0,1014 ZK,1.0
3735.632183908046,87.0,3.0,0.0,1106 CH,4.0
4070.6521739130435,92.0,3.0,1.0,1108 CA,4.0
9140.845070422536,71.0,2.0,0.0,1071 DH,3.0
8357.142857142857,70.0,2.0,0.0,1052 KP,3.0
7258.064516129032,62.0,2.0,0.0,1052 NG,3.0
6600.0,75.0,3.0,0.0,1083 BN,4.0
13909.465020576132,486.0,4.0,1.5,1016 DT,7.0
9700.0,500.0,4.0,6.0,1082 ME,8.0
9090.90909090909,44.0,2.0,1.0,1074 HX,3.0
10178.57142857143,28.0,1.0,1.0,1096 GJ,1.0
5514.705882352941,68.0,1.0,1.0,1082 RG,2.0
9600.0,50.0,1.0,0.0,1018 CA,2.0
6359.649122807017,228.0,6.0,0.0,1053 ZE,9.0
9358.97435897436,39.0,1.0,1.0,1032 LL,2.0
8333.333333333334,78.0,2.0,0.0,1054 JV,3.0
9864.864864864865,37.0,1.0,0.0,1051 CP,2.0
7373.737373737374,99.0,2.0,0.0,1019 HD,3.0
10961.538461538461,26.0,1.0,0.0,1094 CX,2.0
8246.153846153846,65.0,2.0,0.0,1064 AB,3.0
8620.689655172413,58.0,2.0,0.0,1056 DB,3.0
12500.0,34.0,1.0,0.0,1053 LK,2.0
9198.11320754717,106.0,3.0,1.0,1097 CH,4.0
7352.941176470588,136.0,3.0,0.0,1018 MX,4.0
9090.90909090909,44.0,1.0,0.0,1052 HT,2.0
8575.268817204302,186.0,4.0,0.0,1054 ZH,7.0
8611.111111111111,90.0,2.0,1.0,1013 ZM,3.0
9500.0,50.0,2.0,0.0,1056 XW,3.0
5931.14,50.0,1.0,1.0,1032 KW,2.0
4779.411764705882,68.0,2.0,1.0,1104 EA,3.0
9765.625,64.0,2.0,0.0,1072 VX,3.0
8480.392156862745,102.0,2.0,0.0,1077 KS,3.0
9141.193548387097,31.0,1.0,1.0,1095 PA,2.0
7318.840579710145,69.0,3.0,0.0,1024 KV,4.0
9687.5,32.0,1.0,0.0,1053 DV,2.0
6410.25641025641,117.0,5.0,0.0,1078 CA,6.0
9482.758620689656,58.0,1.0,0.0,1054 WN,2.0
9000.0,50.0,2.0,0.0,1056 XW,3.0
9339.622641509433,53.0,2.0,0.0,1056 KH,3.0
9313.725490196079,51.0,1.0,0.0,1096 DS,2.0
10344.827586206897,29.0,1.0,0.0,1057 ZV,2.0
8866.666666666666,45.0,1.0,0.0,1082 TG,2.0
5000.0,87.0,3.0,1.0,1060 RE,4.0
8032.786885245901,61.0,2.0,0.0,1064 AB,3.0
8394.475,40.0,1.0,0.0,1064 AB,2.0
9137.931034482759,87.0,2.0,1.0,1096 HR,3.0
11024.675675675675,37.0,1.0,1.0,1014 ZK,1.0
8125.0,48.0,2.0,0.0,1057 PV,3.0
10261.194029850747,134.0,3.0,0.0,1057 ZR,4.0
7000.0,55.0,2.0,0.0,1092 CL,3.0
5864.197530864198,81.0,2.0,1.0,1087 KP,3.0
9485.29411764706,68.0,1.0,1.0,1031 HX,2.0
8892.857142857143,56.0,2.0,0.0,1058 DN,3.0
6989.247311827957,93.0,4.0,0.0,1098 CZ,5.0
7291.666666666667,72.0,2.0,0.0,1055 LA,3.0
7360.6557377049185,61.0,2.0,0.0,1082 SN,3.0
8557.692307692309,52.0,2.0,0.0,1055 BL,3.0
7608.695652173913,46.0,1.0,1.0,1087 BC,1.0
6913.04347826087,115.0,3.0,0.0,1054 XJ,4.0
6556.679611650486,103.0,2.0,1.0,1101 DA,3.0
8475.609756097561,82.0,2.0,1.0,1031 KN,3.0
10229.681978798586,283.0,4.0,0.0,1071 HH,7.0
7102.803738317757,107.0,2.0,1.0,1019 AZ,3.0
5776.699029126214,103.0,2.0,1.0,1066 PL,3.0
13223.140495867769,121.0,2.0,1.0,1082 MK,3.0
4776.119402985075,67.0,2.0,1.0,1104 EA,3.0
6036.585365853659,82.0,2.0,0.0,1024 XR,3.0
7007.042253521126,142.0,5.0,0.0,1079 AH,6.0
9701.492537313432,67.0,3.0,0.0,1098 BM,4.0
6338.028169014085,71.0,2.0,0.0,1102 AK,3.0
11666.666666666666,48.0,1.0,1.0,1096 AM,2.0
7666.666666666667,90.0,3.0,1.0,1094 NB,4.0
8500.0,98.0,3.0,1.0,1098 KX,4.0
10457.51633986928,153.0,1.0,0.0,1071 CH,2.0
6637.168141592921,113.0,4.0,1.0,1087 VV,5.0
4098.360655737705,122.0,2.0,1.0,1069 RS,3.0
9558.823529411764,34.0,1.0,0.0,1074 EE,2.0
7442.748091603054,131.0,2.0,1.0,1082 MT,4.0
6982.758620689655,58.0,2.0,0.0,1024 KV,3.0
9659.09090909091,44.0,1.0,0.0,1053 BX,2.0
6761.363636363636,88.0,2.0,0.0,1019 EW,3.0
9883.720930232557,43.0,1.0,0.0,1053 CG,2.0
9507.042253521127,71.0,1.0,1.0,1031 KN,2.0
8623.188405797102,69.0,1.0,1.0,1031 KN,2.0
6012.820512820513,78.0,2.0,1.0,1066 SC,3.0
9634.146341463415,41.0,1.0,0.0,1056 KP,2.0
8619.047619047618,105.0,3.0,0.0,1018 CA,4.0
7950.819672131148,61.0,2.0,0.0,1076 KS,4.0
6111.111111111111,81.0,2.0,1.0,1083 BW,3.0
8701.298701298701,77.0,2.0,0.0,1096 DS,3.0
11192.708333333334,192.0,2.0,0.0,1017 KJ,5.0
7079.710144927536,69.0,2.0,1.0,1101 BA,3.0
10280.373831775702,107.0,2.0,0.0,1071 JS,4.0
5400.0,45.0,1.0,0.0,1102 TS,2.0
9583.333333333334,24.0,1.0,1.0,1083 CN,1.0
8581.081081081082,74.0,2.0,0.0,1059 TH,3.0
6982.758620689655,58.0,2.0,0.0,1024 KV,3.0
8534.48275862069,58.0,2.0,0.0,1079 WJ,4.0
5194.805194805195,77.0,3.0,0.0,1024 VD,4.0
6785.714285714285,70.0,2.0,0.0,1076 CK,3.0
7637.3626373626375,91.0,2.0,1.0,1061 AV,3.0
10666.666666666666,30.0,1.0,1.0,1019 AT,1.0
7327.586206896552,58.0,1.0,1.0,1101 BA,2.0
5194.805194805195,77.0,3.0,1.0,1064 EC,4.0
8394.475,40.0,1.0,0.0,1064 AB,2.0
8000.0,45.0,1.0,1.0,1096 BN,2.0
9110.169491525423,118.0,3.0,0.0,1097 BW,4.0
8950.617283950618,81.0,2.0,0.0,1078 LP,3.0
8256.880733944954,109.0,2.0,0.0,1015 XM,3.0
5000.0,79.0,2.0,1.0,1103 JW,3.0
5931.14,50.0,1.0,1.0,1032 KW,2.0
5625.0,56.0,2.0,0.0,1102 TK,3.0
4936.403508771929,57.0,1.0,1.0,1032 KW,2.0
8455.882352941177,68.0,2.0,0.0,1092 VG,3.0
11824.324324324325,222.0,4.0,0.0,1077 NX,6.0
7894.736842105263,57.0,2.0,0.0,1057 AA,3.0
10555.555555555555,45.0,1.0,0.0,1054 LA,2.0
3838.3838383838383,99.0,3.0,1.0,1069 ET,4.0
7531.914893617021,47.0,1.0,0.0,1033 RD,3.0
9629.62962962963,135.0,3.0,0.0,1016 RR,5.0
8173.076923076923,52.0,2.0,0.0,1055 CA,3.0
6000.0,115.0,2.0,1.0,1098 WR,3.0
10087.719298245614,114.0,2.0,1.0,1072 XA,3.0
9141.193548387097,31.0,1.0,1.0,1095 PA,2.0
8955.223880597016,67.0,2.0,0.0,1058 VS,4.0
7352.941176470588,51.0,2.0,0.0,1056 SW,2.0
8394.475,40.0,1.0,0.0,1064 AB,2.0
8307.692307692309,65.0,2.0,0.0,1064 AB,3.0
8894.23076923077,104.0,2.0,0.0,1015 HP,3.0
9153.846153846154,65.0,2.0,0.0,1091 RZ,3.0
5952.380952380952,147.0,3.0,0.0,1043 CP,5.0
9722.222222222223,54.0,2.0,0.0,1018 CE,3.0
10182.926829268292,82.0,2.0,1.0,1082 MZ,3.0
6779.661016949152,59.0,3.0,0.0,1055 HV,4.0
9276.315789473685,76.0,2.0,0.0,1018 CA,3.0
7575.757575757576,66.0,2.0,0.0,1012 CM,2.0
8333.333333333334,75.0,2.0,0.0,1056 VZ,3.0
10753.432432432432,37.0,1.0,1.0,1014 ZK,1.0
9459.45945945946,37.0,1.0,0.0,1013 DV,3.0
6390.977443609023,133.0,4.0,1.0,1083 GB,5.0
11169.896551724138,87.0,3.0,1.0,1013 SG,4.0
11688.311688311689,154.0,3.0,1.5,1071 CP,4.0
7962.962962962963,108.0,3.0,1.0,1061 AV,4.0
10000.0,59.0,1.0,1.0,1031 HX,2.0
6247.8125,48.0,1.0,1.0,1032 KW,2.0
8802.81690140845,71.0,2.0,1.0,1031 KN,3.0
7171.0526315789475,76.0,2.0,0.0,1056 ER,3.0
6052.631578947368,57.0,2.0,0.0,1063 HS,3.0
4619.565217391304,92.0,3.0,1.0,1068 JH,4.0
9430.379746835442,79.0,2.0,0.0,1054 LA,3.0
9375.0,48.0,2.0,0.0,1094 CK,3.0
6920.792079207921,101.0,3.0,0.0,1013 MZ,4.0
9166.666666666666,60.0,3.0,0.0,1078 ST,4.0
6923.076923076923,65.0,2.0,0.0,1055 KP,3.0
8486.238532110092,109.0,2.0,1.0,1082 MT,3.0
8934.426229508197,61.0,1.0,0.0,1095 AM,2.0
7589.285714285715,56.0,1.0,0.0,1013 CJ,2.0
6779.661016949152,59.0,2.0,0.0,1055 LB,3.0
9000.0,55.0,2.0,0.0,1076 LP,3.0
9053.09677419355,31.0,1.0,1.0,1095 PA,2.0
7900.0,50.0,1.0,1.0,1062 HE,2.0
9829.059829059828,117.0,2.0,0.0,1018 CA,3.0
3811.8811881188117,101.0,3.0,0.0,1069 ER,4.0
10208.333333333334,48.0,1.0,1.0,1095 AM,2.0
3571.4285714285716,119.0,4.0,1.0,1108 DV,5.0
6914.893617021276,94.0,2.0,0.0,1057 EZ,3.0
11507.936507936507,126.0,3.0,1.0,1031 HX,4.0
9303.27868852459,122.0,3.0,0.0,1018 CA,4.0
6617.64705882353,68.0,2.0,0.0,1095 BJ,3.0
6226.415094339623,106.0,3.0,1.0,1025 WK,4.0
5931.14,50.0,1.0,1.0,1032 KW,2.0
9110.169491525423,59.0,1.0,0.0,1096 DS,2.0
6532.258064516129,93.0,2.0,1.0,1101 DA,3.0
9116.666666666666,60.0,1.0,0.0,1095 AM,2.0
8938.54748603352,179.0,2.0,1.0,1016 RG,3.0
5989.583333333333,96.0,2.0,1.0,1025 AZ,3.0
8666.666666666666,90.0,2.0,1.0,1019 AK,3.0
10000.0,74.0,1.0,0.0,1018 CA,3.0
16481.48148148148,270.0,2.0,3.5,1071 ED,4.0
10202.702702702703,74.0,2.0,1.0,1096 GV,3.0
4891.304347826087,46.0,1.0,0.0,1104 PA,2.0
6250.0,56.0,1.0,0.0,1025 KB,2.0
7191.780821917808,73.0,2.0,0.0,1081 JP,3.0
9230.76923076923,130.0,3.0,0.0,1074 BS,4.0
19171.779141104296,326.0,4.0,2.0,1075 AV,8.0
12107.142857142857,140.0,4.0,0.0,1073 EA,7.0
4239.130434782609,92.0,3.0,0.0,1069 LE,4.0
7142.857142857143,154.0,3.0,0.0,1078 AK,4.0
6641.975308641975,81.0,2.0,1.0,1101 DA,3.0
9615.384615384615,39.0,1.0,0.0,1017 HX,2.0
8223.684210526315,152.0,2.0,1.0,1013 AS,4.0
9810.12658227848,79.0,1.0,1.0,1018 GP,2.0
8139.53488372093,86.0,2.0,0.0,1078 JD,3.0
7900.0,50.0,1.0,0.0,1033 SM,3.0
9259.25925925926,81.0,3.0,0.0,1054 VJ,4.0
7328.767123287671,73.0,2.0,0.0,1098 TT,3.0
8576.15894039735,151.0,3.0,0.0,1071 AP,4.0
3883.4951456310678,103.0,4.0,0.0,1102 XH,5.0
9714.285714285714,70.0,1.0,0.0,1018 CA,2.0
4929.577464788732,71.0,2.0,0.0,1068 GB,3.0
6329.113924050633,79.0,2.0,1.0,1101 DA,3.0
9655.737704918032,61.0,2.0,1.0,1073 BX,3.0
8108.108108108108,37.0,1.0,0.0,1091 JL,2.0
4695.542372881356,59.0,2.0,1.0,1032 KW,3.0
9375.0,48.0,1.0,0.0,1092 EC,2.0
9333.333333333334,75.0,2.0,0.0,1072 CB,3.0
9545.454545454546,33.0,1.0,1.0,1083 EM,2.0
4944.444444444444,90.0,2.0,1.0,1069 DA,3.0
4728.260869565217,92.0,2.0,0.0,1060 RG,4.0
8394.475,40.0,1.0,0.0,1064 AB,2.0
10094.33962264151,53.0,2.0,0.0,1072 TG,3.0
5338.983050847458,59.0,2.0,0.0,1102 WX,3.0
7096.774193548387,62.0,2.0,0.0,1018 BR,3.0
6944.444444444444,72.0,1.0,0.0,1013 HC,2.0
8645.833333333334,48.0,2.0,0.0,1055 XV,3.0
4695.542372881356,59.0,1.0,1.0,1032 KW,2.0
8548.387096774193,93.0,2.0,0.0,1079 WS,3.0
6250.0,88.0,2.0,0.0,1061 AE,3.0
4477.611940298508,67.0,2.0,1.0,1064 BM,3.0
10227.272727272728,22.0,1.0,0.0,1022 KK,1.0
7083.333333333333,60.0,2.0,0.0,1061 DZ,3.0
6513.888888888889,72.0,2.0,1.0,1082 AT,3.0
6136.8421052631575,95.0,2.0,1.0,1102 SG,3.0
9053.030303030304,132.0,4.0,0.0,1072 GW,5.0
9150.0,60.0,1.0,0.0,1095 AM,2.0
8720.93023255814,43.0,1.0,0.0,1051 EE,2.0
8157.894736842105,76.0,2.0,0.0,1031 EZ,3.0
9134.615384615385,52.0,2.0,0.0,1054 TX,3.0
9313.725490196079,51.0,1.0,0.0,1051 JB,2.0
9649.122807017544,57.0,2.0,0.0,1079 DM,3.0
4807.692307692308,156.0,2.0,1.0,1087 KG,3.0
7823.745098039216,51.0,1.0,0.0,1056 CD,2.0
8593.75,64.0,2.0,1.0,1011 VM,3.0
7420.289855072464,69.0,2.0,0.0,1064 AB,3.0
6969.69696969697,165.0,1.0,0.0,1016 GA,1.0
8532.11009174312,109.0,3.0,1.0,1061 AV,4.0
8937.5,64.0,1.0,0.0,1095 AM,2.0
6554.054054054054,74.0,2.0,1.0,1025 WK,3.0
8846.153846153846,130.0,2.0,1.0,1075 HM,3.0
6179.775280898876,89.0,2.0,0.0,1087 EN,3.0
11189.655172413793,116.0,3.0,4.0,1096 GV,4.0
3846.153846153846,91.0,3.0,0.0,1106 JG,4.0
9000.0,50.0,1.0,0.0,1057 AE,2.0
7653.061224489796,49.0,1.0,0.0,1055 RZ,2.0
7352.941176470588,85.0,3.0,0.0,1013 JM,4.0
8680.555555555555,72.0,2.0,1.0,1031 KN,3.0
11904.761904761905,21.0,1.0,0.0,1015 WE,1.0
9772.727272727272,110.0,2.0,0.0,1054 WZ,4.0
4301.075268817204,93.0,3.0,0.0,1034 LT,4.0
5931.14,50.0,1.0,1.0,1032 KW,2.0
7746.478873239436,71.0,3.0,0.0,1098 ES,4.0
9126.984126984127,63.0,2.0,0.0,1098 LG,3.0
7042.2535211267605,71.0,3.0,0.0,1082 TN,4.0
9259.25925925926,108.0,2.0,0.0,1017 DL,3.0
6250.0,76.0,2.0,0.0,1087 AZ,3.0
8088.235294117647,102.0,2.0,1.0,1059 WD,3.0
8389.830508474577,59.0,2.0,0.0,1016 VA,3.0
5769.2307692307695,78.0,2.0,1.0,1087 LN,3.0
5448.717948717948,78.0,2.0,1.0,1069 LA,3.0
5724.63768115942,69.0,2.0,1.0,1025 GW,3.0
7393.1623931623935,117.0,3.0,0.0,1093 EA,5.0
7800.0,50.0,1.0,0.0,1055 ER,2.0
5208.333333333333,96.0,2.0,1.0,1064 PR,3.0
7380.952380952381,105.0,2.0,0.0,1057 JK,5.0
8425.925925925925,54.0,2.0,0.0,1079 KW,3.0
9876.543209876543,81.0,2.0,0.0,1082 MZ,3.0
8731.34328358209,67.0,2.0,0.0,1098 TK,3.0
7868.852459016393,61.0,1.0,2.5,1014 ZG,2.0
9900.79365079365,252.0,3.0,0.0,1071 HK,6.0
9523.809523809523,63.0,2.0,0.0,1075 GB,3.0
3691.588785046729,107.0,2.0,1.0,1103 JW,3.0
7894.736842105263,57.0,2.0,0.0,1057 ZZ,3.0
8100.0,50.0,1.0,1.0,1032 KN,2.0
13132.530120481928,83.0,2.0,0.0,1071 NG,3.0
6812.5,80.0,3.0,0.0,1024 KV,4.0
9069.767441860466,215.0,3.0,1.0,1054 ES,4.0
9375.0,32.0,1.0,0.0,1018 PS,2.0
8971.96261682243,107.0,3.0,0.0,1098 LH,4.0
6439.393939393939,66.0,2.0,0.0,1025 WV,3.0
7900.0,50.0,1.0,1.0,1062 HE,2.0
4758.064516129032,62.0,2.0,0.0,1108 DD,3.0
5724.63768115942,69.0,2.0,1.0,1062 JR,3.0
7758.620689655172,87.0,2.0,0.0,1055 MR,3.0
8448.275862068966,87.0,2.0,2.0,1018 NK,3.0
4695.542372881356,59.0,1.0,1.0,1032 KW,2.0
9375.0,48.0,1.0,0.0,1018 CA,2.0
4938.505747126437,87.0,2.0,1.0,1103 AM,3.0
8333.333333333334,81.0,3.0,1.0,1076 LN,4.0
8684.21052631579,76.0,2.0,1.0,1031 KN,3.0
4296.875,128.0,3.0,1.0,1068 VM,4.0
9290.697674418605,86.0,2.0,0.0,1056 XG,3.0
5070.422535211268,71.0,2.0,0.0,1069 RC,3.0
7779.661016949152,59.0,2.0,0.0,1012 NG,3.0
9650.537634408602,186.0,3.0,0.0,1017 GL,5.0
5357.142857142857,70.0,2.0,0.0,1067 VB,3.0
7388.059701492537,67.0,2.0,0.0,1097 CV,3.0
6166.666666666667,90.0,3.0,1.0,1087 VA,4.0
8350.515463917525,97.0,2.0,1.0,1061 AV,3.0
7685.185185185185,54.0,3.0,0.0,1056 DG,4.0
5555.555555555556,54.0,1.0,0.0,1102 RZ,2.0
12291.666666666666,24.0,1.0,0.0,1015 XX,2.0
10000.0,60.0,1.0,0.0,1018 VW,2.0
9120.37037037037,108.0,3.0,1.0,1096 AM,4.0
7900.0,50.0,1.0,1.0,1062 HE,2.0
10757.575757575758,66.0,1.0,1.0,1096 GV,1.0
11112.425287356322,87.0,3.0,1.0,1013 SG,4.0
9121.621621621622,74.0,3.0,0.0,1053 CL,4.0
11666.666666666666,57.0,2.0,0.0,1076 LW,3.0
9659.09090909091,44.0,1.0,0.0,1096 DS,2.0
7314.814814814815,54.0,1.0,0.0,1021 PP,2.0
7900.0,50.0,1.0,1.0,1062 HE,2.0
9035.714285714286,56.0,1.0,0.0,1095 AM,2.0
9596.774193548386,62.0,1.0,1.0,1031 KN,2.0
9302.32558139535,86.0,1.0,2.5,1019 AL,2.0
9302.32558139535,43.0,1.0,0.0,1053 RJ,2.0
7258.064516129032,124.0,4.0,0.0,1072 EV,5.0
8115.942028985507,69.0,3.0,0.0,1058 SN,4.0
9600.0,50.0,1.0,0.0,1018 CA,2.0
8450.704225352112,71.0,1.0,0.0,1017 ND,2.0
9928.57142857143,70.0,2.0,1.0,1071 VT,3.0
4345.238095238095,84.0,3.0,1.0,1025 ZW,4.0
6580.246913580247,81.0,2.0,1.0,1101 DA,3.0
8936.170212765957,141.0,3.0,0.0,1077 ZB,5.0
23600.0,250.0,3.0,0.0,1015 BG,9.0
5357.142857142857,70.0,1.0,0.0,1068 CX,2.0
11956.521739130434,138.0,3.0,1.0,1031 HX,4.0
6842.105263157895,95.0,3.0,1.0,1055 AB,4.0
7500.0,44.0,1.0,1.0,1064 CT,2.0
8333.333333333334,48.0,2.0,0.0,1055 CV,3.0
8636.363636363636,55.0,2.0,0.0,1055 XL,3.0
8055.555555555556,90.0,3.0,0.0,1092 HN,5.0
9772.727272727272,110.0,2.0,0.0,1054 BV,3.0
9134.615384615385,104.0,3.0,0.0,1016 AC,4.0
10384.615384615385,65.0,3.0,0.0,1054 MV,4.0
11528.92561983471,121.0,2.0,1.0,1017 CC,3.0
7333.333333333333,75.0,4.0,0.0,1055 NV,5.0
10135.135135135135,37.0,1.0,0.0,1031 GM,2.0
8467.741935483871,62.0,2.0,0.0,1059 CX,3.0
9700.854700854701,117.0,3.0,0.0,1018 CA,4.0
8333.333333333334,48.0,2.0,0.0,1055 TS,3.0
6538.461538461538,78.0,2.0,1.0,1025 WK,3.0
9000.0,55.0,2.0,0.0,1056 DS,3.0
10389.61038961039,77.0,2.0,2.5,1017 BS,3.0
4439.252336448598,107.0,4.0,0.0,1065 GS,5.0
7828.9473684210525,76.0,3.0,0.0,1013 VX,3.0
6686.046511627907,86.0,3.0,1.0,1061 VX,4.0
10924.36974789916,119.0,2.0,1.0,1017 KP,5.0
4523.809523809524,84.0,3.0,0.0,1024 AK,4.0
7037.551020408163,49.0,1.0,1.0,1024 SN,2.0
6666.666666666667,81.0,2.0,1.0,1101 DA,3.0
9409.448818897637,127.0,2.0,0.0,1077 BP,4.0
8673.469387755102,49.0,1.0,0.0,1092 CS,2.0
6915.492957746479,71.0,2.0,1.0,1101 DA,3.0
