listing_id,price_num,size_num,bedrooms,nr_rooms,luxury_score,price_per_m2,size_band,postal_code_clean,pc4,postal_district,zone,is_canal_belt,neighborhood,city,contribution_vve_num,year_of_construction_num,energy_label
0,275000.0,40.0,1.0,2.0,0.0,6875.0,XS,1102 ZA,1102.0,110,zuidoost,False,Venserpolder-Oost,AMSTERDAM,105.46,1984.0,A
1,435000.0,48.0,1.0,2.0,0.0,9062.5,XS,1075 RV,1075.0,107,zuid,False,Schinkelbuurt-Zuid,AMSTERDAM,254.0,1915.0,D
2,400000.0,50.0,1.0,2.0,0.0,8000.0,XS,1091 ZB,1091.0,109,oost,False,Transvaalbuurt-West,AMSTERDAM,108.7,1925.0,B
3,499000.0,99.0,3.0,5.0,1.0,5040.404040404041,L,1106 DV,1106.0,110,zuidoost,False,Gein 1,AMSTERDAM,,2026.0,A++++
4,543350.0,114.0,3.0,4.0,1.0,4766.228070175439,XL,1103 AM,1103.0,110,zuidoost,False,E-buurt,AMSTERDAM,,2026.0,N/A
5,220000.0,26.0,1.0,1.0,1.0,8461.538461538461,XS,1069 LH,1069.0,106,nieuw_west,False,Zuidwestkwadrant-Zuid,AMSTERDAM,,1965.0,F
6,575000.0,121.0,4.0,5.0,1.0,4752.06611570248,XL,1066 DG,1066.0,106,nieuw_west,False,Nieuw-Sloten-Zuidwest,AMSTERDAM,262.0,1993.0,C
7,450000.0,48.0,1.0,2.0,0.0,9375.0,XS,1054 MS,1054.0,105,west,False,Cremerbuurt-Oost,AMSTERDAM,131.67,1901.0,D
8,735000.0,79.0,2.0,3.0,0.0,9303.79746835443,M,1018 CA,1018.0,101,centrum,False,Oostenburg,AMSTERDAM,0.0,2021.0,A+++
9,375000.0,89.0,3.0,4.0,0.0,4213.483146067416,L,1024 LD,1024.0,102,noord,False,Werengouw-Zuid,AMSTERDAM,158.51,1968.0,D
10,1185000.0,127.0,4.0,5.0,0.0,9330.708661417322,XL,1053 SE,1053.0,105,west,False,Lootsbuurt,AMSTERDAM,150.0,1914.0,A+
12,296557.0,50.0,1.0,2.0,1.0,5931.14,XS,1032 KW,1032.0,103,noord,False,Klaprozenbuurt,AMSTERDAM,,2025.0,N/A
13,565000.0,60.0,1.0,2.0,1.0,9416.666666666666,S,1031 HX,1031.0,103,noord,False,Buiksloterham-Zuid,AMSTERDAM,,2021.0,A+++
14,395000.0,50.0,1.0,2.0,1.0,7900.0,XS,1062 HE,1062.0,106,nieuw_west,False,Schipluidenbuurt,AMSTERDAM,,2026.0,A++++
16,770000.0,76.0,2.0,3.0,1.0,10131.578947368422,M,1096 AM,1096.0,109,oost,False,De Omval,AMSTERDAM,,2021.0,A+
17,1150000.0,172.0,2.0,5.0,0.0,6686.046511627907,XL,1055 MB,1055.0,105,west,False,Bosleeuw,AMSTERDAM,,1922.0,A+
18,895000.0,101.0,3.0,4.0,1.0,8861.386138613861,L,1074 EA,1074.0,107,zuid,False,Willibrordusbuurt,AMSTERDAM,106.0,1897.0,A
20,350000.0,49.0,1.0,3.0,0.0,7142.857142857143,XS,1065 XP,1065.0,106,nieuw_west,False,Jacob Geelbuurt,AMSTERDAM,160.44,1956.0,N/A
21,595000.0,130.0,2.0,3.0,0.0,4576.923076923077,XL,1015 ZR,1015.0,101,centrum,True,Zaagpoortbuurt,AMSTERDAM,,1884.0,G
22,385000.0,50.0,1.0,2.0,1.0,7700.0,XS,1062 HE,1062.0,106,nieuw_west,False,Schipluidenbuurt,AMSTERDAM,,2026.0,A++++
23,375000.0,40.0,1.0,1.0,0.0,9375.0,XS,1017 WG,1017.0,101,centrum,True,Utrechtsebuurt-Zuid,AMSTERDAM,72.0,2007.0,A
24,449000.0,58.0,2.0,3.0,0.0,7741.379310344828,S,1056 GJ,1056.0,105,west,False,Geuzenhofbuurt,AMSTERDAM,175.0,1940.0,E
25,1700000.0,155.0,3.0,4.0,0.0,10967.741935483871,XL,1018 CA,1018.0,101,centrum,False,Oostenburg,AMSTERDAM,0.0,2021.0,A+++
26,852000.0,77.0,2.0,3.0,1.0,11064.935064935065,M,1031 HX,1031.0,103,noord,False,Buiksloterham-Zuid,AMSTERDAM,,2021.0,A+++
27,550000.0,71.0,2.0,3.0,0.0,7746.478873239436,M,1021 HJ,1021.0,102,noord,False,Vogelbuurt-Zuid,AMSTERDAM,209.0,,E
28,450000.0,102.0,3.0,4.0,1.0,4411.764705882353,L,1067 DB,1067.0,106,nieuw_west,False,Eendrachtspark,AMSTERDAM,,1994.0,A
29,495000.0,61.0,1.0,2.0,0.0,8114.754098360656,S,1078 AJ,1078.0,107,zuid,False,IJselbuurt-West,AMSTERDAM,155.0,1923.0,D
30,425000.0,56.0,1.0,3.0,0.0,7589.285714285715,S,1095 TH,1095.0,109,oost,False,Makassarpleinbuurt,AMSTERDAM,97.0,1982.0,C
31,725000.0,86.0,3.0,4.0,0.0,8430.232558139534,L,1051 LB,1051.0,105,west,False,Westerstaatsman,AMSTERDAM,120.0,1904.0,D
32,693450.0,97.0,3.0,4.0,1.0,7148.969072164949,L,1101 DA,1101.0,110,zuidoost,False,Amstel III deel A/B-Noord,AMSTERDAM,,2021.0,N/A
33,595000.0,100.0,3.0,4.0,1.0,5950.0,L,1061 DJ,1061.0,106,nieuw_west,False,Kolenkitbuurt-Noord,AMSTERDAM,222.35,2011.0,A+
36,450000.0,51.0,1.0,2.0,0.0,8823.529411764706,S,1058 XB,1058.0,105,west,False,Paramariboplein e.o.,AMSTERDAM,175.51,1929.0,D
37,589000.0,71.0,1.0,3.0,0.0,8295.774647887323,M,1056 PC,1056.0,105,west,False,Robert Scottbuurt-Oost,AMSTERDAM,116.0,1934.0,C
38,6250000.0,406.0,4.0,6.0,5.5,15394.08866995074,XL,1014 ZP,1014.0,101,west,False,Houthavens-West,AMSTERDAM,1319.61,2014.0,A
39,291895.0,48.0,1.0,2.0,1.0,6081.145833333333,XS,1032 KW,1032.0,103,noord,False,Klaprozenbuurt,AMSTERDAM,,2025.0,A+++
40,685000.0,80.0,2.0,3.0,0.0,8562.5,L,1018 VL,1018.0,101,centrum,False,Weesperbuurt,AMSTERDAM,,1842.0,G
41,625000.0,69.0,2.0,3.0,0.0,9057.971014492754,M,1075 XR,1075.0,107,zuid,False,Schinkelbuurt-Noord,AMSTERDAM,170.0,,C
42,795000.0,113.0,3.0,4.0,1.0,7035.398230088495,XL,1019 TN,1019.0,101,oost,False,Sporenburg,AMSTERDAM,,1999.0,A
43,450000.0,39.0,1.0,1.0,1.0,11538.461538461539,XS,1096 GV,1096.0,109,oost,False,Amstelkwartier-Noord,AMSTERDAM,,2022.0,A+++
44,700000.0,65.0,2.0,3.0,0.0,10769.23076923077,S,1016 XL,1016.0,101,centrum,True,Passeerdersgrachtbuurt,AMSTERDAM,,1825.0,A
45,525000.0,57.0,1.0,2.0,1.0,9210.526315789473,S,1031 KN,1031.0,103,noord,False,Overhoeks,AMSTERDAM,,2025.0,A++
46,725000.0,94.0,3.0,4.0,0.0,7712.765957446809,L,1019 XC,1019.0,101,oost,False,Borneo,AMSTERDAM,172.0,2000.0,A
47,470000.0,53.0,1.0,2.0,0.0,8867.924528301886,S,1018 CA,1018.0,101,centrum,False,Oostenburg,AMSTERDAM,0.0,2021.0,A+++
48,575000.0,87.0,2.0,3.0,1.0,6609.19540229885,L,1095 ME,1095.0,109,oost,False,Sportheldenbuurt,AMSTERDAM,,2016.0,A
49,1395000.0,150.0,2.0,3.0,1.0,9300.0,XL,1012 RT,1012.0,101,centrum,False,Spuistraat-Zuid,AMSTERDAM,250.0,1850.0,C
50,1345000.0,182.0,3.0,4.0,0.0,7390.10989010989,XL,1074 AV,1074.0,107,zuid,False,Hemonybuurt,AMSTERDAM,289.0,1884.0,D
51,650000.0,89.0,3.0,4.0,0.0,7303.3707865168535,L,1095 GZ,1095.0,109,oost,False,Sumatraplantsoenbuurt,AMSTERDAM,138.19,1998.0,B
52,750000.0,75.0,2.0,3.0,0.0,10000.0,M,1015 RM,1015.0,101,centrum,True,Anjeliersbuurt-Zuid,AMSTERDAM,200.0,1893.0,D
53,700000.0,90.0,2.0,3.0,1.0,7777.777777777777,L,1011 NC,1011.0,101,centrum,False,Uilenburg,AMSTERDAM,,2007.0,A
55,283377.0,31.0,1.0,2.0,1.0,9141.193548387097,XS,1095 PA,1095.0,109,oost,False,Sluisbuurt,AMSTERDAM,,2025.0,N/A
56,950000.0,111.0,3.0,4.0,1.0,8558.558558558558,XL,1061 AV,1061.0,106,nieuw_west,False,Overtoomse Veld-Noord,AMSTERDAM,,2027.0,A+++
58,509000.0,70.0,2.0,3.0,0.0,7271.428571428572,M,1064 AB,1064.0,106,nieuw_west,False,Noordoever Sloterplas,AMSTERDAM,0.0,2024.0,N/A
59,475000.0,43.0,1.0,2.0,0.0,11046.511627906977,XS,1053 BJ,1053.0,105,west,False,Bellamybuurt-Zuid,AMSTERDAM,134.0,1918.0,N/A
60,450000.0,71.0,3.0,4.0,0.0,6338.028169014085,M,1061 VR,1061.0,106,nieuw_west,False,Overtoomse Veld-Noord,AMSTERDAM,233.43,1959.0,B
61,280646.0,31.0,1.0,2.0,1.0,9053.09677419355,XS,1095 PA,1095.0,109,oost,False,Sluisbuurt,AMSTERDAM,,2025.0,N/A
63,750000.0,76.0,2.0,3.0,1.0,9868.421052631578,M,1014 ZK,1014.0,101,west,False,Houthavens-West,AMSTERDAM,205.0,2023.0,A+++
64,420000.0,48.0,1.0,2.0,0.0,8750.0,XS,1018 CA,1018.0,101,centrum,False,Oostenburg,AMSTERDAM,,2021.0,A+++
66,400000.0,36.0,1.0,2.0,0.0,11111.111111111111,XS,1053 LK,1053.0,105,west,False,Da Costabuurt-Noord,AMSTERDAM,,1900.0,A
67,799000.0,107.0,4.0,5.0,0.0,7467.289719626168,XL,1051 PS,1051.0,105,west,False,GWL-terrein,AMSTERDAM,155.19,1996.0,A
68,1375000.0,156.0,3.0,4.0,0.0,8814.102564102564,XL,1017 GT,1017.0,101,centrum,True,Vijzelstraatbuurt,AMSTERDAM,250.0,1741.0,N/A
70,575000.0,62.0,1.0,2.0,0.0,9274.193548387097,S,1015 PR,1015.0,101,centrum,True,Anjeliersbuurt-Zuid,AMSTERDAM,162.11,1906.0,F
72,409000.0,50.0,1.0,3.0,0.0,8180.0,XS,1033 SM,1033.0,103,noord,False,NDSM terrein,AMSTERDAM,,2021.0,A++
73,385000.0,45.0,1.0,2.0,0.0,8555.555555555555,XS,1052 GG,1052.0,105,west,False,Frederik Hendrikbuurt-Noord,AMSTERDAM,102.5,1904.0,E
74,595000.0,72.0,1.0,3.0,0.0,8263.888888888889,M,1033 SM,1033.0,103,noord,False,NDSM terrein,AMSTERDAM,,2021.0,A++
75,1200000.0,132.0,5.0,7.0,0.0,9090.90909090909,XL,1015 KV,1015.0,101,centrum,True,Anjeliersbuurt-Noord,AMSTERDAM,249.0,1740.0,N/A
76,550000.0,81.0,2.0,3.0,1.0,6790.123456790124,L,1095 DJ,1095.0,109,oost,False,Zeeburgerdijk-Oost,AMSTERDAM,225.21,2002.0,A
79,375000.0,47.0,1.0,2.0,0.0,7978.723404255319,XS,1073 BW,1073.0,107,zuid,False,Sarphatiparkbuurt,AMSTERDAM,121.0,1886.0,C
80,525000.0,57.0,2.0,3.0,0.0,9210.526315789473,S,1054 VX,1054.0,105,west,False,Cremerbuurt-West,AMSTERDAM,100.0,1905.0,E
81,300000.0,59.0,1.0,2.0,0.0,5084.745762711865,S,1034 MT,1034.0,103,noord,False,Banne-Noordoost,AMSTERDAM,142.67,1976.0,C
82,450000.0,52.0,1.0,2.0,0.0,8653.846153846154,S,1057 BV,1057.0,105,west,False,Orteliusbuurt-Midden,AMSTERDAM,137.58,1926.0,D
84,495000.0,56.0,1.0,2.0,0.0,8839.285714285714,S,1053 GN,1053.0,105,west,False,Borgerbuurt,AMSTERDAM,205.0,1900.0,N/A
85,1150000.0,152.0,2.0,3.0,1.0,7565.789473684211,XL,1043 EG,1043.0,104,nieuw_west,False,Sloterdijk Stationskwartier,AMSTERDAM,,2024.0,A+
86,296557.0,50.0,1.0,2.0,1.0,5931.14,XS,1032 KW,1032.0,103,noord,False,Klaprozenbuurt,AMSTERDAM,,2025.0,N/A
87,395000.0,50.0,1.0,2.0,1.0,7900.0,XS,1062 HE,1062.0,106,nieuw_west,False,Schipluidenbuurt,AMSTERDAM,,2026.0,A++++
88,635000.0,84.0,3.0,4.0,0.0,7559.523809523809,L,1078 JE,1078.0,107,zuid,False,Wielingenbuurt,AMSTERDAM,286.0,1928.0,E
89,495000.0,53.0,2.0,3.0,0.0,9339.622641509433,S,1052 KG,1052.0,105,west,False,Frederik Hendrikbuurt-Zuidoost,AMSTERDAM,80.6,1893.0,B
90,415000.0,53.0,1.0,2.0,0.0,7830.188679245283,S,1093 CN,1093.0,109,oost,False,Dapperbuurt-Noord,AMSTERDAM,171.16,1978.0,B
91,595000.0,67.0,1.0,2.0,1.0,8880.597014925374,M,1031 KN,1031.0,103,noord,False,Overhoeks,AMSTERDAM,,2025.0,A++
92,490000.0,71.0,2.0,3.0,0.0,6901.408450704225,M,1102 AK,1102.0,110,zuidoost,False,D-buurt,AMSTERDAM,,2021.0,A++
94,750000.0,110.0,3.0,4.0,0.0,6818.181818181818,XL,1056 GD,1056.0,105,west,False,Erasmusparkbuurt-Oost,AMSTERDAM,148.51,1911.0,D
95,399000.0,78.0,2.0,4.0,1.0,5115.384615384615,M,1068 PJ,1068.0,106,nieuw_west,False,Meer en Oever,AMSTERDAM,143.0,1998.0,C
96,270000.0,61.0,2.0,3.0,1.0,4426.229508196721,S,1069 EE,1069.0,106,nieuw_west,False,Dijkgraafpleinbuurt,AMSTERDAM,250.44,1966.0,B
98,375000.0,64.0,2.0,3.0,0.0,5859.375,S,1021 BV,1021.0,102,noord,False,Vogelbuurt-Zuid,AMSTERDAM,194.0,1929.0,C
99,400000.0,59.0,2.0,5.0,0.0,6779.661016949152,S,1055 LA,1055.0,105,west,False,Bosleeuw,AMSTERDAM,229.75,1950.0,B
100,525000.0,74.0,2.0,3.0,0.0,7094.594594594595,M,1052 SH,1052.0,105,west,False,Da Costabuurt-Noord,AMSTERDAM,125.0,1901.0,A
101,1000000.0,109.0,3.0,5.0,0.0,9174.311926605504,XL,1053 BE,1053.0,105,west,False,Bellamybuurt-Zuid,AMSTERDAM,,1880.0,B
103,495000.0,48.0,1.0,1.0,1.0,10312.5,XS,1083 HH,1083.0,108,zuid,False,De Klenckebuurt,AMSTERDAM,118.0,,A
104,875000.0,99.0,2.0,3.0,1.0,8838.38383838384,L,1082 MK,1082.0,108,zuid,False,Zuidas-Zuid,AMSTERDAM,277.98,2017.0,A
105,636000.0,83.0,2.0,3.0,0.0,7662.650602409639,L,1064 AB,1064.0,106,nieuw_west,False,Noordoever Sloterplas,AMSTERDAM,0.0,2024.0,N/A
108,485000.0,96.0,2.0,3.0,1.0,5052.083333333333,L,1069 SZ,1069.0,106,nieuw_west,False,Zuidwestkwadrant-Zuid,AMSTERDAM,139.15,2007.0,B
109,3250000.0,312.0,3.0,6.0,0.0,10416.666666666666,XL,1017 HA,1017.0,101,centrum,True,Vijzelstraatbuurt,AMSTERDAM,619.09,1933.0,A+
111,325000.0,45.0,1.0,2.0,1.0,7222.222222222223,XS,1064 EB,1064.0,106,nieuw_west,False,Noordoever Sloterplas,AMSTERDAM,,1965.0,E
112,450000.0,48.0,1.0,2.0,1.0,9375.0,XS,1014 ZB,1014.0,101,west,False,Houthavens-West,AMSTERDAM,131.89,2018.0,A
114,395000.0,38.0,1.0,2.0,0.0,10394.736842105263,XS,1072 HP,1072.0,107,zuid,False,Cornelis Troostbuurt,AMSTERDAM,219.13,1905.0,F
116,375000.0,41.0,1.0,2.0,0.0,9146.341463414634,XS,1051 VB,1051.0,105,west,False,Fannius Scholtenbuurt,AMSTERDAM,214.0,1905.0,C
117,524000.0,65.0,2.0,3.0,0.0,8061.538461538462,S,1064 AB,1064.0,106,nieuw_west,False,Noordoever Sloterplas,AMSTERDAM,0.0,2024.0,N/A
118,895000.0,115.0,3.0,4.0,1.5,7782.608695652174,XL,1059 EN,1059.0,105,west,False,Aalsmeerwegbuurt-Oost,AMSTERDAM,100.0,1929.0,C
119,1800000.0,111.0,1.0,3.0,1.0,16216.216216216217,XL,1071 GM,1071.0,107,zuid,False,Cornelis Schuytbuurt,AMSTERDAM,403.0,1905.0,N/A
120,385000.0,95.0,2.0,3.0,1.0,4052.6315789473683,L,1063 PW,1063.0,106,nieuw_west,False,Jan de Louterbuurt,AMSTERDAM,205.0,1997.0,C
121,535000.0,56.0,1.0,2.0,0.0,9553.57142857143,S,1058 JJ,1058.0,105,west,False,Surinamepleinbuurt,AMSTERDAM,105.0,1932.0,B
122,525000.0,77.0,2.0,3.0,1.0,6818.181818181818,M,1018 ZW,1018.0,101,centrum,False,Wittenburg,AMSTERDAM,258.54,1989.0,B
123,400000.0,41.0,2.0,4.0,0.0,9756.09756097561,XS,1051 BZ,1051.0,105,west,False,Westerstaatsman,AMSTERDAM,103.0,1911.0,E
124,335779.0,40.0,1.0,2.0,0.0,8394.475,XS,1064 AB,1064.0,106,nieuw_west,False,Noordoever Sloterplas,AMSTERDAM,,2027.0,A++
127,695000.0,78.0,3.0,5.0,0.0,8910.25641025641,M,1057 AN,1057.0,105,west,False,Orteliusbuurt-Midden,AMSTERDAM,69.0,,B
128,300000.0,52.0,1.0,2.0,0.0,5769.2307692307695,S,1103 LA,1103.0,110,zuidoost,False,G-buurt-Oost,AMSTERDAM,289.0,1975.0,C
130,499000.0,87.0,2.0,3.0,1.0,5735.632183908046,L,1087 DP,1087.0,108,oost,False,Joris Ivenspleinbuurt,AMSTERDAM,,2008.0,A
131,640000.0,72.0,2.0,3.0,0.0,8888.888888888889,M,1051 NA,1051.0,105,west,False,Marcanti,AMSTERDAM,164.9,1984.0,A
132,600000.0,72.0,2.0,3.0,0.0,8333.333333333334,M,1097 CV,1097.0,109,oost,False,Don Bosco,AMSTERDAM,,1958.0,N/A
133,2150000.0,257.0,6.0,9.0,0.0,8365.758754863813,XL,1077 BR,1077.0,107,zuid,False,Minervabuurt-Midden,AMSTERDAM,200.0,1930.0,N/A
134,995000.0,94.0,2.0,3.0,0.0,10585.106382978724,L,1072 JD,1072.0,107,zuid,False,Cornelis Troostbuurt,AMSTERDAM,75.0,1905.0,B
135,375000.0,49.0,1.0,2.0,0.0,7653.061224489796,XS,1095 DK,1095.0,109,oost,False,Sumatraplantsoenbuurt,AMSTERDAM,,1988.0,B
136,475000.0,80.0,2.0,3.0,0.0,5937.5,L,1087 KP,1087.0,108,oost,False,Havenkwartier IJburg,AMSTERDAM,185.36,2007.0,A
138,425000.0,39.0,1.0,2.0,0.0,10897.435897435897,XS,1072 SN,1072.0,107,zuid,False,Cornelis Troostbuurt,AMSTERDAM,195.88,1899.0,C
140,645000.0,76.0,3.0,4.0,0.0,8486.842105263158,M,1078 KZ,1078.0,107,zuid,False,Scheldebuurt-West,AMSTERDAM,168.44,1929.0,D
141,655000.0,72.0,1.0,2.0,1.0,9097.222222222223,M,1011 DG,1011.0,101,centrum,False,Oosterdokseiland,AMSTERDAM,148.99,2012.0,A+
142,485000.0,43.0,1.0,2.0,0.0,11279.06976744186,XS,1016 PN,1016.0,101,centrum,True,Elandsgrachtbuurt,AMSTERDAM,65.0,1899.0,B
143,850000.0,93.0,3.0,4.0,0.0,9139.78494623656,L,1059 VV,1059.0,105,west,False,Aalsmeerwegbuurt-Oost,AMSTERDAM,146.64,1929.0,B
144,425000.0,47.0,1.0,2.0,0.0,9042.553191489362,XS,1053 TN,1053.0,105,west,False,Bellamybuurt-Noord,AMSTERDAM,,1912.0,G
145,450000.0,90.0,2.0,4.0,1.0,5000.0,L,1024 NB,1024.0,102,noord,False,Werengouw-Midden,AMSTERDAM,245.0,2012.0,B
148,399000.0,50.0,1.0,2.0,1.0,7980.0,XS,1062 HE,1062.0,106,nieuw_west,False,Schipluidenbuurt,AMSTERDAM,,2026.0,A++++
149,405000.0,58.0,2.0,3.0,0.0,6982.758620689655,S,1024 KV,1024.0,102,noord,False,Markengouw-Zuid,AMSTERDAM,,2026.0,N/A
150,450000.0,43.0,2.0,3.0,0.0,10465.116279069767,XS,1016 SG,1016.0,101,centrum,True,Elandsgrachtbuurt,AMSTERDAM,150.17,1905.0,N/A
151,543375.0,87.0,3.0,4.0,1.0,6245.689655172414,L,1101 DA,1101.0,110,zuidoost,False,Amstel III deel A/B-Noord,AMSTERDAM,,2022.0,N/A
152,685000.0,86.0,3.0,4.0,0.0,7965.116279069767,L,1056 GB,1056.0,105,west,False,Pieter van der Doesbuurt,AMSTERDAM,150.0,1912.0,E
153,365000.0,38.0,1.0,2.0,0.0,9605.263157894737,XS,1018 PW,1018.0,101,centrum,False,Czaar Peterbuurt,AMSTERDAM,,1907.0,A
154,550000.0,58.0,1.0,3.0,0.0,9482.758620689656,S,1054 DA,1054.0,105,west,False,Helmersbuurt-Oost,AMSTERDAM,143.0,1910.0,C
155,672750.0,103.0,2.0,3.0,1.0,6531.553398058252,XL,1101 DA,1101.0,110,zuidoost,False,Amstel III deel A/B-Noord,AMSTERDAM,,2021.0,N/A
156,625000.0,70.0,2.0,4.0,0.0,8928.57142857143,M,1053 NE,1053.0,105,west,False,Borgerbuurt,AMSTERDAM,169.0,1988.0,A
157,675338.0,103.0,2.0,3.0,1.0,6556.679611650486,XL,1101 DA,1101.0,110,zuidoost,False,Amstel III deel A/B-Noord,AMSTERDAM,,2021.0,N/A
159,1650000.0,211.0,3.0,4.0,1.0,7819.905213270142,XL,1082 MC,1082.0,108,zuid,False,Zuidas-Zuid,AMSTERDAM,1069.95,2008.0,A+
160,1240000.0,172.0,3.0,4.0,1.0,7209.302325581395,XL,1061 AV,1061.0,106,nieuw_west,False,Overtoomse Veld-Noord,AMSTERDAM,,2027.0,A+++
161,675000.0,104.0,3.0,4.0,1.0,6490.384615384615,XL,1019 GD,1019.0,101,oost,False,Rietlanden,AMSTERDAM,214.0,2002.0,A
162,450000.0,43.0,1.0,2.0,0.0,10465.116279069767,XS,1076 XT,1076.0,107,zuid,False,Marathonbuurt-West,AMSTERDAM,,1930.0,C
163,260000.0,58.0,1.0,2.0,0.0,4482.758620689655,S,1107 EB,1107.0,110,zuidoost,False,Reigersbos 2,AMSTERDAM,182.55,1984.0,B
164,650000.0,70.0,1.0,3.0,0.0,9285.714285714286,M,1011 EJ,1011.0,101,centrum,False,Lastage,AMSTERDAM,179.0,1742.0,N/A
165,760000.0,74.0,1.0,3.0,1.0,10270.27027027027,M,1096 GS,1096.0,109,oost,False,Amstelkwartier-Noord,AMSTERDAM,,2021.0,A+++
166,675000.0,82.0,2.0,3.0,0.0,8231.707317073171,L,1097 BR,1097.0,109,oost,False,Don Bosco,AMSTERDAM,125.0,1905.0,C
167,495000.0,51.0,1.0,2.0,0.0,9705.882352941177,S,1016 PC,1016.0,101,centrum,True,Elandsgrachtbuurt,AMSTERDAM,99.34,1905.0,B
168,650000.0,72.0,2.0,3.0,0.0,9027.777777777777,M,1052 KK,1052.0,105,west,False,Frederik Hendrikbuurt-Zuidoost,AMSTERDAM,100.0,1884.0,B
169,325000.0,92.0,3.0,4.0,0.0,3532.608695652174,L,1107 AM,1107.0,110,zuidoost,False,Gein 4,AMSTERDAM,134.7,1984.0,C
170,650000.0,74.0,2.0,3.0,0.0,8783.783783783783,M,1095 JK,1095.0,109,oost,False,Sumatraplantsoenbuurt,AMSTERDAM,272.0,1926.0,C
171,450000.0,53.0,2.0,3.0,0.0,8490.566037735849,S,1057 BJ,1057.0,105,west,False,Orteliusbuurt-Midden,AMSTERDAM,,1926.0,D
172,795000.0,103.0,3.0,4.0,0.0,7718.446601941748,XL,1055 WK,1055.0,105,west,False,Landlust-Zuid,AMSTERDAM,,1934.0,C
173,250000.0,43.0,1.0,2.0,0.0,5813.953488372093,XS,1104 MP,1104.0,110,zuidoost,False,Kortvoort,AMSTERDAM,,1984.0,B
174,375000.0,76.0,3.0,4.0,0.0,4934.210526315789,M,1025 BK,1025.0,102,noord,False,De Kleine Wereld,AMSTERDAM,183.77,1967.0,B
175,450000.0,72.0,2.0,3.0,0.0,6250.0,M,1064 PB,1064.0,106,nieuw_west,False,Noordoever Sloterplas,AMSTERDAM,129.17,1987.0,B
176,635000.0,60.0,1.0,2.0,1.0,10583.333333333334,S,1096 AM,1096.0,109,oost,False,De Omval,AMSTERDAM,,2021.0,A+
177,430000.0,45.0,1.0,2.0,0.0,9555.555555555555,XS,1018 CA,1018.0,101,centrum,False,Oostenburg,AMSTERDAM,0.0,2021.0,A+++
178,525000.0,59.0,2.0,3.0,0.0,8898.305084745763,S,1015 PR,1015.0,101,centrum,True,Anjeliersbuurt-Zuid,AMSTERDAM,306.41,1928.0,G
182,950000.0,106.0,3.0,4.0,1.0,8962.264150943396,XL,1017 RM,1017.0,101,centrum,True,Leidsebuurt-Noordoost,AMSTERDAM,115.0,1724.0,N/A
184,283377.0,31.0,1.0,2.0,1.0,9141.193548387097,XS,1095 PA,1095.0,109,oost,False,Sluisbuurt,AMSTERDAM,,2025.0,N/A
186,399000.0,41.0,1.0,2.0,0.0,9731.707317073171,XS,1054 LA,1054.0,105,west,False,Vondelparkbuurt-West,AMSTERDAM,,1882.0,E
187,375000.0,35.0,1.0,2.0,0.0,10714.285714285714,XS,1053 XE,1053.0,105,west,False,Da Costabuurt-Zuid,AMSTERDAM,110.18,1886.0,C
188,375000.0,70.0,1.0,2.0,1.0,5357.142857142857,M,1069 RL,1069.0,106,nieuw_west,False,Zuidwestkwadrant-Noord,AMSTERDAM,289.0,2008.0,A
190,425000.0,67.0,2.0,3.0,0.0,6343.2835820895525,M,1025 WV,1025.0,102,noord,False,Buikslotermeerplein,AMSTERDAM,172.64,1987.0,C
191,424000.0,59.0,1.0,2.0,1.0,7186.440677966101,S,1101 BA,1101.0,110,zuidoost,False,Amstel III deel A/B-Noord,AMSTERDAM,0.0,2024.0,N/A
192,712500.0,83.0,2.0,3.0,0.0,8584.33734939759,L,1096 DS,1096.0,109,oost,False,Weespertrekvaart,AMSTERDAM,,2024.0,N/A
193,385000.0,68.0,3.0,4.0,0.0,5661.764705882353,M,1063 ZK,1063.0,106,nieuw_west,False,Dobbebuurt,AMSTERDAM,238.94,1953.0,D
194,550000.0,76.0,2.0,4.0,0.0,7236.8421052631575,M,1055 TP,1055.0,105,west,False,Landlust-Noord,AMSTERDAM,161.0,1934.0,C
196,1095000.0,130.0,3.0,4.0,0.0,8423.076923076924,XL,1018 GS,1018.0,101,centrum,False,Sarphatistrook,AMSTERDAM,289.0,1873.0,A
197,335779.0,40.0,1.0,2.0,0.0,8394.475,XS,1064 AB,1064.0,106,nieuw_west,False,Noordoever Sloterplas,AMSTERDAM,,2027.0,A+
198,500000.0,60.0,3.0,4.0,0.0,8333.333333333334,S,1073 AM,1073.0,107,zuid,False,BurgemeesterTellegenbuurt-West,AMSTERDAM,209.49,1922.0,C
199,385000.0,45.0,2.0,3.0,0.0,8555.555555555555,XS,1053 GG,1053.0,105,west,False,Bellamybuurt-Zuid,AMSTERDAM,,1905.0,C
200,385000.0,67.0,1.0,2.0,1.0,5746.268656716418,M,1086 VJ,1086.0,108,oost,False,Steigereiland-Noord,AMSTERDAM,,2010.0,A
201,464500.0,72.0,2.0,3.0,1.0,6451.388888888889,M,1101 DA,1101.0,110,zuidoost,False,Amstel III deel A/B-Noord,AMSTERDAM,,2021.0,N/A
202,485000.0,55.0,1.0,2.0,0.0,8818.181818181818,S,1055 PT,1055.0,105,west,False,Landlust-Zuid,AMSTERDAM,84.59,1934.0,A
203,635000.0,70.0,1.0,2.0,0.0,9071.42857142857,M,1096 DE,1096.0,109,oost,False,Weespertrekvaart,AMSTERDAM,200.0,2024.0,A+
204,895000.0,149.0,4.0,7.0,0.0,6006.7114093959735,XL,1095 MB,1095.0,109,oost,False,Sportheldenbuurt,AMSTERDAM,123.64,2016.0,A
205,390000.0,40.0,1.0,2.0,0.0,9750.0,XS,1051 ND,1051.0,105,west,False,Marcanti,AMSTERDAM,114.0,1984.0,B
206,690000.0,77.0,3.0,4.0,0.0,8961.038961038961,M,1073 TP,1073.0,107,zuid,False,Van der Helstpleinbuurt,AMSTERDAM,128.0,1989.0,A
207,233000.0,23.0,1.0,1.0,0.0,10130.434782608696,XS,1083 CN,1083.0,108,zuid,False,Buitenveldert-Zuidoost,AMSTERDAM,,1977.0,C
208,945000.0,133.0,3.0,5.0,0.0,7105.263157894737,XL,1078 KP,1078.0,107,zuid,False,Wielingenbuurt,AMSTERDAM,158.0,1929.0,D
209,795000.0,75.0,2.0,3.0,1.0,10600.0,M,1096 GN,1096.0,109,oost,False,Amstelkwartier-Noord,AMSTERDAM,152.3,2023.0,A++++
210,600000.0,69.0,2.0,3.0,0.0,8695.652173913044,M,1011 NK,1011.0,101,centrum,False,Waterloopleinbuurt,AMSTERDAM,208.0,2001.0,A
212,585000.0,86.0,3.0,4.0,1.0,6802.325581395349,L,1082 JN,1082.0,108,zuid,False,Buitenveldert-Zuid-Midden,AMSTERDAM,369.0,1962.0,C
213,587000.0,89.0,2.0,3.0,1.0,6595.505617977528,L,1101 DA,1101.0,110,zuidoost,False,Amstel III deel A/B-Noord,AMSTERDAM,,2022.0,N/A
214,1800000.0,178.0,3.0,4.0,1.0,10112.359550561798,XL,1013 BD,1013.0,101,west,False,Houthavens-West,AMSTERDAM,395.36,2015.0,A+
216,400000.0,59.0,1.0,2.0,1.0,6779.661016949152,S,1058 EN,1058.0,105,west,False,Rembrandtpark-Zuid,AMSTERDAM,170.14,1974.0,B
217,340000.0,70.0,2.0,3.0,0.0,4857.142857142857,M,1106 XP,1106.0,110,zuidoost,False,Holendrecht-Zuid,AMSTERDAM,,1976.0,A+
218,550000.0,72.0,2.0,3.0,0.0,7638.888888888889,M,1098 AH,1098.0,109,oost,False,Linnaeusparkbuurt,AMSTERDAM,256.65,1954.0,C
220,309571.0,44.0,1.0,2.0,1.0,7035.704545454545,XS,1032 KW,1032.0,103,noord,False,Klaprozenbuurt,AMSTERDAM,,2025.0,N/A
223,270000.0,43.0,1.0,2.0,0.0,6279.069767441861,XS,1104 MP,1104.0,110,zuidoost,False,Kortvoort,AMSTERDAM,123.0,1984.0,B
224,300000.0,50.0,1.0,2.0,1.0,6000.0,XS,1102 SR,1102.0,110,zuidoost,False,Venserpolder-West,AMSTERDAM,171.0,2006.0,A
225,449500.0,90.0,2.0,3.0,1.0,4994.444444444444,L,1067 MT,1067.0,106,nieuw_west,False,Bakemabuurt,AMSTERDAM,,2002.0,A+
226,890000.0,96.0,2.0,4.0,0.0,9270.833333333334,L,1054 VK,1054.0,105,west,False,Cremerbuurt-West,AMSTERDAM,107.0,,N/A
227,283908.0,42.0,1.0,2.0,1.0,6759.714285714285,XS,1032 KW,1032.0,103,noord,False,Klaprozenbuurt,AMSTERDAM,,2025.0,N/A
228,467250.0,98.0,3.0,4.0,1.0,4767.857142857143,L,1103 AM,1103.0,110,zuidoost,False,E-buurt,AMSTERDAM,,2026.0,N/A
229,475000.0,78.0,2.0,3.0,1.0,6089.74358974359,M,1083 VA,1083.0,108,zuid,False,Buitenveldert-Oost-Midden,AMSTERDAM,284.0,,C
230,395000.0,91.0,2.0,3.0,0.0,4340.659340659341,L,1069 DA,1069.0,106,nieuw_west,False,Zuidwestkwadrant-Noord,AMSTERDAM,179.99,2005.0,A
232,1000000.0,120.0,2.0,3.0,1.0,8333.333333333334,XL,1015 GJ,1015.0,101,centrum,True,Driehoekbuurt,AMSTERDAM,,1658.0,N/A
233,550000.0,72.0,1.0,2.0,0.0,7638.888888888889,M,1052 NK,1052.0,105,west,False,Da Costabuurt-Noord,AMSTERDAM,130.13,1906.0,B
234,550000.0,74.0,2.0,4.0,0.0,7432.4324324324325,M,1091 AA,1091.0,109,oost,False,Oosterparkbuurt-Noordwest,AMSTERDAM,179.2,1988.0,A
235,394000.0,43.0,1.0,2.0,1.0,9162.790697674418,XS,1032 KW,1032.0,103,noord,False,Klaprozenbuurt,AMSTERDAM,,2025.0,A++
236,450000.0,79.0,3.0,4.0,0.0,5696.202531645569,M,1083 TR,1083.0,108,zuid,False,Buitenveldert-Oost-Midden,AMSTERDAM,389.85,,A
237,825000.0,86.0,2.0,3.0,1.0,9593.023255813954,L,1096 AM,1096.0,109,oost,False,De Omval,AMSTERDAM,,2021.0,A+
238,310000.0,53.0,1.0,2.0,0.0,5849.056603773585,S,1063 BP,1063.0,106,nieuw_west,False,Jan de Louterbuurt,AMSTERDAM,206.0,1958.0,E
239,499000.0,64.0,1.0,3.0,0.0,7796.875,S,1011 TJ,1011.0,101,centrum,False,Rapenburg,AMSTERDAM,200.0,1882.0,E
240,682500.0,77.0,2.0,3.0,0.0,8863.636363636364,M,1096 DS,1096.0,109,oost,False,Weespertrekvaart,AMSTERDAM,,2024.0,N/A
241,1500000.0,176.0,3.0,4.0,0.0,8522.727272727272,XL,1101 DA,1101.0,110,zuidoost,False,Amstel III deel A/B-Noord,AMSTERDAM,,2021.0,N/A
243,700000.0,90.0,2.0,3.0,0.0,7777.777777777777,L,1061 AV,1061.0,106,nieuw_west,False,Overtoomse Veld-Noord,AMSTERDAM,,2027.0,A+++
244,875000.0,160.0,6.0,7.0,0.0,5468.75,XL,1015 AN,1015.0,101,centrum,True,Langestraat e.o.,AMSTERDAM,,1789.0,N/A
245,750000.0,108.0,2.0,3.0,1.0,6944.444444444444,XL,1019 HH,1019.0,101,oost,False,Architectenbuurt,AMSTERDAM,,1905.0,D
246,550000.0,58.0,1.0,2.0,0.0,9482.758620689656,S,1017 TB,1017.0,101,centrum,True,Weteringbuurt,AMSTERDAM,,1893.0,C
247,365000.0,54.0,1.0,2.0,0.0,6759.259259259259,S,1064 EK,1064.0,106,nieuw_west,False,Noordoever Sloterplas,AMSTERDAM,175.0,1965.0,A
249,405000.0,58.0,2.0,3.0,0.0,6982.758620689655,S,1024 KV,1024.0,102,noord,False,Markengouw-Zuid,AMSTERDAM,,2026.0,N/A
250,650000.0,71.0,1.0,2.0,0.0,9154.929577464789,M,1071 RA,1071.0,107,zuid,False,Johannes Vermeerbuurt,AMSTERDAM,125.0,1912.0,A
252,740000.0,74.0,2.0,3.0,0.0,10000.0,M,1018 CA,1018.0,101,centrum,False,Oostenburg,AMSTERDAM,0.0,2021.0,A+++
254,277037.0,59.0,2.0,3.0,1.0,4695.542372881356,S,1032 KW,1032.0,103,noord,False,Klaprozenbuurt,AMSTERDAM,,2025.0,N/A
255,672750.0,82.0,2.0,3.0,1.0,8204.268292682927,L,1101 DA,1101.0,110,zuidoost,False,Amstel III deel A/B-Noord,AMSTERDAM,,2021.0,N/A
256,595000.0,93.0,2.0,3.0,1.0,6397.8494623655915,L,1101 DA,1101.0,110,zuidoost,False,Amstel III deel A/B-Noord,AMSTERDAM,,2022.0,N/A
257,330000.0,46.0,1.0,1.0,1.0,7173.913043478261,XS,1087 BC,1087.0,108,oost,False,Joris Ivenspleinbuurt,AMSTERDAM,,2018.0,A
258,405000.0,56.0,2.0,3.0,0.0,7232.142857142857,S,1024 KV,1024.0,102,noord,False,Markengouw-Zuid,AMSTERDAM,,2026.0,N/A
259,345000.0,34.0,1.0,2.0,1.0,10147.058823529413,XS,1032 KW,1032.0,103,noord,False,Klaprozenbuurt,AMSTERDAM,,2025.0,A++
260,625000.0,68.0,2.0,3.0,0.0,9191.176470588236,M,1072 NS,1072.0,107,zuid,False,Sarphatiparkbuurt,AMSTERDAM,150.0,1887.0,C
263,430000.0,46.0,2.0,3.0,0.0,9347.826086956522,XS,1052 LM,1052.0,105,west,False,Frederik Hendrikbuurt-Zuidoost,AMSTERDAM,129.0,1895.0,C
266,650000.0,109.0,2.0,3.0,1.0,5963.302752293578,XL,1019 DS,1019.0,101,oost,False,Rietlanden,AMSTERDAM,,2000.0,B
267,475000.0,52.0,2.0,3.0,0.0,9134.615384615385,S,1057 ZK,1057.0,105,west,False,Kortenaerkwartier,AMSTERDAM,75.0,1925.0,C
268,325000.0,37.0,1.0,2.0,0.0,8783.783783783783,XS,1094 RX,1094.0,109,oost,False,Ambonpleinbuurt,AMSTERDAM,81.0,1981.0,B
269,599000.0,67.0,2.0,3.0,0.0,8940.298507462687,M,1071 VG,1071.0,107,zuid,False,Duivelseiland,AMSTERDAM,,,C
270,850000.0,122.0,5.0,6.0,0.0,6967.213114754099,XL,1056 GP,1056.0,105,west,False,Trompbuurt,AMSTERDAM,96.97,1910.0,C
271,525000.0,51.0,2.0,3.0,0.0,10294.117647058823,S,1072 TC,1072.0,107,zuid,False,Cornelis Troostbuurt,AMSTERDAM,107.92,1889.0,B
272,699000.0,78.0,2.0,3.0,0.0,8961.538461538461,M,1053 LS,1053.0,105,west,False,Da Costabuurt-Noord,AMSTERDAM,127.61,1897.0,A
273,800000.0,82.0,2.0,3.0,0.0,9756.09756097561,L,1075 TA,1075.0,107,zuid,False,Schinkelbuurt-Noord,AMSTERDAM,56.5,1912.0,A
274,495000.0,54.0,1.0,2.0,0.0,9166.666666666666,S,1059 XM,1059.0,105,west,False,Aalsmeerwegbuurt-West,AMSTERDAM,35.0,1933.0,C
275,699000.0,76.0,2.0,3.0,0.0,9197.368421052632,M,1072 TV,1072.0,107,zuid,False,Hercules Seghersbuurt,AMSTERDAM,113.24,1896.0,A
276,365000.0,40.0,1.0,2.0,0.0,9125.0,XS,1092 EA,1092.0,109,oost,False,Oosterparkbuurt-Zuidoost,AMSTERDAM,,1891.0,B
277,750000.0,117.0,2.0,5.0,0.0,6410.25641025641,XL,1058 BC,1058.0,105,west,False,Paramariboplein e.o.,AMSTERDAM,226.69,1927.0,F
278,285000.0,27.0,1.0,2.0,0.0,10555.555555555555,XS,1094 TV,1094.0,109,oost,False,Ambonpleinbuurt,AMSTERDAM,,1981.0,C
279,345000.0,54.0,1.0,1.0,1.0,6388.888888888889,S,1102 SG,1102.0,110,zuidoost,False,Vogeltjeswei,AMSTERDAM,,2025.0,A++
281,410000.0,56.0,2.0,3.0,0.0,7321.428571428572,S,1055 BA,1055.0,105,west,False,Erasmusparkbuurt-West,AMSTERDAM,,1940.0,D
282,440000.0,71.0,1.0,3.0,0.0,6197.183098591549,M,1055 KZ,1055.0,105,west,False,Bosleeuw,AMSTERDAM,,1950.0,F
283,450000.0,58.0,2.0,3.0,0.0,7758.620689655172,S,1057 CW,1057.0,105,west,False,Orteliusbuurt-Midden,AMSTERDAM,132.59,1924.0,D
284,395000.0,50.0,1.0,2.0,1.0,7900.0,XS,1062 HE,1062.0,106,nieuw_west,False,Schipluidenbuurt,AMSTERDAM,,2026.0,A++++
286,275000.0,61.0,2.0,3.0,0.0,4508.196721311476,S,1069 EH,1069.0,106,nieuw_west,False,Dijkgraafpleinbuurt,AMSTERDAM,160.0,,D
287,300000.0,28.0,1.0,1.0,0.0,10714.285714285714,XS,1017 TG,1017.0,101,centrum,True,Weteringbuurt,AMSTERDAM,91.0,2007.0,A
289,295000.0,34.0,1.0,2.0,0.0,8676.470588235294,XS,1083 EJ,1083.0,108,zuid,False,Buitenveldert-Zuidoost,AMSTERDAM,134.23,1967.0,B
290,190000.0,30.0,1.0,1.0,0.0,6333.333333333333,XS,1102 TL,1102.0,110,zuidoost,False,Venserpolder-West,AMSTERDAM,93.63,1985.0,B
291,527850.0,88.0,2.0,3.0,1.0,5998.295454545455,L,1101 DA,1101.0,110,zuidoost,False,Amstel III deel A/B-Noord,AMSTERDAM,,2022.0,N/A
292,583000.0,65.0,1.0,2.0,0.0,8969.23076923077,S,1095 AM,1095.0,109,oost,False,Makassarpleinbuurt,AMSTERDAM,0.0,2021.0,N/A
293,1100000.0,136.0,2.0,3.0,0.0,8088.235294117647,XL,1017 GN,1017.0,101,centrum,True,Spiegelbuurt,AMSTERDAM,200.0,1782.0,C
294,485000.0,53.0,1.0,2.0,0.0,9150.943396226416,S,1053 TX,1053.0,105,west,False,Bellamybuurt-Noord,AMSTERDAM,217.0,1906.0,C
295,2295000.0,203.0,2.0,4.0,0.0,11305.418719211822,XL,1054 ES,1054.0,105,west,False,Vondelparkbuurt-Oost,AMSTERDAM,,,A
296,550000.0,60.0,1.0,2.0,0.0,9166.666666666666,S,1054 BB,1054.0,105,west,False,Helmersbuurt-Oost,AMSTERDAM,65.0,1905.0,C
297,450000.0,50.0,2.0,3.0,0.0,9000.0,XS,1057 SX,1057.0,105,west,False,Balboaplein e.o.,AMSTERDAM,131.0,1927.0,D
298,600000.0,58.0,1.0,2.0,0.0,10344.827586206897,S,1091 ER,1091.0,109,oost,False,Weesperzijde-Midden/Zuid,AMSTERDAM,163.0,1885.0,C
299,375000.0,45.0,1.0,2.0,1.0,8333.333333333334,XS,1061 XZ,1061.0,106,nieuw_west,False,Overtoomse Veld-Noord,AMSTERDAM,75.15,2008.0,A+
301,300000.0,58.0,1.0,2.0,1.0,5172.413793103448,S,1025 ZL,1025.0,102,noord,False,Buikslotermeer-Noord,AMSTERDAM,201.82,1969.0,D
302,677500.0,77.0,2.0,3.0,0.0,8798.701298701299,M,1096 DS,1096.0,109,oost,False,Weespertrekvaart,AMSTERDAM,,2024.0,N/A
303,415000.0,45.0,2.0,3.0,0.0,9222.222222222223,XS,1094 AX,1094.0,109,oost,False,Timorpleinbuurt-Noord,AMSTERDAM,190.0,1913.0,D
304,750000.0,93.0,2.0,3.0,0.0,8064.5161290322585,L,1078 MS,1078.0,107,zuid,False,Scheldebuurt-Midden,AMSTERDAM,148.0,1930.0,N/A
305,549500.0,63.0,1.0,1.0,0.0,8722.222222222223,S,1058 AD,1058.0,105,west,False,Paramariboplein e.o.,AMSTERDAM,71.09,1967.0,A
306,530000.0,74.0,2.0,3.0,1.0,7162.1621621621625,M,1062 HE,1062.0,106,nieuw_west,False,Schipluidenbuurt,AMSTERDAM,,2026.0,A++++
307,1595000.0,164.0,3.0,5.0,1.0,9725.609756097561,XL,1017 VZ,1017.0,101,centrum,True,Frederikspleinbuurt,AMSTERDAM,250.0,1906.0,A+
308,646000.0,83.0,2.0,3.0,0.0,7783.1325301204815,L,1064 AB,1064.0,106,nieuw_west,False,Noordoever Sloterplas,AMSTERDAM,,2024.0,N/A
309,625000.0,60.0,1.0,2.0,1.0,10416.666666666666,S,1096 AM,1096.0,109,oost,False,De Omval,AMSTERDAM,,2021.0,A+
310,650000.0,80.0,2.0,4.0,0.0,8125.0,L,1071 WS,1071.0,107,zuid,False,Hondecoeterbuurt,AMSTERDAM,220.0,1923.0,C
311,695000.0,107.0,4.0,6.0,0.0,6495.327102803738,XL,1079 NN,1079.0,107,zuid,False,Rijnbuurt-Midden,AMSTERDAM,150.0,1935.0,G
312,345000.0,89.0,2.0,3.0,0.0,3876.4044943820227,L,1108 DJ,1108.0,110,zuidoost,False,L-buurt,AMSTERDAM,404.25,1980.0,B
313,1125000.0,122.0,3.0,4.0,0.0,9221.311475409837,XL,1017 GL,1017.0,101,centrum,True,Leidsegracht-Zuid,AMSTERDAM,,1900.0,D
314,1200000.0,118.0,3.0,4.0,2.0,10169.49152542373,XL,1077 TB,1077.0,107,zuid,False,Minervabuurt-Midden,AMSTERDAM,,1957.0,N/A
315,495000.0,56.0,3.0,4.0,0.0,8839.285714285714,S,1079 WR,1079.0,107,zuid,False,Rijnbuurt-Midden,AMSTERDAM,148.04,1936.0,A
317,515000.0,58.0,2.0,3.0,0.0,8879.310344827587,S,1012 VT,1012.0,101,centrum,False,Spuistraat-Zuid,AMSTERDAM,126.0,1718.0,A
318,650000.0,68.0,2.0,3.0,0.0,9558.823529411764,M,1058 ST,1058.0,105,west,False,Westlandgrachtbuurt,AMSTERDAM,180.0,,D
319,500000.0,54.0,1.0,2.0,0.0,9259.25925925926,S,1015 LK,1015.0,101,centrum,True,Anjeliersbuurt-Noord,AMSTERDAM,166.0,1905.0,N/A
321,1315000.0,136.0,3.0,4.0,0.0,9669.117647058823,XL,1018 CA,1018.0,101,centrum,False,Oostenburg,AMSTERDAM,0.0,2021.0,A+++
322,400000.0,47.0,2.0,3.0,0.0,8510.63829787234,XS,1094 GK,1094.0,109,oost,False,Timorpleinbuurt-Noord,AMSTERDAM,174.0,1913.0,D
323,283377.0,31.0,1.0,2.0,1.0,9141.193548387097,XS,1095 PA,1095.0,109,oost,False,Sluisbuurt,AMSTERDAM,,2025.0,N/A
324,695000.0,74.0,2.0,3.0,0.0,9391.891891891892,M,1012 NC,1012.0,101,centrum,False,Nieuwendijk-Noord,AMSTERDAM,,1906.0,E
325,385000.0,50.0,1.0,2.0,1.0,7700.0,XS,1062 HE,1062.0,106,nieuw_west,False,Schipluidenbuurt,AMSTERDAM,,2026.0,A++++
326,530000.0,65.0,2.0,3.0,0.0,8153.846153846154,S,1064 AB,1064.0,106,nieuw_west,False,Noordoever Sloterplas,AMSTERDAM,0.0,2024.0,N/A
327,335779.0,38.0,1.0,2.0,0.0,8836.28947368421,XS,1064 AB,1064.0,106,nieuw_west,False,Noordoever Sloterplas,AMSTERDAM,,2027.0,A++
328,425000.0,71.0,1.0,2.0,0.0,5985.915492957746,M,1082 NM,1082.0,108,zuid,False,Buitenveldert-Oost-Midden,AMSTERDAM,260.0,1986.0,A
329,600000.0,97.0,2.0,3.0,1.0,6185.567010309278,L,1083 DB,1083.0,108,zuid,False,Buitenveldert-Zuidoost,AMSTERDAM,232.53,1989.0,A
331,660000.0,55.0,2.0,3.0,0.0,12000.0,S,1015 SN,1015.0,101,centrum,True,Bloemgrachtbuurt,AMSTERDAM,144.28,1869.0,A+
335,525000.0,58.0,1.0,2.0,1.0,9051.724137931034,S,1013 LM,1013.0,101,west,False,Westelijke eilanden,AMSTERDAM,338.85,1900.0,D
336,345000.0,54.0,1.0,1.0,1.0,6388.888888888889,S,1102 SG,1102.0,110,zuidoost,False,Vogeltjeswei,AMSTERDAM,,2025.0,A++
338,395000.0,99.0,4.0,4.0,1.0,3989.89898989899,L,1069 EV,1069.0,106,nieuw_west,False,Dijkgraafpleinbuurt,AMSTERDAM,296.8,,A
339,545000.0,66.0,1.0,2.0,0.0,8257.575757575758,S,1018 CA,1018.0,101,centrum,False,Oostenburg,AMSTERDAM,,2021.0,N/A
340,375000.0,53.0,2.0,3.0,0.0,7075.471698113208,S,1056 TA,1056.0,105,west,False,John Franklinbuurt,AMSTERDAM,176.0,1932.0,E
341,925000.0,129.0,4.0,5.0,0.0,7170.542635658915,XL,1098 RK,1098.0,109,oost,False,Middenmeer-Zuid,AMSTERDAM,150.0,1930.0,E
342,335000.0,36.0,1.0,1.0,0.0,9305.555555555555,XS,1051 JT,1051.0,105,west,False,Westerstaatsman,AMSTERDAM,133.0,1923.0,D
343,385000.0,50.0,1.0,2.0,1.0,7700.0,XS,1062 HE,1062.0,106,nieuw_west,False,Schipluidenbuurt,AMSTERDAM,,2026.0,A++++
344,1790000.0,156.0,3.0,6.0,0.0,11474.358974358975,XL,1071 HE,1071.0,107,zuid,False,Concertgebouwbuurt,AMSTERDAM,244.0,1889.0,A+
345,343000.0,34.0,1.0,2.0,0.0,10088.235294117647,XS,1072 SN,1072.0,107,zuid,False,Cornelis Troostbuurt,AMSTERDAM,133.16,1899.0,F
346,1995000.0,275.0,4.0,7.0,0.0,7254.545454545455,XL,1075 HL,1075.0,107,zuid,False,Valeriusbuurt-Oost,AMSTERDAM,100.0,1923.0,N/A
347,495000.0,85.0,2.0,3.0,1.0,5823.529411764706,L,1066 GE,1066.0,106,nieuw_west,False,Park Haagseweg,AMSTERDAM,207.32,1992.0,A
348,405000.0,58.0,2.0,3.0,0.0,6982.758620689655,S,1024 KV,1024.0,102,noord,False,Markengouw-Zuid,AMSTERDAM,,2026.0,N/A
349,500000.0,56.0,2.0,3.0,0.0,8928.57142857143,S,1057 AH,1057.0,105,west,False,Orteliusbuurt-Midden,AMSTERDAM,100.0,1939.0,D
350,525000.0,72.0,2.0,3.0,1.0,7291.666666666667,M,1018 WA,1018.0,101,centrum,False,Wittenburg,AMSTERDAM,209.0,2004.0,C
354,1300000.0,183.0,4.0,6.0,0.0,7103.825136612022,XL,1072 AE,1072.0,107,zuid,False,Frans Halsbuurt,AMSTERDAM,320.0,1879.0,D
355,412500.0,59.0,1.0,2.0,0.0,6991.525423728814,S,1102 AK,1102.0,110,zuidoost,False,D-buurt,AMSTERDAM,,2021.0,A++
356,685000.0,85.0,2.0,3.0,0.0,8058.823529411765,L,1093 RS,1093.0,109,oost,False,Dapperbuurt-Noord,AMSTERDAM,217.87,1881.0,C
357,335779.0,40.0,1.0,2.0,0.0,8394.475,XS,1064 AB,1064.0,106,nieuw_west,False,Noordoever Sloterplas,AMSTERDAM,,2027.0,A++
358,415000.0,49.0,2.0,3.0,0.0,8469.387755102041,XS,1013 SV,1013.0,101,west,False,Spaarndammerbuurt-Zuidoost,AMSTERDAM,,1909.0,E
360,850000.0,92.0,2.0,3.0,0.0,9239.130434782608,L,1018 TS,1018.0,101,centrum,False,Plantage,AMSTERDAM,400.0,1881.0,C
362,300000.0,25.0,1.0,2.0,1.0,12000.0,XS,1013 MD,1013.0,101,west,False,Westelijke eilanden,AMSTERDAM,,2015.0,C
365,1750000.0,146.0,2.0,3.0,1.0,11986.301369863013,XL,1079 RH,1079.0,107,zuid,False,Kop Zuidas,AMSTERDAM,322.82,2020.0,A
367,500000.0,62.0,2.0,3.0,0.0,8064.5161290322585,S,1053 PG,1053.0,105,west,False,Borgerbuurt,AMSTERDAM,152.77,1904.0,C
368,335779.0,40.0,1.0,2.0,0.0,8394.475,XS,1064 AB,1064.0,106,nieuw_west,False,Noordoever Sloterplas,AMSTERDAM,,2027.0,A++
369,585000.0,55.0,1.0,2.0,0.0,10636.363636363636,S,1072 AN,1072.0,107,zuid,False,Hercules Seghersbuurt,AMSTERDAM,142.0,1905.0,A
370,660000.0,78.0,2.0,3.0,0.0,8461.538461538461,M,1096 DS,1096.0,109,oost,False,Weespertrekvaart,AMSTERDAM,,2021.0,N/A
371,385000.0,48.0,1.0,2.0,0.0,8020.833333333333,XS,1056 NS,1056.0,105,west,False,Orteliusbuurt-Noord,AMSTERDAM,145.0,1927.0,G
372,475000.0,62.0,1.0,2.0,0.0,7661.290322580645,S,1082 XT,1082.0,108,zuid,False,Gelderlandpleinbuurt,AMSTERDAM,167.0,1963.0,C
374,425000.0,57.0,1.0,2.0,0.0,7456.140350877193,S,1057 CX,1057.0,105,west,False,Orteliusbuurt-Midden,AMSTERDAM,117.16,1924.0,C
375,465000.0,62.0,1.0,2.0,0.0,7500.0,S,1064 AB,1064.0,106,nieuw_west,False,Noordoever Sloterplas,AMSTERDAM,0.0,2025.0,N/A
376,440000.0,49.0,2.0,3.0,0.0,8979.591836734693,XS,1055 TS,1055.0,105,west,False,Landlust-Zuid,AMSTERDAM,,1924.0,D
377,850000.0,70.0,2.0,3.0,0.0,12142.857142857143,M,1016 HN,1016.0,101,centrum,True,Felix Meritisbuurt,AMSTERDAM,100.0,1953.0,B
379,399500.0,97.0,3.0,4.0,1.0,4118.556701030928,L,1102 AV,1102.0,110,zuidoost,False,F-buurt,AMSTERDAM,,1970.0,C
380,450000.0,51.0,2.0,4.0,0.0,8823.529411764706,S,1058 AB,1058.0,105,west,False,Paramariboplein e.o.,AMSTERDAM,95.0,1926.0,C
381,1795000.0,200.0,4.0,6.0,0.0,8975.0,XL,1071 ED,1071.0,107,zuid,False,Johannes Vermeerbuurt,AMSTERDAM,300.0,1914.0,D
382,1225000.0,123.0,4.0,7.0,0.0,9959.349593495936,XL,1079 DM,1079.0,107,zuid,False,Rijnbuurt-Midden,AMSTERDAM,,,A
383,535000.0,43.0,2.0,3.0,0.0,12441.860465116279,XS,1015 RL,1015.0,101,centrum,True,Anjeliersbuurt-Zuid,AMSTERDAM,95.0,1938.0,F
384,320000.0,36.0,1.0,2.0,0.0,8888.888888888889,XS,1018 EC,1018.0,101,centrum,False,Weesperbuurt,AMSTERDAM,140.6,1987.0,A
385,985000.0,83.0,2.0,5.0,0.0,11867.469879518072,L,1075 CA,1075.0,107,zuid,False,Willemsparkbuurt-Noord,AMSTERDAM,332.0,1911.0,C
386,283377.0,31.0,1.0,2.0,1.0,9141.193548387097,XS,1095 PA,1095.0,109,oost,False,Sluisbuurt,AMSTERDAM,,2025.0,N/A
387,650000.0,91.0,3.0,4.0,0.0,7142.857142857143,L,1056 CK,1056.0,105,west,False,Robert Scottbuurt-Oost,AMSTERDAM,,1927.0,D
388,475000.0,50.0,1.0,2.0,0.0,9500.0,XS,1018 CA,1018.0,101,centrum,False,Oostenburg,AMSTERDAM,,2021.0,A+++
389,289000.0,28.0,1.0,1.0,0.0,10321.42857142857,XS,1096 GJ,1096.0,109,oost,False,Amstelkwartier-Noord,AMSTERDAM,59.0,2014.0,A
390,1675000.0,241.0,4.0,8.0,0.0,6950.207468879668,XL,1074 CZ,1074.0,107,zuid,False,Hemonybuurt,AMSTERDAM,379.0,1885.0,N/A
391,800000.0,87.0,2.0,3.0,0.0,9195.402298850575,L,1072 VP,1072.0,107,zuid,False,Hercules Seghersbuurt,AMSTERDAM,290.28,1886.0,B
392,1150000.0,123.0,3.0,4.0,0.0,9349.59349593496,XL,1018 CA,1018.0,101,centrum,False,Oostenburg,AMSTERDAM,0.0,2021.0,A+++
393,395000.0,48.0,1.0,2.0,0.0,8229.166666666666,XS,1055 WN,1055.0,105,west,False,Landlust-Noord,AMSTERDAM,,1937.0,G
395,995000.0,108.0,3.0,4.0,1.0,9212.962962962964,XL,1096 AM,1096.0,109,oost,False,De Omval,AMSTERDAM,,2021.0,A+
396,400000.0,59.0,1.0,2.0,1.0,6779.661016949152,S,1058 EE,1058.0,105,west,False,Rembrandtpark-Zuid,AMSTERDAM,192.65,1972.0,C
397,495000.0,50.0,1.0,2.0,1.0,9900.0,XS,1083 HH,1083.0,108,zuid,False,De Klenckebuurt,AMSTERDAM,123.34,2018.0,A
398,350000.0,41.0,1.0,2.0,0.0,8536.585365853658,XS,1019 CL,1019.0,101,oost,False,Architectenbuurt,AMSTERDAM,190.04,,N/A
399,792000.0,86.0,3.0,4.0,0.0,9209.302325581395,L,1095 AM,1095.0,109,oost,False,Makassarpleinbuurt,AMSTERDAM,0.0,2021.0,N/A
400,849000.0,93.0,2.0,4.0,1.0,9129.032258064517,L,1091 GW,1091.0,109,oost,False,Weesperzijde-Noord,AMSTERDAM,89.0,2010.0,A
402,1150000.0,92.0,2.0,3.0,0.0,12500.0,L,1071 XJ,1071.0,107,zuid,False,Hondecoeterbuurt,AMSTERDAM,93.75,1905.0,A
403,486000.0,69.0,2.0,3.0,1.0,7043.478260869565,M,1101 BA,1101.0,110,zuidoost,False,Amstel III deel A/B-Noord,AMSTERDAM,0.0,2024.0,N/A
404,395000.0,65.0,2.0,3.0,0.0,6076.923076923077,S,1024 TK,1024.0,102,noord,False,Werengouw-Midden,AMSTERDAM,277.09,1966.0,C
405,965000.0,79.0,2.0,3.0,1.0,12215.189873417721,M,1031 HX,1031.0,103,noord,False,Buiksloterham-Zuid,AMSTERDAM,,2021.0,A+++
406,985000.0,108.0,3.0,4.0,1.0,9120.37037037037,XL,1096 AM,1096.0,109,oost,False,De Omval,AMSTERDAM,,2021.0,A+
407,750000.0,96.0,3.0,4.0,1.0,7812.5,L,1051 NV,1051.0,105,west,False,GWL-terrein,AMSTERDAM,242.98,1997.0,C
408,450000.0,40.0,1.0,2.0,0.0,11250.0,XS,1016 KP,1016.0,101,centrum,True,Bloemgrachtbuurt,AMSTERDAM,170.0,1750.0,N/A
409,8800000.0,400.0,3.0,9.0,4.5,22000.0,XL,1071 JV,1071.0,107,zuid,False,Cornelis Schuytbuurt,AMSTERDAM,,2014.0,A
410,1250000.0,148.0,3.0,4.0,2.0,8445.945945945947,XL,1012 WP,1012.0,101,centrum,False,Kalverdriehoek,AMSTERDAM,406.93,1997.0,N/A
411,475000.0,56.0,2.0,3.0,0.0,8482.142857142857,S,1056 WV,1056.0,105,west,False,Landlust-Zuid,AMSTERDAM,80.0,1935.0,C
412,475000.0,67.0,2.0,3.0,0.0,7089.55223880597,M,1082 TH,1082.0,108,zuid,False,Gelderlandpleinbuurt,AMSTERDAM,,1963.0,D
413,895000.0,101.0,3.0,4.0,1.0,8861.386138613861,L,1014 ZB,1014.0,101,west,False,Houthavens-West,AMSTERDAM,193.0,2018.0,A
414,440000.0,75.0,3.0,4.0,0.0,5866.666666666667,M,1065 SV,1065.0,106,nieuw_west,False,Jacques Veldmanbuurt,AMSTERDAM,113.06,1980.0,N/A
416,435000.0,50.0,1.0,2.0,1.0,8700.0,XS,1011 VJ,1011.0,101,centrum,False,Valkenburg,AMSTERDAM,220.81,1974.0,E
417,745000.0,102.0,3.0,5.0,0.0,7303.921568627451,L,1077 CW,1077.0,107,zuid,False,Minervabuurt-Zuid,AMSTERDAM,277.0,1938.0,C
418,400000.0,50.0,1.0,2.0,1.0,8000.0,XS,1095 MD,1095.0,109,oost,False,Sportheldenbuurt,AMSTERDAM,91.26,2020.0,A
419,465000.0,61.0,2.0,3.0,0.0,7622.950819672131,S,1055 VL,1055.0,105,west,False,Landlust-Noord,AMSTERDAM,141.95,1937.0,D
421,580000.0,54.0,2.0,4.0,0.0,10740.74074074074,S,1073 RK,1073.0,107,zuid,False,Burgemeester Tellegenbuurt-Oost,AMSTERDAM,380.87,1923.0,B
422,4980000.0,233.0,3.0,4.0,2.5,21373.390557939914,XL,1075 AJ,1075.0,107,zuid,False,Willemsparkbuurt-Noord,AMSTERDAM,,2024.0,A
423,475000.0,58.0,1.0,2.0,0.0,8189.6551724137935,S,1053 ZT,1053.0,105,west,False,Da Costabuurt-Zuid,AMSTERDAM,72.0,1879.0,C
424,350000.0,81.0,3.0,4.0,0.0,4320.9876543209875,L,1104 MP,1104.0,110,zuidoost,False,Kortvoort,AMSTERDAM,,1984.0,A
425,330000.0,28.0,1.0,2.0,0.0,11785.714285714286,XS,1015 ND,1015.0,101,centrum,True,Anjeliersbuurt-Zuid,AMSTERDAM,182.01,1880.0,A
426,575000.0,69.0,1.0,2.0,1.0,8333.333333333334,M,1043 EV,1043.0,104,nieuw_west,False,Sloterdijk Stationskwartier,AMSTERDAM,,2021.0,A+++
427,380000.0,38.0,1.0,2.0,0.0,10000.0,XS,1074 AE,1074.0,107,zuid,False,Willibrordusbuurt,AMSTERDAM,125.0,1905.0,A
429,1000000.0,112.0,2.0,3.0,1.0,8928.57142857143,XL,1082 MS,1082.0,108,zuid,False,Zuidas-Zuid,AMSTERDAM,,2010.0,A
430,850000.0,87.0,2.0,3.0,1.0,9770.114942528735,L,1096 AM,1096.0,109,oost,False,De Omval,AMSTERDAM,,2021.0,A+
431,500000.0,50.0,2.0,3.0,0.0,10000.0,XS,1073 GP,1073.0,107,zuid,False,BurgemeesterTellegenbuurt-West,AMSTERDAM,,1921.0,A
432,345000.0,69.0,2.0,3.0,0.0,5000.0,M,1107 AD,1107.0,110,zuidoost,False,Gein 4,AMSTERDAM,113.14,1984.0,A
433,200000.0,21.0,1.0,1.0,1.0,9523.809523809523,XS,1083 CN,1083.0,108,zuid,False,Buitenveldert-Zuidoost,AMSTERDAM,84.63,1977.0,D
434,457500.0,71.0,2.0,3.0,0.0,6443.661971830986,M,1102 AK,1102.0,110,zuidoost,False,D-buurt,AMSTERDAM,,2021.0,A++
436,450000.0,48.0,1.0,2.0,0.0,9375.0,XS,1073 AE,1073.0,107,zuid,False,Van der Helstpleinbuurt,AMSTERDAM,150.0,1905.0,B
437,680513.0,103.0,3.0,4.0,1.0,6606.922330097087,XL,1101 DA,1101.0,110,zuidoost,False,Amstel III deel A/B-Noord,AMSTERDAM,,2021.0,N/A
438,495000.0,52.0,2.0,3.0,1.0,9519.23076923077,S,1052 HV,1052.0,105,west,False,Frederik Hendrikbuurt-Noord,AMSTERDAM,90.18,1911.0,E
439,650000.0,70.0,3.0,4.0,0.0,9285.714285714286,M,1075 XM,1075.0,107,zuid,False,Schinkelbuurt-Noord,AMSTERDAM,150.0,1905.0,A
441,1350000.0,135.0,4.0,6.0,0.0,10000.0,XL,1091 CV,1091.0,109,oost,False,Weesperzijde-Noord,AMSTERDAM,,1882.0,D
442,299000.0,67.0,2.0,3.0,1.0,4462.686567164179,M,1068 LT,1068.0,106,nieuw_west,False,Wildeman,AMSTERDAM,315.98,1960.0,C
443,400000.0,57.0,2.0,3.0,0.0,7017.543859649123,S,1055 ET,1055.0,105,west,False,Bosleeuw,AMSTERDAM,134.53,,C
444,698500.0,82.0,2.0,3.0,1.0,8518.292682926829,L,1032 KL,1032.0,103,noord,False,Klaprozenbuurt,AMSTERDAM,,2025.0,A++
445,450000.0,49.0,2.0,3.0,0.0,9183.673469387755,XS,1057 RC,1057.0,105,west,False,Orteliusbuurt-Midden,AMSTERDAM,82.0,1924.0,B
446,636525.0,73.0,3.0,4.0,1.0,8719.520547945205,M,1101 DA,1101.0,110,zuidoost,False,Amstel III deel A/B-Noord,AMSTERDAM,,2021.0,N/A
448,750000.0,93.0,2.0,3.0,1.0,8064.5161290322585,L,1093 KP,1093.0,109,oost,False,Oostpoort,AMSTERDAM,188.0,2018.0,A
449,500000.0,58.0,1.0,2.0,0.0,8620.689655172413,S,1058 XL,1058.0,105,west,False,Paramariboplein e.o.,AMSTERDAM,60.0,,C
450,495000.0,65.0,2.0,3.0,0.0,7615.384615384615,S,1056 AZ,1056.0,105,west,False,Robert Scottbuurt-Oost,AMSTERDAM,156.0,,C
452,950000.0,116.0,3.0,4.0,0.0,8189.6551724137935,XL,1079 TG,1079.0,107,zuid,False,Rijnbuurt-Oost,AMSTERDAM,150.0,,C
453,335779.0,42.0,1.0,2.0,0.0,7994.738095238095,XS,1064 AB,1064.0,106,nieuw_west,False,Noordoever Sloterplas,AMSTERDAM,,2027.0,A++
454,425000.0,55.0,1.0,2.0,0.0,7727.272727272727,S,1091 DH,1091.0,109,oost,False,Oosterparkbuurt-Noordwest,AMSTERDAM,92.64,1989.0,A
455,4250000.0,366.0,7.0,11.0,1.0,11612.021857923497,XL,1011 JN,1011.0,101,centrum,False,Zuiderkerkbuurt,AMSTERDAM,0.0,1733.0,N/A
456,490000.0,55.0,2.0,3.0,0.0,8909.09090909091,S,1058 BS,1058.0,105,west,False,Postjeskade e.o.,AMSTERDAM,,1935.0,D
457,620000.0,64.0,1.0,2.0,0.0,9687.5,S,1018 LG,1018.0,101,centrum,False,Oostenburg,AMSTERDAM,128.71,2021.0,A+++
460,850000.0,100.0,3.0,4.0,1.0,8500.0,L,1055 ML,1055.0,105,west,False,Landlust-Zuid,AMSTERDAM,,1910.0,C
461,419000.0,56.0,1.0,2.0,1.0,7482.142857142857,S,1101 BA,1101.0,110,zuidoost,False,Amstel III deel A/B-Noord,AMSTERDAM,0.0,2024.0,N/A
462,575000.0,60.0,2.0,3.0,0.0,9583.333333333334,S,1058 TA,1058.0,105,west,False,Westlandgrachtbuurt,AMSTERDAM,210.0,1933.0,C
463,945000.0,111.0,3.0,4.0,1.0,8513.513513513513,XL,1061 AV,1061.0,106,nieuw_west,False,Overtoomse Veld-Noord,AMSTERDAM,,2027.0,A+++
464,950000.0,86.0,2.0,3.0,0.0,11046.511627906977,L,1071 CV,1071.0,107,zuid,False,P.C. Hooftbuurt,AMSTERDAM,135.0,1906.0,B
465,450000.0,67.0,2.0,3.0,0.0,6716.417910447762,M,1055 EE,1055.0,105,west,False,Gibraltarbuurt,AMSTERDAM,166.0,1934.0,D
466,575000.0,111.0,2.0,3.0,1.0,5180.18018018018,XL,1024 LW,1024.0,102,noord,False,Werengouw-Midden,AMSTERDAM,296.33,2012.0,A
467,550000.0,117.0,2.0,3.0,0.0,4700.854700854701,XL,1069 CL,1069.0,106,nieuw_west,False,Botteskerkbuurt,AMSTERDAM,,2008.0,A
468,1250000.0,151.0,4.0,6.0,0.0,8278.14569536424,XL,1077 RM,1077.0,107,zuid,False,Minervabuurt-Midden,AMSTERDAM,,1940.0,N/A
469,400000.0,46.0,1.0,2.0,0.0,8695.652173913044,XS,1073 XA,1073.0,107,zuid,False,Sarphatiparkbuurt,AMSTERDAM,177.0,1880.0,E
470,1195000.0,232.0,2.0,6.0,1.0,5150.862068965517,XL,1019 AJ,1019.0,101,oost,False,Cruquiusbuurt,AMSTERDAM,417.22,2007.0,A
471,1175000.0,171.0,6.0,8.0,0.0,6871.3450292397665,XL,1012 ER,1012.0,101,centrum,False,Burgwallen-Oost,AMSTERDAM,260.0,1675.0,N/A
472,760000.0,108.0,4.0,5.0,0.0,7037.037037037037,XL,1056 DM,1056.0,105,west,False,John Franklinbuurt,AMSTERDAM,174.0,1927.0,N/A
474,685000.0,83.0,2.0,3.0,1.0,8253.012048192772,L,1061 AV,1061.0,106,nieuw_west,False,Overtoomse Veld-Noord,AMSTERDAM,,2027.0,A+++
476,540000.0,59.0,1.0,2.0,0.0,9152.542372881357,S,1096 DS,1096.0,109,oost,False,Weespertrekvaart,AMSTERDAM,,2024.0,N/A
477,575000.0,87.0,3.0,4.0,1.0,6609.19540229885,L,1062 KG,1062.0,106,nieuw_west,False,Koningin Wilhelminaplein,AMSTERDAM,225.0,1991.0,C
479,3950000.0,380.0,4.0,7.0,0.0,10394.736842105263,XL,1017 GM,1017.0,101,centrum,True,Spiegelbuurt,AMSTERDAM,56.79,1905.0,B
481,485000.0,71.0,2.0,3.0,1.0,6830.985915492958,M,1101 DA,1101.0,110,zuidoost,False,Amstel III deel A/B-Noord,AMSTERDAM,,2022.0,N/A
482,585000.0,123.0,3.0,4.0,0.0,4756.09756097561,XL,1069 RT,1069.0,106,nieuw_west,False,Zuidwestkwadrant-Zuid,AMSTERDAM,222.21,2003.0,A
485,705000.0,76.0,2.0,3.0,0.0,9276.315789473685,M,1018 CA,1018.0,101,centrum,False,Oostenburg,AMSTERDAM,,2021.0,A+++
486,450000.0,47.0,1.0,2.0,0.0,9574.468085106382,XS,1053 NP,1053.0,105,west,False,Lootsbuurt,AMSTERDAM,100.0,1912.0,C
488,430000.0,87.0,2.0,3.0,0.0,4942.528735632184,L,1060 TX,1060.0,106,nieuw_west,False,De Aker-Oost,AMSTERDAM,158.0,1998.0,B
490,935000.0,107.0,2.0,4.0,1.0,8738.317757009347,XL,1016 HV,1016.0,101,centrum,True,Leidsegracht-Noord,AMSTERDAM,,1981.0,B
493,850000.0,93.0,3.0,4.0,1.0,9139.78494623656,L,1016 CR,1016.0,101,centrum,True,Passeerdersgrachtbuurt,AMSTERDAM,282.28,1861.0,N/A
494,505000.0,60.0,2.0,3.0,0.0,8416.666666666666,S,1094 CG,1094.0,109,oost,False,Timorpleinbuurt-Noord,AMSTERDAM,262.0,1914.0,C
496,335779.0,42.0,1.0,2.0,0.0,7994.738095238095,XS,1064 AB,1064.0,106,nieuw_west,False,Noordoever Sloterplas,AMSTERDAM,,2027.0,A++
497,500000.0,54.0,2.0,3.0,0.0,9259.25925925926,S,1056 PN,1056.0,105,west,False,Robert Scottbuurt-Oost,AMSTERDAM,,1932.0,A
498,350000.0,60.0,1.0,2.0,1.0,5833.333333333333,S,1060 TW,1060.0,106,nieuw_west,False,De Aker-Oost,AMSTERDAM,107.0,1998.0,B
499,1335000.0,157.0,2.0,3.0,1.0,8503.184713375796,XL,1082 MS,1082.0,108,zuid,False,Zuidas-Zuid,AMSTERDAM,533.91,2010.0,A++
500,450000.0,71.0,2.0,3.0,0.0,6338.028169014085,M,1055 GT,1055.0,105,west,False,Erasmusparkbuurt-West,AMSTERDAM,258.62,1950.0,E
501,600000.0,70.0,2.0,3.0,0.0,8571.42857142857,M,1091 XT,1091.0,109,oost,False,Transvaalbuurt-West,AMSTERDAM,166.94,1989.0,B
502,535000.0,81.0,2.0,3.0,1.0,6604.938271604939,L,1101 DA,1101.0,110,zuidoost,False,Amstel III deel A/B-Noord,AMSTERDAM,,2022.0,N/A
503,283377.0,30.0,1.0,2.0,1.0,9445.9,XS,1095 PA,1095.0,109,oost,False,Sluisbuurt,AMSTERDAM,,2025.0,N/A
504,1780000.0,112.0,2.0,3.0,2.0,15892.857142857143,XL,1075 BV,1075.0,107,zuid,False,Willemsparkbuurt-Noord,AMSTERDAM,,1913.0,A
505,575000.0,89.0,2.0,3.0,1.0,6460.6741573033705,L,1101 DA,1101.0,110,zuidoost,False,Amstel III deel A/B-Noord,AMSTERDAM,,2022.0,N/A
506,900000.0,116.0,3.0,5.0,0.0,7758.620689655172,XL,1011 JL,1011.0,101,centrum,False,Zuiderkerkbuurt,AMSTERDAM,,1709.0,D
508,6420000.0,326.0,4.0,8.0,2.0,19693.251533742332,XL,1075 AV,1075.0,107,zuid,False,Willemsparkbuurt-Noord,AMSTERDAM,,2021.0,N/A
509,1330000.0,139.0,3.0,5.0,1.0,9568.345323741007,XL,1096 AM,1096.0,109,oost,False,De Omval,AMSTERDAM,,2021.0,A+
510,990000.0,105.0,3.0,4.0,1.0,9428.57142857143,XL,1096 AM,1096.0,109,oost,False,De Omval,AMSTERDAM,,2021.0,A+
511,500000.0,71.0,2.0,3.0,0.0,7042.2535211267605,M,1055 GR,1055.0,105,west,False,Bosleeuw,AMSTERDAM,179.86,1950.0,C
512,325000.0,33.0,1.0,2.0,1.0,9848.484848484848,XS,1082 GV,1082.0,108,zuid,False,Buitenveldert-Zuid-Midden,AMSTERDAM,80.34,1966.0,C
513,350000.0,47.0,1.0,2.0,0.0,7446.808510638298,XS,1052 LK,1052.0,105,west,False,Frederik Hendrikbuurt-Zuidoost,AMSTERDAM,185.11,1894.0,G
515,795000.0,124.0,3.0,4.0,1.0,6411.290322580645,XL,1055 AD,1055.0,105,west,False,Robert Scottbuurt-West,AMSTERDAM,168.33,2009.0,A
517,480000.0,64.0,2.0,3.0,0.0,7500.0,S,1064 AB,1064.0,106,nieuw_west,False,Noordoever Sloterplas,AMSTERDAM,,2024.0,N/A
519,525000.0,96.0,2.0,3.0,1.0,5468.75,L,1062 DJ,1062.0,106,nieuw_west,False,Overtoomse Veld-Zuid,AMSTERDAM,,1998.0,C
521,365000.0,39.0,1.0,1.0,0.0,9358.97435897436,XS,1018 CA,1018.0,101,centrum,False,Oostenburg,AMSTERDAM,0.0,2021.0,A+++
522,400000.0,44.0,1.0,2.0,0.0,9090.90909090909,XS,1051 TV,1051.0,105,west,False,Fannius Scholtenbuurt,AMSTERDAM,150.0,1905.0,C
524,825000.0,93.0,3.0,4.0,0.0,8870.967741935483,L,1078 KN,1078.0,107,zuid,False,Wielingenbuurt,AMSTERDAM,184.37,1929.0,D
526,560000.0,83.0,3.0,4.0,0.0,6746.987951807229,L,1013 VV,1013.0,101,west,False,Spaarndammerbuurt-Zuidwest,AMSTERDAM,156.74,1978.0,A
527,1095000.0,148.0,4.0,5.0,1.0,7398.648648648648,XL,1058 GB,1058.0,105,west,False,Andreasterrein,AMSTERDAM,219.11,2009.0,A+
528,650000.0,81.0,3.0,4.0,0.0,8024.691358024691,L,1057 XD,1057.0,105,west,False,Van Brakelkwartier,AMSTERDAM,163.0,2007.0,A
529,611000.0,96.0,2.0,3.0,1.0,6364.583333333333,L,1102 SG,1102.0,110,zuidoost,False,Vogeltjeswei,AMSTERDAM,,2025.0,N/A
530,505000.0,79.0,2.0,3.0,1.0,6392.405063291139,M,1101 DA,1101.0,110,zuidoost,False,Amstel III deel A/B-Noord,AMSTERDAM,,2022.0,N/A
531,460000.0,71.0,2.0,3.0,0.0,6478.87323943662,M,1102 AK,1102.0,110,zuidoost,False,D-buurt,AMSTERDAM,,2021.0,A++
532,590000.0,65.0,2.0,3.0,0.0,9076.923076923076,S,1073 GC,1073.0,107,zuid,False,Van der Helstpleinbuurt,AMSTERDAM,196.0,1927.0,C
534,500000.0,73.0,2.0,3.0,0.0,6849.315068493151,M,1092 BD,1092.0,109,oost,False,Oosterparkbuurt-Zuidoost,AMSTERDAM,159.93,1977.0,D
535,350000.0,94.0,2.0,3.0,1.0,3723.404255319149,L,1011 NA,1011.0,101,centrum,False,Uilenburg,AMSTERDAM,1870.64,2015.0,A
536,475000.0,59.0,2.0,3.0,0.0,8050.847457627118,S,1094 XH,1094.0,109,oost,False,Timorpleinbuurt-Zuid,AMSTERDAM,192.07,,C
537,500000.0,59.0,2.0,3.0,0.0,8474.57627118644,S,1015 XP,1015.0,101,centrum,True,Marnixbuurt-Noord,AMSTERDAM,,1890.0,B
538,325000.0,41.0,1.0,2.0,0.0,7926.829268292683,XS,1033 LE,1033.0,103,noord,False,Terrasdorp,AMSTERDAM,182.71,1952.0,A
539,575000.0,61.0,2.0,2.0,0.0,9426.22950819672,S,1018 XV,1018.0,101,centrum,False,Weesperbuurt,AMSTERDAM,50.0,1952.0,C
542,1195000.0,128.0,2.0,3.0,0.0,9335.9375,XL,1018 XV,1018.0,101,centrum,False,Weesperbuurt,AMSTERDAM,100.0,1952.0,C
543,550000.0,64.0,2.0,3.0,0.0,8593.75,S,1072 RS,1072.0,107,zuid,False,Cornelis Troostbuurt,AMSTERDAM,195.18,1935.0,C
544,765000.0,87.0,2.0,3.0,0.0,8793.103448275862,L,1057 WG,1057.0,105,west,False,Columbusplein e.o.,AMSTERDAM,220.2,1929.0,D
545,550000.0,80.0,2.0,3.0,0.0,6875.0,L,1095 AV,1095.0,109,oost,False,Makassarpleinbuurt,AMSTERDAM,112.0,1925.0,D
546,475000.0,70.0,2.0,3.0,1.0,6785.714285714285,M,1069 RR,1069.0,106,nieuw_west,False,Zuidwestkwadrant-Zuid,AMSTERDAM,216.64,2008.0,A
547,455000.0,71.0,2.0,3.0,0.0,6408.450704225352,M,1102 AK,1102.0,110,zuidoost,False,D-buurt,AMSTERDAM,,2021.0,A++
548,685000.0,75.0,1.0,2.0,1.0,9133.333333333334,M,1017 DT,1017.0,101,centrum,True,Vijzelstraatbuurt,AMSTERDAM,149.14,1685.0,N/A
549,995000.0,105.0,2.0,3.0,0.0,9476.190476190477,XL,1015 RR,1015.0,101,centrum,True,Anjeliersbuurt-Zuid,AMSTERDAM,312.0,1977.0,C
550,625000.0,69.0,2.0,3.0,0.0,9057.971014492754,M,1057 BJ,1057.0,105,west,False,Orteliusbuurt-Midden,AMSTERDAM,225.0,1926.0,D
551,365000.0,40.0,1.0,2.0,0.0,9125.0,XS,1082 CE,1082.0,108,zuid,False,Buitenveldert-Zuid-Midden,AMSTERDAM,98.85,1960.0,D
553,390000.0,50.0,1.0,2.0,1.0,7800.0,XS,1062 HE,1062.0,106,nieuw_west,False,Schipluidenbuurt,AMSTERDAM,,2026.0,A++++
554,400000.0,50.0,1.0,3.0,1.0,8000.0,XS,1043 EV,1043.0,104,nieuw_west,False,Sloterdijk Stationskwartier,AMSTERDAM,102.0,2021.0,A+++
555,450000.0,56.0,2.0,3.0,0.0,8035.714285714285,S,1056 JV,1056.0,105,west,False,Geuzenhofbuurt,AMSTERDAM,137.0,1934.0,D
556,575000.0,70.0,2.0,3.0,0.0,8214.285714285714,M,1078 CJ,1078.0,107,zuid,False,IJselbuurt-West,AMSTERDAM,,1990.0,C
557,349000.0,37.0,1.0,2.0,0.0,9432.432432432432,XS,1012 JG,1012.0,101,centrum,False,Kop Zeedijk,AMSTERDAM,165.69,1811.0,E
558,250000.0,34.0,1.0,1.0,1.0,7352.941176470588,XS,1055 RD,1055.0,105,west,False,Bedrijventerrein Landlust,AMSTERDAM,142.0,1959.0,E
559,695000.0,88.0,2.0,4.0,0.0,7897.727272727273,L,1076 DK,1076.0,107,zuid,False,Olympisch Stadion e.o.,AMSTERDAM,168.59,1928.0,D
560,1100000.0,120.0,2.0,3.0,0.0,9166.666666666666,XL,1054 GE,1054.0,105,west,False,Vondelparkbuurt-Oost,AMSTERDAM,235.0,1870.0,N/A
562,450000.0,47.0,1.0,2.0,0.0,9574.468085106382,XS,1091 SH,1091.0,109,oost,False,Weesperzijde-Midden/Zuid,AMSTERDAM,,1985.0,B
563,425000.0,45.0,1.0,3.0,0.0,9444.444444444445,XS,1018 WT,1018.0,101,centrum,False,Sarphatistrook,AMSTERDAM,200.0,1934.0,E
564,475000.0,118.0,3.0,5.0,1.0,4025.423728813559,XL,1068 WX,1068.0,106,nieuw_west,False,Osdorpplein e.o.,AMSTERDAM,571.0,1960.0,D
566,375000.0,77.0,2.0,3.0,1.0,4870.12987012987,M,1033 AH,1033.0,103,noord,False,Tuindorp Oostzaan-West,AMSTERDAM,,1963.0,C
567,325000.0,70.0,2.0,3.0,0.0,4642.857142857143,M,1107 RC,1107.0,110,zuidoost,False,Reigersbos 3,AMSTERDAM,149.78,1984.0,A
568,508000.0,80.0,2.0,3.0,1.0,6350.0,L,1101 DA,1101.0,110,zuidoost,False,Amstel III deel A/B-Noord,AMSTERDAM,,2022.0,N/A
569,1100000.0,159.0,4.0,4.0,0.0,6918.238993710692,XL,1043 CP,1043.0,104,nieuw_west,False,Sloterdijk Stationskwartier,AMSTERDAM,,2023.0,A+
570,2980000.0,191.0,4.0,5.0,1.5,15602.094240837696,XL,1016 BT,1016.0,101,centrum,True,Felix Meritisbuurt,AMSTERDAM,694.37,1770.0,N/A
571,495000.0,134.0,4.0,5.0,0.0,3694.0298507462685,XL,1106 BD,1106.0,110,zuidoost,False,Reigersbos 1,AMSTERDAM,276.56,1982.0,B
572,900000.0,108.0,2.0,3.0,1.0,8333.333333333334,XL,1031 KV,1031.0,103,noord,False,Overhoeks,AMSTERDAM,272.3,2021.0,A+++
573,395000.0,50.0,1.0,2.0,1.0,7900.0,XS,1062 HE,1062.0,106,nieuw_west,False,Schipluidenbuurt,AMSTERDAM,,2026.0,A++++
574,515000.0,70.0,2.0,3.0,0.0,7357.142857142857,M,1064 AB,1064.0,106,nieuw_west,False,Noordoever Sloterplas,AMSTERDAM,212.0,2025.0,N/A
576,650000.0,131.0,4.0,5.0,0.0,4961.832061068702,XL,1069 HN,1069.0,106,nieuw_west,False,Zuidwestkwadrant-Noord,AMSTERDAM,307.0,2004.0,A
579,375000.0,80.0,2.0,3.0,0.0,4687.5,L,1069 GZ,1069.0,106,nieuw_west,False,Zuidwestkwadrant-Noord,AMSTERDAM,239.96,2000.0,C
580,550000.0,72.0,2.0,3.0,0.0,7638.888888888889,M,1093 TR,1093.0,109,oost,False,Dapperbuurt-Noord,AMSTERDAM,,1882.0,C
581,425000.0,50.0,1.0,2.0,0.0,8500.0,XS,1051 GX,1051.0,105,west,False,Westerstaatsman,AMSTERDAM,75.0,1907.0,B
583,725000.0,62.0,2.0,3.0,0.0,11693.548387096775,S,1018 HE,1018.0,101,centrum,False,Sarphatistrook,AMSTERDAM,119.0,1809.0,A
584,495000.0,64.0,2.0,3.0,0.0,7734.375,S,1064 AB,1064.0,106,nieuw_west,False,Noordoever Sloterplas,AMSTERDAM,0.0,2024.0,N/A
585,700000.0,106.0,3.0,4.0,2.0,6603.773584905661,XL,1011 MJ,1011.0,101,centrum,False,Valkenburg,AMSTERDAM,194.0,1999.0,A
588,575000.0,44.0,1.0,2.0,0.0,13068.181818181818,XS,1016 PT,1016.0,101,centrum,True,Elandsgrachtbuurt,AMSTERDAM,74.73,1905.0,A
589,399000.0,53.0,1.0,3.0,0.0,7528.301886792453,S,1094 GH,1094.0,109,oost,False,Timorpleinbuurt-Noord,AMSTERDAM,192.89,1913.0,C
590,395000.0,45.0,1.0,2.0,0.0,8777.777777777777,XS,1052 BE,1052.0,105,west,False,De Wittenbuurt-Noord,AMSTERDAM,140.1,1905.0,D
591,385000.0,48.0,2.0,3.0,0.0,8020.833333333333,XS,1055 NS,1055.0,105,west,False,Gibraltarbuurt,AMSTERDAM,166.3,,D
592,500000.0,64.0,1.0,3.0,0.0,7812.5,S,1058 CN,1058.0,105,west,False,Postjeskade e.o.,AMSTERDAM,121.8,1935.0,C
593,785000.0,77.0,2.0,3.0,1.0,10194.805194805194,M,1096 AM,1096.0,109,oost,False,De Omval,AMSTERDAM,,2021.0,A+
594,420000.0,43.0,1.0,2.0,0.0,9767.441860465116,XS,1018 NB,1018.0,101,centrum,False,Oostenburg,AMSTERDAM,,1989.0,C
595,375000.0,56.0,2.0,3.0,0.0,6696.428571428572,S,1066 ML,1066.0,106,nieuw_west,False,Nieuw-Sloten-Noordoost,AMSTERDAM,98.0,1993.0,A
596,549000.0,49.0,1.0,2.0,1.0,11204.081632653062,XS,1012 RS,1012.0,101,centrum,False,Spuistraat-Zuid,AMSTERDAM,215.0,1987.0,C
597,660000.0,69.0,1.0,2.0,0.0,9565.217391304348,M,1018 CA,1018.0,101,centrum,False,Oostenburg,AMSTERDAM,,2021.0,A+++
598,595000.0,67.0,1.0,2.0,1.0,8880.597014925374,M,1031 KN,1031.0,103,noord,False,Overhoeks,AMSTERDAM,,2025.0,A++
599,800000.0,105.0,3.0,4.0,0.0,7619.047619047619,XL,1056 WG,1056.0,105,west,False,Trompbuurt,AMSTERDAM,175.0,1922.0,C
601,500000.0,44.0,1.0,2.0,0.0,11363.636363636364,XS,1076 XN,1076.0,107,zuid,False,Marathonbuurt-Oost,AMSTERDAM,92.23,,B
602,1275000.0,159.0,4.0,6.0,0.0,8018.867924528302,XL,1031 JK,1031.0,103,noord,False,Buiksloterham-Zuid,AMSTERDAM,121.5,2021.0,A+
603,500000.0,75.0,2.0,3.0,0.0,6666.666666666667,M,1091 HL,1091.0,109,oost,False,Oosterparkbuurt-Zuidwest,AMSTERDAM,186.99,1994.0,A
604,450000.0,48.0,1.0,2.0,0.0,9375.0,XS,1018 CA,1018.0,101,centrum,False,Oostenburg,AMSTERDAM,,2021.0,A+++
606,410000.0,62.0,1.0,2.0,0.0,6612.903225806452,S,1102 AK,1102.0,110,zuidoost,False,D-buurt,AMSTERDAM,,2021.0,A++
607,675000.0,77.0,2.0,3.0,0.0,8766.233766233767,M,1076 DK,1076.0,107,zuid,False,Olympisch Stadion e.o.,AMSTERDAM,153.0,1928.0,C
609,419000.0,48.0,1.0,2.0,0.0,8729.166666666666,XS,1056 KA,1056.0,105,west,False,Geuzenhofbuurt,AMSTERDAM,144.0,1935.0,F
610,320000.0,66.0,2.0,3.0,0.0,4848.484848484848,S,1068 ZJ,1068.0,106,nieuw_west,False,Wildeman,AMSTERDAM,189.0,1961.0,F
611,1000000.0,119.0,3.0,5.0,0.0,8403.361344537816,XL,1077 SJ,1077.0,107,zuid,False,Minervabuurt-Zuid,AMSTERDAM,105.0,1931.0,D
612,745000.0,100.0,4.0,5.0,0.0,7450.0,L,1091 XD,1091.0,109,oost,False,Transvaalbuurt-West,AMSTERDAM,,1992.0,A
613,999999.0,139.0,2.0,4.0,1.0,7194.237410071943,XL,1016 EN,1016.0,101,centrum,True,Felix Meritisbuurt,AMSTERDAM,312.5,,A
614,1330000.0,133.0,3.0,4.0,1.0,10000.0,XL,1095 AM,1095.0,109,oost,False,Makassarpleinbuurt,AMSTERDAM,0.0,2021.0,N/A
615,650000.0,90.0,2.0,3.0,1.0,7222.222222222223,L,1094 NV,1094.0,109,oost,False,Ambonpleinbuurt,AMSTERDAM,,2017.0,A
616,450000.0,98.0,3.0,4.0,1.0,4591.836734693878,L,1025 SN,1025.0,102,noord,False,Loenermark,AMSTERDAM,355.0,1976.0,D
617,536000.0,81.0,2.0,3.0,1.0,6617.283950617284,L,1101 DA,1101.0,110,zuidoost,False,Amstel III deel A/B-Noord,AMSTERDAM,,2022.0,N/A
618,510000.0,69.0,2.0,3.0,0.0,7391.304347826087,M,1064 AB,1064.0,106,nieuw_west,False,Noordoever Sloterplas,AMSTERDAM,0.0,2024.0,N/A
619,550000.0,71.0,2.0,3.0,0.0,7746.478873239436,M,1013 RW,1013.0,101,west,False,Spaarndammerbuurt-Zuidwest,AMSTERDAM,190.44,1916.0,D
620,425000.0,45.0,1.0,2.0,0.0,9444.444444444445,XS,1054 WB,1054.0,105,west,False,Cremerbuurt-West,AMSTERDAM,104.0,1905.0,B
621,300000.0,52.0,1.0,2.0,0.0,5769.2307692307695,S,1025 GE,1025.0,102,noord,False,Plan van Gool,AMSTERDAM,107.0,1968.0,B
622,1780000.0,112.0,2.0,3.0,2.0,15892.857142857143,XL,1075 BV,1075.0,107,zuid,False,Willemsparkbuurt-Noord,AMSTERDAM,,1913.0,A
623,535000.0,69.0,2.0,3.0,0.0,7753.623188405797,M,1098 TV,1098.0,109,oost,False,Middenmeer-Zuid,AMSTERDAM,166.0,1955.0,C
624,300000.0,56.0,1.0,2.0,0.0,5357.142857142857,S,1102 XK,1102.0,110,zuidoost,False,Venserpolder-Oost,AMSTERDAM,180.0,1983.0,C
625,950000.0,101.0,2.0,3.0,0.0,9405.940594059406,L,1072 XA,1072.0,107,zuid,False,Frans Halsbuurt,AMSTERDAM,411.92,2014.0,A
626,575000.0,73.0,4.0,5.0,0.0,7876.712328767123,M,1057 HV,1057.0,105,west,False,De Wester Quartier,AMSTERDAM,205.39,1923.0,D
627,499500.0,60.0,2.0,3.0,0.0,8325.0,S,1056 XJ,1056.0,105,west,False,Landlust-Zuid,AMSTERDAM,157.04,1938.0,C
629,875000.0,114.0,3.0,4.0,0.0,7675.438596491228,XL,1079 JB,1079.0,107,zuid,False,Kromme Mijdrechtbuurt,AMSTERDAM,262.0,1936.0,D
630,656000.0,74.0,2.0,3.0,1.0,8864.864864864865,M,1095 AM,1095.0,109,oost,False,Makassarpleinbuurt,AMSTERDAM,0.0,2021.0,N/A
631,575000.0,76.0,2.0,3.0,1.0,7565.789473684211,M,1018 TW,1018.0,101,centrum,False,Plantage,AMSTERDAM,191.25,1990.0,B
632,500000.0,58.0,2.0,3.0,0.0,8620.689655172413,S,1058 KM,1058.0,105,west,False,Legmeerpleinbuurt,AMSTERDAM,153.1,1931.0,C
633,560000.0,59.0,1.0,2.0,1.0,9491.525423728814,S,1031 HX,1031.0,103,noord,False,Buiksloterham-Zuid,AMSTERDAM,,2021.0,A+++
634,330000.0,43.0,1.0,2.0,0.0,7674.418604651163,XS,1074 XM,1074.0,107,zuid,False,Willibrordusbuurt,AMSTERDAM,150.0,1900.0,A
637,672750.0,103.0,2.0,3.0,1.0,6531.553398058252,XL,1101 DA,1101.0,110,zuidoost,False,Amstel III deel A/B-Noord,AMSTERDAM,,2021.0,N/A
638,310000.0,61.0,2.0,3.0,0.0,5081.9672131147545,S,1063 LH,1063.0,106,nieuw_west,False,Jan de Louterbuurt,AMSTERDAM,16991.0,1955.0,E
639,325000.0,36.0,1.0,2.0,0.0,9027.777777777777,XS,1091 JL,1091.0,109,oost,False,Oosterparkbuurt-Zuidwest,AMSTERDAM,,1983.0,C
640,389000.0,83.0,2.0,3.0,0.0,4686.746987951808,L,1103 SH,1103.0,110,zuidoost,False,Grunder/Koningshoef,AMSTERDAM,212.39,2007.0,A
641,865000.0,91.0,2.0,3.0,1.0,9505.494505494506,L,1031 KN,1031.0,103,noord,False,Overhoeks,AMSTERDAM,,2025.0,A+
642,360000.0,70.0,2.0,3.0,0.0,5142.857142857143,M,1069 NK,1069.0,106,nieuw_west,False,Middelveldsche Akerpolder,AMSTERDAM,213.98,1988.0,B
644,435000.0,68.0,1.0,2.0,1.0,6397.058823529412,M,1082 KJ,1082.0,108,zuid,False,Gelderlandpleinbuurt,AMSTERDAM,326.22,,C
645,688000.0,76.0,2.0,3.0,1.0,9052.631578947368,M,1095 AM,1095.0,109,oost,False,Makassarpleinbuurt,AMSTERDAM,0.0,2021.0,N/A
646,495000.0,52.0,2.0,3.0,0.0,9519.23076923077,S,1056 JN,1056.0,105,west,False,Landlust-Zuid,AMSTERDAM,240.0,1939.0,D
647,653000.0,74.0,2.0,3.0,1.0,8824.324324324325,M,1095 AM,1095.0,109,oost,False,Makassarpleinbuurt,AMSTERDAM,0.0,2021.0,N/A
648,695000.0,66.0,1.0,2.0,0.0,10530.30303030303,S,1096 GV,1096.0,109,oost,False,Amstelkwartier-Noord,AMSTERDAM,,2021.0,A+++
650,725000.0,92.0,2.0,4.0,0.0,7880.434782608696,L,1056 SX,1056.0,105,west,False,John Franklinbuurt,AMSTERDAM,157.0,1926.0,C
651,795000.0,101.0,4.0,5.0,0.0,7871.287128712871,L,1051 TT,1051.0,105,west,False,Fannius Scholtenbuurt,AMSTERDAM,160.0,1910.0,C
652,580000.0,94.0,3.0,4.0,1.0,6170.212765957447,L,1066 AA,1066.0,106,nieuw_west,False,Staalmanbuurt,AMSTERDAM,,2015.0,A+
653,650000.0,93.0,2.0,3.0,1.0,6989.247311827957,L,1055 AB,1055.0,105,west,False,Erasmusparkbuurt-West,AMSTERDAM,,2008.0,A
654,699000.0,84.0,2.0,4.0,0.0,8321.42857142857,L,1078 MR,1078.0,107,zuid,False,Scheldebuurt-Midden,AMSTERDAM,280.45,,D
655,1059000.0,90.0,2.0,3.0,0.0,11766.666666666666,L,1017 VX,1017.0,101,centrum,True,Frederikspleinbuurt,AMSTERDAM,181.55,1969.0,A+
656,925000.0,166.0,4.0,12.0,0.0,5572.289156626506,XL,1073 AZ,1073.0,107,zuid,False,Sarphatiparkbuurt,AMSTERDAM,,1878.0,B
657,399000.0,50.0,1.0,2.0,1.0,7980.0,XS,1062 HE,1062.0,106,nieuw_west,False,Schipluidenbuurt,AMSTERDAM,,2026.0,A++++
658,283377.0,30.0,1.0,2.0,1.0,9445.9,XS,1095 PA,1095.0,109,oost,False,Sluisbuurt,AMSTERDAM,,2025.0,N/A
659,550000.0,58.0,1.0,2.0,0.0,9482.758620689656,S,1018 CA,1018.0,101,centrum,False,Oostenburg,AMSTERDAM,,2021.0,A+++
660,595125.0,73.0,3.0,4.0,1.0,8152.397260273972,M,1101 DA,1101.0,110,zuidoost,False,Amstel III deel A/B-Noord,AMSTERDAM,,2021.0,N/A
661,600000.0,68.0,1.0,2.0,0.0,8823.529411764706,M,1096 DE,1096.0,109,oost,False,Weespertrekvaart,AMSTERDAM,,2022.0,A++
662,450000.0,89.0,2.0,3.0,0.0,5056.179775280899,L,1024 VS,1024.0,102,noord,False,Werengouw-Midden,AMSTERDAM,247.0,2003.0,B
664,490000.0,75.0,3.0,5.0,0.0,6533.333333333333,M,1098 SR,1098.0,109,oost,False,Middenmeer-Zuid,AMSTERDAM,180.14,1956.0,G
665,350000.0,74.0,3.0,4.0,0.0,4729.72972972973,M,1106 DK,1106.0,110,zuidoost,False,Gein 1,AMSTERDAM,288.37,1983.0,B
667,325000.0,51.0,1.0,2.0,0.0,6372.549019607844,S,1055 AT,1055.0,105,west,False,Erasmusparkbuurt-West,AMSTERDAM,,1940.0,E
668,690000.0,74.0,2.0,3.0,0.0,9324.324324324325,M,1091 GT,1091.0,109,oost,False,Weesperzijde-Noord,AMSTERDAM,,1910.0,B
671,795000.0,89.0,2.0,3.0,1.0,8932.58426966292,L,1074 EC,1074.0,107,zuid,False,Willibrordusbuurt,AMSTERDAM,244.97,2000.0,A
672,405000.0,56.0,2.0,3.0,0.0,7232.142857142857,S,1024 KV,1024.0,102,noord,False,Markengouw-Zuid,AMSTERDAM,,2026.0,N/A
673,405000.0,58.0,2.0,3.0,0.0,6982.758620689655,S,1024 KV,1024.0,102,noord,False,Markengouw-Zuid,AMSTERDAM,,2026.0,N/A
674,475000.0,48.0,1.0,2.0,0.0,9895.833333333334,XS,1054 VP,1054.0,105,west,False,Cremerbuurt-West,AMSTERDAM,15.0,1910.0,B
675,250000.0,34.0,1.0,2.0,0.0,7352.941176470588,XS,1022 KK,1022.0,102,noord,False,Elzenhagen-Noord,AMSTERDAM,90.0,2009.0,B
676,575000.0,62.0,1.0,3.0,1.0,9274.193548387097,S,1016 TA,1016.0,101,centrum,True,Groenmarktkadebuurt,AMSTERDAM,144.35,1930.0,E
678,675000.0,86.0,2.0,3.0,1.0,7848.837209302325,L,1095 MP,1095.0,109,oost,False,Sportheldenbuurt,AMSTERDAM,245.18,2021.0,A+
679,500000.0,58.0,2.0,3.0,0.0,8620.689655172413,S,1056 XH,1056.0,105,west,False,Landlust-Zuid,AMSTERDAM,80.0,1938.0,B
680,540000.0,92.0,2.0,3.0,1.0,5869.565217391304,L,1066 GJ,1066.0,106,nieuw_west,False,Park Haagseweg,AMSTERDAM,206.51,1999.0,A
682,795000.0,87.0,3.0,4.0,1.0,9137.931034482759,L,1031 KN,1031.0,103,noord,False,Overhoeks,AMSTERDAM,,2025.0,A+
684,950000.0,98.0,2.0,3.0,0.0,9693.877551020409,L,1012 JD,1012.0,101,centrum,False,Kop Zeedijk,AMSTERDAM,,1740.0,N/A
685,429500.0,56.0,1.0,2.0,0.0,7669.642857142857,S,1101 BA,1101.0,110,zuidoost,False,Amstel III deel A/B-Noord,AMSTERDAM,,2025.0,A+
686,1185000.0,127.0,4.0,5.0,0.0,9330.708661417322,XL,1053 SE,1053.0,105,west,False,Lootsbuurt,AMSTERDAM,150.0,1914.0,A
687,750000.0,91.0,2.0,3.0,0.0,8241.758241758242,L,1051 VR,1051.0,105,west,False,Westerstaatsman,AMSTERDAM,195.68,1915.0,C
688,695000.0,106.0,3.0,4.0,1.0,6556.603773584906,XL,1082 JV,1082.0,108,zuid,False,Gelderlandpleinbuurt,AMSTERDAM,,1963.0,E
689,950000.0,104.0,2.0,3.0,1.0,9134.615384615385,XL,1082 ME,1082.0,108,zuid,False,Zuidas-Zuid,AMSTERDAM,559.49,,A+
691,450000.0,55.0,2.0,3.0,0.0,8181.818181818182,S,1076 LN,1076.0,107,zuid,False,Van Tuyllbuurt,AMSTERDAM,,1930.0,D
692,749000.0,88.0,2.0,4.0,0.0,8511.363636363636,L,1051 GW,1051.0,105,west,False,Westerstaatsman,AMSTERDAM,,1905.0,A
693,1300000.0,145.0,4.0,5.0,0.0,8965.51724137931,XL,1078 JP,1078.0,107,zuid,False,Scheldebuurt-West,AMSTERDAM,166.93,1928.0,A
694,646000.0,74.0,2.0,3.0,1.0,8729.72972972973,M,1095 AM,1095.0,109,oost,False,Makassarpleinbuurt,AMSTERDAM,0.0,2021.0,N/A
695,375000.0,36.0,1.0,2.0,0.0,10416.666666666666,XS,1072 VN,1072.0,107,zuid,False,Gerard Doubuurt,AMSTERDAM,145.0,1875.0,D
696,640000.0,68.0,2.0,3.0,1.0,9411.764705882353,M,1031 KN,1031.0,103,noord,False,Overhoeks,AMSTERDAM,,2025.0,N/A
697,399000.0,46.0,1.0,2.0,1.0,8673.91304347826,XS,1011 LM,1011.0,101,centrum,False,Uilenburg,AMSTERDAM,223.0,1600.0,C
698,283377.0,31.0,1.0,2.0,1.0,9141.193548387097,XS,1095 PA,1095.0,109,oost,False,Sluisbuurt,AMSTERDAM,,2025.0,N/A
699,495000.0,69.0,3.0,4.0,0.0,7173.913043478261,M,1091 NB,1091.0,109,oost,False,Transvaalbuurt-West,AMSTERDAM,149.0,1925.0,D
701,405000.0,50.0,1.0,3.0,0.0,8100.0,XS,1033 SM,1033.0,103,noord,False,NDSM terrein,AMSTERDAM,,2021.0,A++
704,698000.0,108.0,3.0,5.0,2.0,6462.962962962963,XL,1019 HZ,1019.0,101,oost,False,Rietlanden,AMSTERDAM,213.82,2002.0,A+
705,895000.0,98.0,2.0,3.0,0.0,9132.65306122449,L,1015 SP,1015.0,101,centrum,True,Bloemgrachtbuurt,AMSTERDAM,294.0,1905.0,C
706,1500000.0,206.0,3.0,6.0,1.0,7281.553398058252,XL,1078 HK,1078.0,107,zuid,False,Scheldebuurt-West,AMSTERDAM,183.0,1928.0,C
707,405000.0,58.0,2.0,3.0,0.0,6982.758620689655,S,1024 KV,1024.0,102,noord,False,Markengouw-Zuid,AMSTERDAM,,2026.0,N/A
709,650000.0,92.0,2.0,4.0,1.0,7065.217391304348,L,1043 EG,1043.0,104,nieuw_west,False,Sloterdijk Stationskwartier,AMSTERDAM,294.18,2024.0,A+
710,595000.0,60.0,2.0,4.0,0.0,9916.666666666666,S,1018 PM,1018.0,101,centrum,False,Oostenburg,AMSTERDAM,163.42,2021.0,A+++
711,980000.0,112.0,3.0,4.0,1.0,8750.0,XL,1014 ZB,1014.0,101,west,False,Houthavens-West,AMSTERDAM,212.0,2018.0,N/A
712,500000.0,68.0,2.0,3.0,1.0,7352.941176470588,M,1062 HE,1062.0,106,nieuw_west,False,Schipluidenbuurt,AMSTERDAM,141.0,2018.0,A
713,400000.0,73.0,2.0,3.0,0.0,5479.45205479452,M,1102 MZ,1102.0,110,zuidoost,False,D-buurt,AMSTERDAM,,2012.0,A+
714,499000.0,85.0,3.0,4.0,0.0,5870.588235294118,L,1082 CW,1082.0,108,zuid,False,Buitenveldert-Zuid-Midden,AMSTERDAM,161.84,1963.0,F
715,405000.0,56.0,2.0,3.0,0.0,7232.142857142857,S,1024 KV,1024.0,102,noord,False,Markengouw-Zuid,AMSTERDAM,,2026.0,N/A
716,604000.0,96.0,2.0,3.0,1.0,6291.666666666667,L,1102 SG,1102.0,110,zuidoost,False,Vogeltjeswei,AMSTERDAM,,2025.0,N/A
717,300000.0,83.0,3.0,5.0,0.0,3614.4578313253014,L,1107 JR,1107.0,110,zuidoost,False,Reigersbos 2,AMSTERDAM,216.35,,B
720,475000.0,50.0,1.0,2.0,0.0,9500.0,XS,1073 BR,1073.0,107,zuid,False,Sarphatiparkbuurt,AMSTERDAM,109.9,1891.0,A
722,650000.0,122.0,3.0,4.0,0.0,5327.868852459016,XL,1069 LK,1069.0,106,nieuw_west,False,Zuidwestkwadrant-Noord,AMSTERDAM,262.5,2007.0,A
723,610000.0,70.0,2.0,3.0,0.0,8714.285714285714,M,1096 DS,1096.0,109,oost,False,Weespertrekvaart,AMSTERDAM,,2021.0,N/A
724,285000.0,53.0,1.0,2.0,1.0,5377.358490566037,S,1103 LS,1103.0,110,zuidoost,False,G-buurt-Oost,AMSTERDAM,153.75,1975.0,N/A
726,502000.0,79.0,2.0,3.0,1.0,6354.430379746836,M,1101 DA,1101.0,110,zuidoost,False,Amstel III deel A/B-Noord,AMSTERDAM,,2022.0,N/A
727,575000.0,82.0,3.0,4.0,0.0,7012.195121951219,L,1076 AT,1076.0,107,zuid,False,Prinses Irenebuurt,AMSTERDAM,465.58,1967.0,C
728,295000.0,53.0,1.0,2.0,0.0,5566.037735849057,S,1102 TT,1102.0,110,zuidoost,False,Venserpolder-West,AMSTERDAM,114.76,1984.0,B
731,495000.0,69.0,3.0,4.0,0.0,7173.913043478261,M,1024 KV,1024.0,102,noord,False,Markengouw-Zuid,AMSTERDAM,,2026.0,N/A
732,485000.0,64.0,2.0,4.0,0.0,7578.125,S,1052 RL,1052.0,105,west,False,Bellamybuurt-Noord,AMSTERDAM,134.0,1931.0,A
733,475000.0,50.0,2.0,3.0,0.0,9500.0,XS,1056 RD,1056.0,105,west,False,Robert Scottbuurt-Oost,AMSTERDAM,83.0,1932.0,A
735,395000.0,50.0,1.0,2.0,1.0,7900.0,XS,1062 HE,1062.0,106,nieuw_west,False,Schipluidenbuurt,AMSTERDAM,,2026.0,A++++
736,538750.0,67.0,1.0,2.0,1.0,8041.044776119403,M,1061 AV,1061.0,106,nieuw_west,False,Overtoomse Veld-Noord,AMSTERDAM,,2027.0,A+++
737,495000.0,66.0,3.0,4.0,0.0,7500.0,S,1051 JR,1051.0,105,west,False,Westerstaatsman,AMSTERDAM,106.08,1915.0,F
738,509000.0,95.0,2.0,3.0,1.0,5357.894736842105,L,1069 KD,1069.0,106,nieuw_west,False,Zuidwestkwadrant-Zuid,AMSTERDAM,203.0,2009.0,A
740,450000.0,54.0,1.0,2.0,0.0,8333.333333333334,S,1058 KJ,1058.0,105,west,False,Westlandgrachtbuurt,AMSTERDAM,124.25,1930.0,N/A
741,850000.0,88.0,2.0,4.0,0.0,9659.09090909091,L,1016 GC,1016.0,101,centrum,True,Leidsegracht-Noord,AMSTERDAM,180.0,1881.0,N/A
742,575000.0,83.0,3.0,4.0,0.0,6927.710843373494,L,1055 RM,1055.0,105,west,False,Landlust-Noord,AMSTERDAM,112.0,1934.0,C
743,487000.0,71.0,2.0,3.0,1.0,6859.154929577465,M,1101 DA,1101.0,110,zuidoost,False,Amstel III deel A/B-Noord,AMSTERDAM,,2022.0,N/A
744,603000.0,93.0,2.0,3.0,1.0,6483.870967741936,L,1101 DA,1101.0,110,zuidoost,False,Amstel III deel A/B-Noord,AMSTERDAM,,2022.0,N/A
745,900000.0,104.0,2.0,3.0,1.0,8653.846153846154,XL,1031 KA,1031.0,103,noord,False,Overhoeks,AMSTERDAM,185.73,2021.0,A++
746,642000.0,83.0,2.0,3.0,0.0,7734.939759036145,L,1064 AB,1064.0,106,nieuw_west,False,Noordoever Sloterplas,AMSTERDAM,,2024.0,N/A
747,755000.0,77.0,2.0,3.0,1.0,9805.194805194806,M,1096 AM,1096.0,109,oost,False,De Omval,AMSTERDAM,,2021.0,A+
749,550000.0,48.0,1.0,2.0,1.0,11458.333333333334,XS,1096 AM,1096.0,109,oost,False,De Omval,AMSTERDAM,,2021.0,A+
750,300000.0,31.0,1.0,2.0,0.0,9677.41935483871,XS,1015 VT,1015.0,101,centrum,True,Marnixbuurt-Noord,AMSTERDAM,80.44,1872.0,C
751,895000.0,83.0,2.0,3.0,0.0,10783.132530120482,L,1017 ZT,1017.0,101,centrum,True,Frederikspleinbuurt,AMSTERDAM,100.0,1905.0,A+
752,680000.0,71.0,2.0,3.0,0.0,9577.464788732394,M,1018 CA,1018.0,101,centrum,False,Oostenburg,AMSTERDAM,0.0,2021.0,A+++
753,475000.0,33.0,1.0,2.0,0.0,14393.939393939394,XS,1015 SN,1015.0,101,centrum,True,Bloemgrachtbuurt,AMSTERDAM,120.0,1869.0,A+
754,349500.0,77.0,2.0,3.0,0.0,4538.961038961039,M,1108 DK,1108.0,110,zuidoost,False,L-buurt,AMSTERDAM,307.57,1980.0,C
755,550000.0,68.0,2.0,4.0,0.0,8088.235294117647,M,1058 XH,1058.0,105,west,False,Paramariboplein e.o.,AMSTERDAM,144.89,1931.0,C
756,525000.0,91.0,2.0,4.0,0.0,5769.2307692307695,L,1102 AK,1102.0,110,zuidoost,False,D-buurt,AMSTERDAM,,2021.0,A+
757,425000.0,45.0,1.0,2.0,0.0,9444.444444444445,XS,1012 EV,1012.0,101,centrum,False,Burgwallen-Oost,AMSTERDAM,,1769.0,B
758,650000.0,91.0,3.0,4.0,1.0,7142.857142857143,L,1055 AK,1055.0,105,west,False,Erasmusparkbuurt-West,AMSTERDAM,,2008.0,A
759,290000.0,61.0,2.0,3.0,1.0,4754.098360655737,S,1069 TS,1069.0,106,nieuw_west,False,Dijkgraafpleinbuurt,AMSTERDAM,184.0,1966.0,D
760,1160000.0,123.0,4.0,5.0,0.0,9430.894308943089,XL,1077 RT,1077.0,107,zuid,False,Minervabuurt-Midden,AMSTERDAM,117.5,1931.0,E
761,665000.0,75.0,3.0,4.0,0.0,8866.666666666666,M,1091 BE,1091.0,109,oost,False,Oosterparkbuurt-Noordwest,AMSTERDAM,,1903.0,A
762,660000.0,106.0,3.0,4.0,1.0,6226.415094339623,XL,1025 WK,1025.0,102,noord,False,Elzenhagen-Zuid,AMSTERDAM,,2027.0,A+++
764,795000.0,109.0,2.0,3.0,1.0,7293.577981651376,XL,1019 VR,1019.0,101,oost,False,Cruquiusbuurt,AMSTERDAM,,2021.0,A++
765,335779.0,39.0,1.0,2.0,0.0,8609.71794871795,XS,1064 AB,1064.0,106,nieuw_west,False,Noordoever Sloterplas,AMSTERDAM,,2027.0,A++
766,695000.0,72.0,2.0,3.0,1.0,9652.777777777777,M,1053 GV,1053.0,105,west,False,Borgerbuurt,AMSTERDAM,209.0,1989.0,A
767,375000.0,41.0,1.0,2.0,0.0,9146.341463414634,XS,1013 LZ,1013.0,101,west,False,Westelijke eilanden,AMSTERDAM,,1943.0,D
768,260000.0,27.0,1.0,2.0,0.0,9629.62962962963,XS,1073 BR,1073.0,107,zuid,False,Sarphatiparkbuurt,AMSTERDAM,33.0,1900.0,D
769,750000.0,83.0,2.0,3.0,0.0,9036.144578313253,L,1056 PN,1056.0,105,west,False,Robert Scottbuurt-Oost,AMSTERDAM,,1932.0,A
770,675000.0,86.0,2.0,3.0,0.0,7848.837209302325,L,1055 LS,1055.0,105,west,False,Erasmusparkbuurt-Oost,AMSTERDAM,120.0,1912.0,C
771,400000.0,109.0,5.0,6.0,1.0,3669.7247706422017,XL,1104 TS,1104.0,110,zuidoost,False,Bijlmermuseum-Zuid,AMSTERDAM,233.9,1970.0,A
772,499000.0,56.0,1.0,2.0,0.0,8910.714285714286,S,1011 LA,1011.0,101,centrum,False,Lastage,AMSTERDAM,168.0,1685.0,C
773,650000.0,73.0,2.0,3.0,0.0,8904.109589041096,M,1054 JC,1054.0,105,west,False,WG-terrein,AMSTERDAM,174.0,1904.0,B
774,585000.0,120.0,3.0,4.0,1.0,4875.0,XL,1068 ZZ,1068.0,106,nieuw_west,False,Meer en Oever,AMSTERDAM,,2009.0,A
776,875000.0,147.0,3.0,5.0,0.0,5952.380952380952,XL,1043 CP,1043.0,104,nieuw_west,False,Sloterdijk Stationskwartier,AMSTERDAM,465.33,2023.0,A++
777,695000.0,97.0,3.0,4.0,0.0,7164.948453608247,L,1094 NW,1094.0,109,oost,False,Timorpleinbuurt-Zuid,AMSTERDAM,222.4,2015.0,A+
778,425000.0,97.0,2.0,3.0,1.0,4381.443298969072,L,1069 RE,1069.0,106,nieuw_west,False,Zuidwestkwadrant-Zuid,AMSTERDAM,,2003.0,A
779,585000.0,77.0,2.0,3.0,0.0,7597.402597402597,M,1013 NN,1013.0,101,west,False,Zeeheldenbuurt,AMSTERDAM,130.0,1881.0,A
780,590000.0,68.0,2.0,3.0,1.0,8676.470588235294,M,1016 NX,1016.0,101,centrum,True,Elandsgrachtbuurt,AMSTERDAM,231.0,2010.0,A
781,450000.0,84.0,2.0,3.0,0.0,5357.142857142857,L,1067 DZ,1067.0,106,nieuw_west,False,Ruys de Beerenbrouckbuurt,AMSTERDAM,149.0,2003.0,B
782,405000.0,58.0,2.0,3.0,0.0,6982.758620689655,S,1024 KV,1024.0,102,noord,False,Markengouw-Zuid,AMSTERDAM,,2026.0,N/A
783,425000.0,53.0,2.0,3.0,0.0,8018.867924528302,S,1073 HX,1073.0,107,zuid,False,BurgemeesterTellegenbuurt-West,AMSTERDAM,108.38,1924.0,D
784,865000.0,116.0,3.0,4.0,0.0,7456.896551724138,XL,1077 KM,1077.0,107,zuid,False,Prinses Irenebuurt,AMSTERDAM,291.83,1955.0,N/A
785,650000.0,69.0,2.0,3.0,0.0,9420.289855072464,M,1018 CA,1018.0,101,centrum,False,Oostenburg,AMSTERDAM,,2021.0,A+++
786,425000.0,55.0,1.0,2.0,0.0,7727.272727272727,S,1075 TX,1075.0,107,zuid,False,Schinkelbuurt-Noord,AMSTERDAM,110.0,1884.0,E
788,400000.0,49.0,2.0,3.0,0.0,8163.265306122449,XS,1055 DE,1055.0,105,west,False,Erasmusparkbuurt-West,AMSTERDAM,,1940.0,C
790,425000.0,48.0,1.0,2.0,1.0,8854.166666666666,XS,1019 XP,1019.0,101,oost,False,Cruquiusbuurt,AMSTERDAM,,2023.0,A+++
791,365000.0,84.0,3.0,4.0,0.0,4345.238095238095,L,1107 GR,1107.0,110,zuidoost,False,Reigersbos 2,AMSTERDAM,195.68,1982.0,A
794,770000.0,127.0,3.0,4.0,1.0,6062.992125984252,XL,1025 WK,1025.0,102,noord,False,Elzenhagen-Zuid,AMSTERDAM,,2027.0,A++
796,385000.0,71.0,2.0,3.0,0.0,5422.5352112676055,M,1068 SH,1068.0,106,nieuw_west,False,Osdorp-Zuidoost,AMSTERDAM,172.54,1985.0,B
797,283377.0,31.0,1.0,2.0,1.0,9141.193548387097,XS,1095 PA,1095.0,109,oost,False,Sluisbuurt,AMSTERDAM,,2025.0,N/A
798,950000.0,106.0,4.0,5.0,0.0,8962.264150943396,XL,1059 VP,1059.0,105,west,False,Aalsmeerwegbuurt-Oost,AMSTERDAM,114.0,1929.0,E
799,1300000.0,139.0,3.0,5.0,1.0,9352.51798561151,XL,1096 AM,1096.0,109,oost,False,De Omval,AMSTERDAM,,2021.0,A+
801,590000.0,75.0,2.0,4.0,0.0,7866.666666666667,M,1055 MA,1055.0,105,west,False,Bosleeuw,AMSTERDAM,203.0,1922.0,A
802,400000.0,38.0,1.0,2.0,0.0,10526.315789473685,XS,1053 LK,1053.0,105,west,False,Da Costabuurt-Noord,AMSTERDAM,,1900.0,A+
803,1275000.0,174.0,3.0,4.0,1.0,7327.586206896552,XL,1082 ME,1082.0,108,zuid,False,Zuidas-Zuid,AMSTERDAM,866.0,2008.0,A+
805,690000.0,83.0,2.0,3.0,0.0,8313.253012048193,L,1052 EZ,1052.0,105,west,False,Frederik Hendrikbuurt-Noord,AMSTERDAM,,1897.0,D
806,445000.0,55.0,1.0,2.0,0.0,8090.909090909091,S,1078 CL,1078.0,107,zuid,False,IJselbuurt-West,AMSTERDAM,230.0,1926.0,E
808,750000.0,79.0,2.0,3.0,0.0,9493.67088607595,M,1018 CA,1018.0,101,centrum,False,Oostenburg,AMSTERDAM,,2021.0,A+++
809,395000.0,77.0,2.0,3.0,1.0,5129.87012987013,M,1064 AG,1064.0,106,nieuw_west,False,Noordoever Sloterplas,AMSTERDAM,,1957.0,C
810,295000.0,34.0,1.0,2.0,1.0,8676.470588235294,XS,1083 EK,1083.0,108,zuid,False,Buitenveldert-Zuidoost,AMSTERDAM,,1967.0,B
811,495000.0,47.0,2.0,3.0,0.0,10531.91489361702,XS,1054 WC,1054.0,105,west,False,Cremerbuurt-West,AMSTERDAM,111.0,,A
813,845000.0,111.0,2.0,5.0,0.0,7612.612612612613,XL,1013 BR,1013.0,101,west,False,Westerdokseiland,AMSTERDAM,344.97,2008.0,A+
814,625000.0,86.0,3.0,4.0,0.0,7267.441860465116,L,1073 RN,1073.0,107,zuid,False,Burgemeester Tellegenbuurt-Oost,AMSTERDAM,180.74,1923.0,D
815,550000.0,65.0,2.0,3.0,0.0,8461.538461538461,S,1053 TT,1053.0,105,west,False,Bellamybuurt-Noord,AMSTERDAM,,1905.0,B
816,483000.0,71.0,2.0,3.0,1.0,6802.816901408451,M,1101 DA,1101.0,110,zuidoost,False,Amstel III deel A/B-Noord,AMSTERDAM,,2022.0,N/A
817,425000.0,50.0,2.0,3.0,0.0,8500.0,XS,1055 BG,1055.0,105,west,False,Erasmusparkbuurt-West,AMSTERDAM,148.84,1940.0,E
819,415000.0,58.0,2.0,3.0,0.0,7155.172413793103,S,1024 KV,1024.0,102,noord,False,Markengouw-Zuid,AMSTERDAM,,2026.0,N/A
820,650000.0,60.0,1.0,1.0,1.0,10833.333333333334,S,1096 GV,1096.0,109,oost,False,Amstelkwartier-Noord,AMSTERDAM,,2022.0,A+++
821,425000.0,51.0,1.0,2.0,0.0,8333.333333333334,S,1018 PZ,1018.0,101,centrum,False,Czaar Peterbuurt,AMSTERDAM,134.77,1884.0,A
822,1250000.0,126.0,2.0,3.0,0.0,9920.63492063492,XL,1015 CR,1015.0,101,centrum,True,Langestraat e.o.,AMSTERDAM,380.42,1993.0,A
823,375000.0,37.0,1.0,2.0,0.0,10135.135135135135,XS,1051 KA,1051.0,105,west,False,Westerstaatsman,AMSTERDAM,97.0,1915.0,C
824,550000.0,63.0,2.0,3.0,0.0,8730.15873015873,S,1079 GT,1079.0,107,zuid,False,Scheldebuurt-Oost,AMSTERDAM,125.0,1940.0,D
825,365000.0,58.0,1.0,2.0,1.0,6293.103448275862,S,1087 VA,1087.0,108,oost,False,Centrumeiland,AMSTERDAM,,2026.0,A++
826,850000.0,84.0,3.0,4.0,0.0,10119.047619047618,L,1017 HW,1017.0,101,centrum,True,Amstelveldbuurt,AMSTERDAM,50.0,1938.0,C
827,475000.0,90.0,2.0,3.0,1.0,5277.777777777777,L,1068 GL,1068.0,106,nieuw_west,False,Osdorpplein e.o.,AMSTERDAM,190.2,2002.0,N/A
828,998000.0,117.0,3.0,4.0,1.0,8529.91452991453,XL,1095 AM,1095.0,109,oost,False,Makassarpleinbuurt,AMSTERDAM,0.0,2021.0,N/A
830,707500.0,83.0,2.0,3.0,0.0,8524.096385542169,L,1096 DS,1096.0,109,oost,False,Weespertrekvaart,AMSTERDAM,,2024.0,N/A
831,1195000.0,156.0,3.0,4.0,0.0,7660.25641025641,XL,1052 CZ,1052.0,105,west,False,Frederik Hendrikbuurt-Zuidoost,AMSTERDAM,166.67,1881.0,D
833,700000.0,82.0,2.0,3.0,0.0,8536.585365853658,L,1057 GE,1057.0,105,west,False,Filips van Almondekwartier,AMSTERDAM,235.88,2011.0,A
834,299000.0,58.0,2.0,3.0,0.0,5155.172413793103,S,1102 XH,1102.0,110,zuidoost,False,Venserpolder-Oost,AMSTERDAM,,1983.0,C
835,500000.0,65.0,1.0,2.0,0.0,7692.307692307692,S,1016 KD,1016.0,101,centrum,True,Bloemgrachtbuurt,AMSTERDAM,,1855.0,D
836,1149000.0,129.0,3.0,4.0,1.0,8906.976744186046,XL,1014 ZK,1014.0,101,west,False,Houthavens-West,AMSTERDAM,315.24,2023.0,A+
837,595000.0,95.0,2.0,3.0,0.0,6263.1578947368425,L,1098 LK,1098.0,109,oost,False,Middenmeer-Zuid,AMSTERDAM,143.36,1958.0,B
838,295000.0,29.0,1.0,1.0,0.0,10172.413793103447,XS,1095 HC,1095.0,109,oost,False,Sumatraplantsoenbuurt,AMSTERDAM,89.89,1983.0,C
839,350000.0,34.0,1.0,2.0,0.0,10294.117647058823,XS,1072 TV,1072.0,107,zuid,False,Hercules Seghersbuurt,AMSTERDAM,38.0,1910.0,C
840,400000.0,45.0,1.0,2.0,0.0,8888.888888888889,XS,1053 NT,1053.0,105,west,False,Lootsbuurt,AMSTERDAM,128.0,1911.0,C
841,549000.0,96.0,2.0,3.0,1.0,5718.75,L,1069 LW,1069.0,106,nieuw_west,False,De Aker-West,AMSTERDAM,,2002.0,N/A
843,950000.0,79.0,2.0,3.0,1.0,12025.316455696202,M,1031 HX,1031.0,103,noord,False,Buiksloterham-Zuid,AMSTERDAM,,2021.0,A+++
844,475000.0,51.0,2.0,3.0,0.0,9313.725490196079,S,1057 PW,1057.0,105,west,False,Orteliusbuurt-Zuid,AMSTERDAM,150.0,,E
845,275000.0,38.0,1.0,1.0,1.0,7236.8421052631575,XS,1055 RD,1055.0,105,west,False,Bedrijventerrein Landlust,AMSTERDAM,152.25,1959.0,D
846,615000.0,102.0,3.0,4.0,1.0,6029.411764705882,L,1025 WK,1025.0,102,noord,False,Elzenhagen-Zuid,AMSTERDAM,,2027.0,A+++
848,2250000.0,258.0,5.0,7.0,2.5,8720.93023255814,XL,1014 ZG,1014.0,101,west,False,Houthavens-West,AMSTERDAM,519.45,2020.0,A+++
851,547000.0,81.0,2.0,3.0,1.0,6753.086419753086,L,1101 DA,1101.0,110,zuidoost,False,Amstel III deel A/B-Noord,AMSTERDAM,,2022.0,N/A
852,750000.0,133.0,4.0,5.0,2.0,5639.097744360903,XL,1087 LG,1087.0,108,oost,False,Theo van Goghparkbuurt,AMSTERDAM,,2010.0,A
853,500000.0,68.0,1.0,2.0,1.0,7352.941176470588,M,1052 KC,1052.0,105,west,False,Frederik Hendrikbuurt-Zuidoost,AMSTERDAM,170.99,2006.0,A
854,1000000.0,157.0,3.0,4.0,1.0,6369.426751592357,XL,1086 VA,1086.0,108,oost,False,Water,AMSTERDAM,455.0,2022.0,A++++
855,1850000.0,195.0,4.0,5.0,1.0,9487.179487179486,XL,1054 BR,1054.0,105,west,False,WG-terrein,AMSTERDAM,593.99,2011.0,A
856,780000.0,86.0,2.0,3.0,1.0,9069.767441860466,L,1031 KN,1031.0,103,noord,False,Overhoeks,AMSTERDAM,,2025.0,A++
858,389000.0,31.0,1.0,2.0,0.0,12548.387096774193,XS,1052 AA,1052.0,105,west,False,De Wittenbuurt-Noord,AMSTERDAM,75.46,1884.0,A
860,900000.0,87.0,2.0,3.0,1.0,10344.827586206897,L,1016 NX,1016.0,101,centrum,True,Elandsgrachtbuurt,AMSTERDAM,,1902.0,A
861,480000.0,64.0,2.0,3.0,0.0,7500.0,S,1064 AB,1064.0,106,nieuw_west,False,Noordoever Sloterplas,AMSTERDAM,,2024.0,N/A
862,696250.0,96.0,2.0,3.0,1.0,7252.604166666667,L,1061 AV,1061.0,106,nieuw_west,False,Overtoomse Veld-Noord,AMSTERDAM,,2027.0,A+++
863,1250000.0,142.0,3.0,4.0,0.0,8802.81690140845,XL,1093 EG,1093.0,109,oost,False,Dapperbuurt-Zuid,AMSTERDAM,,1894.0,A
864,689000.0,120.0,3.0,4.0,1.0,5741.666666666667,XL,1087 VH,1087.0,108,oost,False,Centrumeiland,AMSTERDAM,250.9,2023.0,A+++
866,385000.0,48.0,1.0,2.0,0.0,8020.833333333333,XS,1015 NR,1015.0,101,centrum,True,Anjeliersbuurt-Zuid,AMSTERDAM,142.28,1983.0,A
867,515000.0,78.0,2.0,3.0,1.0,6602.5641025641025,M,1025 WK,1025.0,102,noord,False,Elzenhagen-Zuid,AMSTERDAM,,2027.0,A+++
869,1545000.0,120.0,3.0,4.0,0.0,12875.0,XL,1054 LX,1054.0,105,west,False,Vondelparkbuurt-West,AMSTERDAM,304.24,1924.0,C
871,715000.0,72.0,2.0,3.0,0.0,9930.555555555555,M,1018 CA,1018.0,101,centrum,False,Oostenburg,AMSTERDAM,0.0,2021.0,A+++
872,550000.0,64.0,2.0,3.0,0.0,8593.75,S,1056 BS,1056.0,105,west,False,John Franklinbuurt,AMSTERDAM,120.0,1932.0,C
873,2350000.0,183.0,1.0,4.0,1.0,12841.530054644809,XL,1071 CH,1071.0,107,zuid,False,Concertgebouwbuurt,AMSTERDAM,1044.0,1991.0,B
874,1100000.0,81.0,2.0,3.0,2.0,13580.246913580248,L,1074 BJ,1074.0,107,zuid,False,Hemonybuurt,AMSTERDAM,,1882.0,A++
875,375000.0,93.0,3.0,4.0,1.0,4032.2580645161293,L,1108 HC,1108.0,110,zuidoost,False,L-buurt,AMSTERDAM,,1980.0,A
876,620000.0,60.0,1.0,2.0,1.0,10333.333333333334,S,1096 AM,1096.0,109,oost,False,De Omval,AMSTERDAM,,2021.0,A+
877,380000.0,99.0,3.0,4.0,1.0,3838.3838383838383,L,1108 CC,1108.0,110,zuidoost,False,L-buurt,AMSTERDAM,310.63,1979.0,B
878,460000.0,45.0,1.0,2.0,0.0,10222.222222222223,XS,1015 LB,1015.0,101,centrum,True,Anjeliersbuurt-Noord,AMSTERDAM,110.0,1887.0,B
879,680000.0,73.0,2.0,3.0,0.0,9315.068493150686,M,1054 ZP,1054.0,105,west,False,Cremerbuurt-West,AMSTERDAM,193.69,1905.0,C
880,381000.0,43.0,1.0,2.0,1.0,8860.46511627907,XS,1032 KN,1032.0,103,noord,False,Klaprozenbuurt,AMSTERDAM,,2025.0,A+++
881,575000.0,73.0,2.0,3.0,0.0,7876.712328767123,M,1055 KH,1055.0,105,west,False,Bosleeuw,AMSTERDAM,220.07,1912.0,B
882,525000.0,69.0,1.0,2.0,0.0,7608.695652173913,M,1052 HJ,1052.0,105,west,False,Frederik Hendrikbuurt-Noord,AMSTERDAM,123.0,1987.0,C
883,507000.0,70.0,2.0,3.0,0.0,7242.857142857143,M,1064 AB,1064.0,106,nieuw_west,False,Noordoever Sloterplas,AMSTERDAM,0.0,2024.0,N/A
884,575000.0,77.0,2.0,3.0,0.0,7467.532467532467,M,1055 AJ,1055.0,105,west,False,Erasmusparkbuurt-West,AMSTERDAM,,1940.0,A
885,2980000.0,195.0,3.0,4.0,1.0,15282.051282051281,XL,1075 BV,1075.0,107,zuid,False,Willemsparkbuurt-Noord,AMSTERDAM,,1913.0,C
886,526000.0,95.0,4.0,5.0,0.0,5536.8421052631575,L,1103 TC,1103.0,110,zuidoost,False,G-buurt-West,AMSTERDAM,200.0,1997.0,C
887,550000.0,52.0,2.0,3.0,0.0,10576.923076923076,S,1072 JW,1072.0,107,zuid,False,Cornelis Troostbuurt,AMSTERDAM,,1922.0,A
889,440000.0,50.0,2.0,3.0,0.0,8800.0,XS,1079 EK,1079.0,107,zuid,False,Kromme Mijdrechtbuurt,AMSTERDAM,,1928.0,C
890,425000.0,46.0,1.0,2.0,0.0,9239.130434782608,XS,1091 AG,1091.0,109,oost,False,Oosterparkbuurt-Noordwest,AMSTERDAM,75.0,1905.0,D
891,875000.0,110.0,1.0,2.0,1.0,7954.545454545455,XL,1016 DR,1016.0,101,centrum,True,Leliegracht e.o.,AMSTERDAM,,1875.0,N/A
892,390000.0,50.0,1.0,2.0,1.0,7800.0,XS,1062 HE,1062.0,106,nieuw_west,False,Schipluidenbuurt,AMSTERDAM,,2026.0,A++++
893,279908.0,42.0,1.0,2.0,1.0,6664.476190476191,XS,1032 KW,1032.0,103,noord,False,Klaprozenbuurt,AMSTERDAM,,2025.0,N/A
895,283377.0,30.0,1.0,2.0,1.0,9445.9,XS,1095 PA,1095.0,109,oost,False,Sluisbuurt,AMSTERDAM,,2025.0,N/A
896,499000.0,60.0,2.0,3.0,0.0,8316.666666666666,S,1094 EM,1094.0,109,oost,False,Timorpleinbuurt-Noord,AMSTERDAM,248.23,1905.0,C
897,235000.0,30.0,1.0,1.0,1.0,7833.333333333333,XS,1055 AA,1055.0,105,west,False,Robert Scottbuurt-West,AMSTERDAM,104.34,1960.0,C
898,500000.0,64.0,1.0,2.0,0.0,7812.5,S,1074 CT,1074.0,107,zuid,False,Hemonybuurt,AMSTERDAM,87.84,1883.0,D
899,625000.0,95.0,3.0,4.0,0.0,6578.9473684210525,L,1098 EP,1098.0,109,oost,False,Middenmeer-Zuid,AMSTERDAM,108.0,1929.0,E
900,595000.0,70.0,2.0,4.0,0.0,8500.0,M,1057 HP,1057.0,105,west,False,De Wester Quartier,AMSTERDAM,192.81,1923.0,C
902,310000.0,72.0,2.0,3.0,0.0,4305.555555555556,M,1102 XX,1102.0,110,zuidoost,False,Venserpolder-Oost,AMSTERDAM,259.55,1983.0,B
903,365000.0,42.0,1.0,2.0,0.0,8690.47619047619,XS,1093 GB,1093.0,109,oost,False,Dapperbuurt-Noord,AMSTERDAM,205.0,1881.0,D
904,575000.0,60.0,1.0,2.0,1.0,9583.333333333334,S,1031 HX,1031.0,103,noord,False,Buiksloterham-Zuid,AMSTERDAM,,2021.0,A+++
905,635000.0,82.0,2.0,3.0,0.0,7743.90243902439,L,1036 LH,1036.0,103,noord,False,De Bongerd,AMSTERDAM,197.52,2024.0,A++
906,499000.0,60.0,2.0,3.0,0.0,8316.666666666666,S,1058 AB,1058.0,105,west,False,Paramariboplein e.o.,AMSTERDAM,84.0,1932.0,F
908,1150000.0,183.0,5.0,7.0,0.0,6284.153005464481,XL,1056 GS,1056.0,105,west,False,Trompbuurt,AMSTERDAM,310.0,1911.0,A
909,504000.0,69.0,2.0,3.0,0.0,7304.347826086957,M,1101 BA,1101.0,110,zuidoost,False,Amstel III deel A/B-Noord,AMSTERDAM,,2025.0,A+
912,375000.0,77.0,2.0,3.0,1.0,4870.12987012987,M,1069 ZR,1069.0,106,nieuw_west,False,Reimerswaal,AMSTERDAM,158.71,2006.0,A
914,495000.0,62.0,2.0,3.0,0.0,7983.870967741936,S,1098 AH,1098.0,109,oost,False,Linnaeusparkbuurt,AMSTERDAM,107.0,,E
915,549000.0,87.0,2.0,3.0,1.0,6310.3448275862065,L,1082 HP,1082.0,108,zuid,False,Buitenveldert-Zuid-Midden,AMSTERDAM,,1965.0,D
917,2145000.0,204.0,4.0,6.0,0.0,10514.70588235294,XL,1078 GB,1078.0,107,zuid,False,Wielingenbuurt,AMSTERDAM,180.0,1929.0,C
918,925000.0,114.0,3.0,4.0,0.0,8114.035087719299,XL,1075 TG,1075.0,107,zuid,False,Schinkelbuurt-Noord,AMSTERDAM,150.0,1914.0,D
919,515000.0,70.0,2.0,3.0,0.0,7357.142857142857,M,1064 AB,1064.0,106,nieuw_west,False,Noordoever Sloterplas,AMSTERDAM,,2025.0,N/A
920,495000.0,53.0,2.0,3.0,0.0,9339.622641509433,S,1058 AX,1058.0,105,west,False,Postjeskade e.o.,AMSTERDAM,100.0,1922.0,D
921,900000.0,100.0,3.0,4.0,1.0,9000.0,L,1014 ZB,1014.0,101,west,False,Houthavens-West,AMSTERDAM,192.0,2018.0,A
922,325000.0,33.0,1.0,2.0,1.0,9848.484848484848,XS,1083 EL,1083.0,108,zuid,False,Buitenveldert-Zuidoost,AMSTERDAM,84.23,1967.0,B
924,445000.0,53.0,2.0,3.0,0.0,8396.22641509434,S,1057 GM,1057.0,105,west,False,De Wester Quartier,AMSTERDAM,,1925.0,B
925,450000.0,49.0,2.0,3.0,0.0,9183.673469387755,XS,1056 NR,1056.0,105,west,False,Orteliusbuurt-Noord,AMSTERDAM,,1927.0,D
926,360000.0,39.0,1.0,2.0,0.0,9230.76923076923,XS,1094 EH,1094.0,109,oost,False,Timorpleinbuurt-Noord,AMSTERDAM,153.0,1912.0,C
927,525000.0,78.0,3.0,4.0,1.0,6730.7692307692305,M,1082 VC,1082.0,108,zuid,False,Gelderlandpleinbuurt,AMSTERDAM,264.19,1963.0,D
928,995000.0,103.0,2.0,3.0,0.0,9660.194174757282,XL,1051 JE,1051.0,105,west,False,Buyskade e.o.,AMSTERDAM,157.39,2005.0,A
929,625000.0,63.0,2.0,3.0,1.0,9920.63492063492,S,1053 WP,1053.0,105,west,False,Da Costabuurt-Noord,AMSTERDAM,151.0,1900.0,D
930,795000.0,100.0,3.0,4.0,1.0,7950.0,L,1014 ZB,1014.0,101,west,False,Houthavens-West,AMSTERDAM,155.8,2018.0,A
931,895000.0,108.0,3.0,4.0,1.0,8287.037037037036,XL,1061 AV,1061.0,106,nieuw_west,False,Overtoomse Veld-Noord,AMSTERDAM,,2027.0,A+++
933,415000.0,47.0,1.0,2.0,0.0,8829.787234042553,XS,1095 AW,1095.0,109,oost,False,Makassarpleinbuurt,AMSTERDAM,58.85,1916.0,G
934,360000.0,57.0,2.0,3.0,0.0,6315.789473684211,S,1063 CJ,1063.0,106,nieuw_west,False,Coronelbuurt,AMSTERDAM,125.07,1955.0,E
935,550000.0,62.0,2.0,3.0,0.0,8870.967741935483,S,1015 VC,1015.0,101,centrum,True,Marnixbuurt-Noord,AMSTERDAM,92.03,,B
936,500000.0,62.0,1.0,3.0,0.0,8064.5161290322585,S,1072 HG,1072.0,107,zuid,False,Lizzy Ansinghbuurt,AMSTERDAM,,1964.0,B
937,400000.0,76.0,2.0,3.0,0.0,5263.1578947368425,M,1034 CE,1034.0,103,noord,False,Banne-Zuidwest,AMSTERDAM,150.8,1967.0,B
938,575000.0,69.0,2.0,4.0,0.0,8333.333333333334,M,1057 BK,1057.0,105,west,False,Orteliusbuurt-Midden,AMSTERDAM,270.0,1926.0,D
940,1050000.0,131.0,4.0,5.0,1.0,8015.267175572519,XL,1097 DG,1097.0,109,oost,False,Don Bosco,AMSTERDAM,,1964.0,A
941,296557.0,50.0,1.0,2.0,1.0,5931.14,XS,1032 KW,1032.0,103,noord,False,Klaprozenbuurt,AMSTERDAM,,2025.0,N/A
942,749000.0,85.0,4.0,5.0,0.0,8811.764705882353,L,1054 CD,1054.0,105,west,False,Helmersbuurt-Oost,AMSTERDAM,227.55,1926.0,D
944,1075000.0,101.0,3.0,4.0,0.0,10643.564356435643,L,1054 EC,1054.0,105,west,False,Cremerbuurt-West,AMSTERDAM,162.05,1912.0,A+
945,570000.0,73.0,2.0,3.0,0.0,7808.219178082192,M,1018 ZT,1018.0,101,centrum,False,Kadijken,AMSTERDAM,188.0,1988.0,B
946,495000.0,56.0,2.0,3.0,0.0,8839.285714285714,S,1058 CA,1058.0,105,west,False,Postjeskade e.o.,AMSTERDAM,97.0,1935.0,D
947,375000.0,50.0,1.0,2.0,0.0,7500.0,XS,1021 CR,1021.0,102,noord,False,Vogelbuurt-Zuid,AMSTERDAM,159.81,1920.0,C
948,450000.0,55.0,1.0,2.0,0.0,8181.818181818182,S,1015 CD,1015.0,101,centrum,True,Langestraat e.o.,AMSTERDAM,597.81,1628.0,N/A
949,1465000.0,173.0,3.0,4.0,0.0,8468.208092485549,XL,1016 TH,1016.0,101,centrum,True,Groenmarktkadebuurt,AMSTERDAM,175.0,1871.0,A
951,645000.0,64.0,2.0,3.0,0.0,10078.125,S,1075 RH,1075.0,107,zuid,False,Valeriusbuurt-West,AMSTERDAM,120.0,1914.0,E
952,350000.0,83.0,3.0,4.0,1.0,4216.8674698795185,L,1069 DV,1069.0,106,nieuw_west,False,Botteskerkbuurt,AMSTERDAM,312.73,1961.0,B
953,469000.0,53.0,1.0,3.0,0.0,8849.056603773584,S,1072 SX,1072.0,107,zuid,False,Cornelis Troostbuurt,AMSTERDAM,80.0,1902.0,G
954,650000.0,90.0,3.0,4.0,1.0,7222.222222222223,L,1078 TE,1078.0,107,zuid,False,IJselbuurt-Oost,AMSTERDAM,,2002.0,C
955,650000.0,72.0,2.0,3.0,0.0,9027.777777777777,M,1053 VE,1053.0,105,west,False,Bellamybuurt-Noord,AMSTERDAM,105.0,1905.0,C
956,589000.0,87.0,1.0,2.0,0.0,6770.114942528736,L,1012 TA,1012.0,101,centrum,False,Hemelrijk,AMSTERDAM,85.0,1905.0,N/A
957,475000.0,84.0,3.0,4.0,0.0,5654.761904761905,L,1094 TV,1094.0,109,oost,False,Ambonpleinbuurt,AMSTERDAM,,1981.0,C
958,775000.0,95.0,3.0,4.0,0.0,8157.894736842105,L,1055 DC,1055.0,105,west,False,Erasmusparkbuurt-West,AMSTERDAM,152.97,1941.0,A
959,544000.0,56.0,2.0,3.0,1.0,9714.285714285714,S,1073 GJ,1073.0,107,zuid,False,Van der Helstpleinbuurt,AMSTERDAM,131.83,2006.0,A
961,380000.0,42.0,1.0,2.0,0.0,9047.619047619048,XS,1015 AT,1015.0,101,centrum,True,Langestraat e.o.,AMSTERDAM,,1649.0,B
962,547000.0,63.0,1.0,2.0,0.0,8682.539682539682,S,1095 AM,1095.0,109,oost,False,Makassarpleinbuurt,AMSTERDAM,0.0,2021.0,N/A
963,770000.0,77.0,2.0,3.0,0.0,10000.0,M,1018 CA,1018.0,101,centrum,False,Oostenburg,AMSTERDAM,0.0,2021.0,A+++
965,2100000.0,226.0,3.0,4.0,1.0,9292.035398230088,XL,1016 AA,1016.0,101,centrum,True,Leliegracht e.o.,AMSTERDAM,,1921.0,N/A
966,425000.0,48.0,2.0,3.0,0.0,8854.166666666666,XS,1056 JS,1056.0,105,west,False,Geuzenhofbuurt,AMSTERDAM,143.93,1935.0,C
967,900000.0,109.0,3.0,4.0,1.0,8256.880733944954,XL,1014 ZG,1014.0,101,west,False,Houthavens-West,AMSTERDAM,249.89,2020.0,A
968,965000.0,103.0,2.0,3.0,0.0,9368.932038834952,XL,1018 CA,1018.0,101,centrum,False,Oostenburg,AMSTERDAM,0.0,2021.0,A+++
969,400000.0,91.0,3.0,4.0,0.0,4395.604395604396,L,1106 DM,1106.0,110,zuidoost,False,Gein 1,AMSTERDAM,,1980.0,A
970,615000.0,70.0,2.0,3.0,1.0,8785.714285714286,M,1095 AM,1095.0,109,oost,False,Makassarpleinbuurt,AMSTERDAM,0.0,2021.0,N/A
971,597713.0,73.0,3.0,4.0,1.0,8187.8493150684935,M,1101 DA,1101.0,110,zuidoost,False,Amstel III deel A/B-Noord,AMSTERDAM,,2022.0,N/A
972,487000.0,71.0,2.0,3.0,1.0,6859.154929577465,M,1101 DA,1101.0,110,zuidoost,False,Amstel III deel A/B-Noord,AMSTERDAM,,2022.0,N/A
973,269000.0,27.0,1.0,2.0,0.0,9962.962962962964,XS,1094 CW,1094.0,109,oost,False,Timorpleinbuurt-Noord,AMSTERDAM,65.0,1903.0,D
974,350000.0,46.0,1.0,2.0,0.0,7608.695652173913,XS,1095 AX,1095.0,109,oost,False,Makassarpleinbuurt,AMSTERDAM,,,B
975,350000.0,53.0,1.0,2.0,0.0,6603.773584905661,S,1093 GX,1093.0,109,oost,False,Dapperbuurt-Zuid,AMSTERDAM,132.28,1982.0,B
976,2500000.0,219.0,3.0,4.0,2.0,11415.52511415525,XL,1054 ES,1054.0,105,west,False,Vondelparkbuurt-Oost,AMSTERDAM,834.52,1991.0,A
980,475000.0,82.0,2.0,3.0,0.0,5792.682926829269,L,1068 PH,1068.0,106,nieuw_west,False,Meer en Oever,AMSTERDAM,154.0,2007.0,A+
981,1041234.0,94.0,3.0,4.0,1.0,11076.95744680851,L,1013 SG,1013.0,101,west,False,Spaarndammerbuurt-Noordwest,AMSTERDAM,,2024.0,N/A
983,1180000.0,114.0,3.0,4.0,1.0,10350.877192982456,XL,1031 HX,1031.0,103,noord,False,Buiksloterham-Zuid,AMSTERDAM,,2021.0,A+++
984,950000.0,116.0,3.0,4.0,0.0,8189.6551724137935,XL,1016 TL,1016.0,101,centrum,True,Groenmarktkadebuurt,AMSTERDAM,239.21,2021.0,A++
985,400000.0,48.0,1.0,2.0,0.0,8333.333333333334,XS,1017 PW,1017.0,101,centrum,True,Leidsebuurt-Noordwest,AMSTERDAM,,1999.0,B
989,525000.0,62.0,1.0,2.0,0.0,8467.741935483871,S,1094 GL,1094.0,109,oost,False,Timorpleinbuurt-Noord,AMSTERDAM,110.0,1900.0,B
991,360000.0,46.0,1.0,2.0,1.0,7826.086956521739,XS,1096 BN,1096.0,109,oost,False,Amstelkwartier-Zuid,AMSTERDAM,,2025.0,N/A
993,635000.0,68.0,2.0,4.0,0.0,9338.235294117647,M,1017 DW,1017.0,101,centrum,True,Amstelveldbuurt,AMSTERDAM,159.28,1904.0,N/A
994,650000.0,80.0,2.0,3.0,1.0,8125.0,L,1018 BS,1018.0,101,centrum,False,Kadijken,AMSTERDAM,280.0,1996.0,A
995,675000.0,68.0,2.0,3.0,1.0,9926.470588235294,M,1011 KP,1011.0,101,centrum,False,Uilenburg,AMSTERDAM,174.0,1976.0,N/A
996,1040000.0,129.0,2.0,3.0,0.0,8062.015503875969,XL,1014 ZK,1014.0,101,west,False,Houthavens-West,AMSTERDAM,,2025.0,A++
997,550000.0,69.0,1.0,3.0,0.0,7971.014492753623,M,1072 ND,1072.0,107,zuid,False,Hercules Seghersbuurt,AMSTERDAM,168.0,1965.0,C
999,595000.0,64.0,1.0,2.0,0.0,9296.875,S,1033 NA,1033.0,103,noord,False,NDSM terrein,AMSTERDAM,,2023.0,A++
1000,495000.0,80.0,2.0,3.0,1.0,6187.5,L,1062 GE,1062.0,106,nieuw_west,False,Delflandpleinbuurt-West,AMSTERDAM,405.96,1965.0,B
1001,350000.0,78.0,3.0,4.0,0.0,4487.179487179487,M,1107 CE,1107.0,110,zuidoost,False,Gein 4,AMSTERDAM,236.25,1985.0,A
1002,622000.0,83.0,2.0,3.0,0.0,7493.975903614458,L,1064 AB,1064.0,106,nieuw_west,False,Noordoever Sloterplas,AMSTERDAM,0.0,2024.0,N/A
1004,1240000.0,114.0,3.0,4.0,1.0,10877.192982456141,XL,1031 HX,1031.0,103,noord,False,Buiksloterham-Zuid,AMSTERDAM,,2021.0,A+++
1005,585000.0,64.0,2.0,3.0,0.0,9140.625,S,1018 AA,1018.0,101,centrum,False,Kadijken,AMSTERDAM,,1999.0,A
1006,1500000.0,193.0,5.0,8.0,0.0,7772.020725388601,XL,1077 EV,1077.0,107,zuid,False,Minervabuurt-Noord,AMSTERDAM,169.44,1928.0,E
1007,395000.0,44.0,2.0,3.0,0.0,8977.272727272728,XS,1051 EB,1051.0,105,west,False,Westerstaatsman,AMSTERDAM,100.0,1912.0,F
1008,695000.0,65.0,2.0,3.0,0.0,10692.307692307691,S,1016 CB,1016.0,101,centrum,True,Felix Meritisbuurt,AMSTERDAM,,1774.0,A+++
1009,677925.0,103.0,3.0,4.0,1.0,6581.796116504855,XL,1101 DA,1101.0,110,zuidoost,False,Amstel III deel A/B-Noord,AMSTERDAM,,2022.0,N/A
1010,795000.0,84.0,2.0,3.0,0.0,9464.285714285714,L,1091 AR,1091.0,109,oost,False,Oosterparkbuurt-Noordwest,AMSTERDAM,160.17,1912.0,B
1011,900000.0,137.0,3.0,4.0,1.0,6569.343065693431,XL,1082 KC,1082.0,108,zuid,False,Gelderlandpleinbuurt,AMSTERDAM,,1965.0,C
1012,485000.0,58.0,2.0,3.0,0.0,8362.068965517241,S,1057 XC,1057.0,105,west,False,Van Brakelkwartier,AMSTERDAM,201.0,1926.0,C
1014,275000.0,28.0,1.0,1.0,0.0,9821.42857142857,XS,1096 GJ,1096.0,109,oost,False,Amstelkwartier-Noord,AMSTERDAM,58.53,2014.0,A
1015,895000.0,98.0,3.0,5.0,0.0,9132.65306122449,L,1015 GC,1015.0,101,centrum,True,Langestraat e.o.,AMSTERDAM,91.67,1905.0,N/A
1016,935000.0,109.0,3.0,4.0,1.0,8577.981651376147,XL,1061 AV,1061.0,106,nieuw_west,False,Overtoomse Veld-Noord,AMSTERDAM,,2027.0,A+++
1017,1295000.0,168.0,2.0,5.0,0.0,7708.333333333333,XL,1012 EZ,1012.0,101,centrum,False,BG-terrein e.o.,AMSTERDAM,,1730.0,N/A
1020,350000.0,64.0,2.0,3.0,1.0,5468.75,S,1064 AE,1064.0,106,nieuw_west,False,Noordoever Sloterplas,AMSTERDAM,279.78,1963.0,C
1022,350000.0,54.0,1.0,2.0,0.0,6481.481481481482,S,1065 LX,1065.0,106,nieuw_west,False,Louis Crispijnbuurt,AMSTERDAM,128.9,1984.0,C
1023,1290000.0,134.0,4.0,5.0,0.0,9626.865671641792,XL,1095 AM,1095.0,109,oost,False,Makassarpleinbuurt,AMSTERDAM,0.0,2021.0,N/A
1024,475000.0,49.0,1.0,2.0,1.5,9693.877551020409,XS,1018 LG,1018.0,101,centrum,False,Oostenburg,AMSTERDAM,,2021.0,A++
1025,500000.0,66.0,1.0,2.0,0.0,7575.757575757576,S,1021 CW,1021.0,102,noord,False,Vogelbuurt-Zuid,AMSTERDAM,85.4,1919.0,A
1026,465000.0,57.0,1.0,2.0,0.0,8157.894736842105,S,1074 VN,1074.0,107,zuid,False,Diamantbuurt,AMSTERDAM,100.0,1929.0,C
1028,500000.0,71.0,1.0,2.0,0.0,7042.2535211267605,M,1052 JB,1052.0,105,west,False,Frederik Hendrikbuurt-Zuidoost,AMSTERDAM,50.0,1905.0,D
1029,405000.0,58.0,2.0,3.0,0.0,6982.758620689655,S,1024 KV,1024.0,102,noord,False,Markengouw-Zuid,AMSTERDAM,,2026.0,N/A
1030,750000.0,111.0,3.0,4.0,0.0,6756.756756756757,XL,1097 ZA,1097.0,109,oost,False,Betondorp,AMSTERDAM,227.0,1924.0,D
1032,350000.0,69.0,2.0,3.0,1.0,5072.463768115942,M,1069 NC,1069.0,106,nieuw_west,False,Middelveldsche Akerpolder,AMSTERDAM,206.43,1988.0,A
1033,400000.0,48.0,2.0,3.0,0.0,8333.333333333334,XS,1055 PH,1055.0,105,west,False,Gibraltarbuurt,AMSTERDAM,,1936.0,C
1034,540000.0,65.0,2.0,3.0,0.0,8307.692307692309,S,1064 AB,1064.0,106,nieuw_west,False,Noordoever Sloterplas,AMSTERDAM,0.0,2024.0,N/A
1036,560000.0,72.0,2.0,3.0,1.0,7777.777777777777,M,1036 LA,1036.0,103,noord,False,De Bongerd,AMSTERDAM,176.85,2020.0,A++
1037,375000.0,83.0,2.0,3.0,1.0,4518.0722891566265,L,1024 AS,1024.0,102,noord,False,Markengouw-Noord,AMSTERDAM,,1968.0,D
1038,600000.0,84.0,2.0,3.0,0.0,7142.857142857143,L,1091 CE,1091.0,109,oost,False,Oosterparkbuurt-Noordwest,AMSTERDAM,204.5,1898.0,C
1040,499000.0,52.0,1.0,2.0,0.0,9596.153846153846,S,1072 HV,1072.0,107,zuid,False,Cornelis Troostbuurt,AMSTERDAM,135.25,1917.0,D
1043,1300000.0,157.0,3.0,5.0,0.0,8280.254777070064,XL,1052 CP,1052.0,105,west,False,Frederik Hendrikbuurt-Noord,AMSTERDAM,318.0,1900.0,B
1044,350000.0,71.0,2.0,3.0,0.0,4929.577464788732,M,1102 ZW,1102.0,110,zuidoost,False,Venserpolder-Oost,AMSTERDAM,221.07,1983.0,A
1046,900000.0,108.0,3.0,6.0,1.0,8333.333333333334,XL,1096 DS,1096.0,109,oost,False,Weespertrekvaart,AMSTERDAM,120.0,2021.0,A
1047,437500.0,37.0,1.0,2.0,0.0,11824.324324324325,XS,1054 GE,1054.0,105,west,False,Vondelparkbuurt-Oost,AMSTERDAM,70.0,1905.0,N/A
1048,660000.0,116.0,3.0,4.0,1.0,5689.6551724137935,XL,1082 GR,1082.0,108,zuid,False,Buitenveldert-Zuid-Midden,AMSTERDAM,289.45,1968.0,C
1050,1150000.0,165.0,4.0,7.0,0.0,6969.69696969697,XL,1077 KB,1077.0,107,zuid,False,Minervabuurt-Midden,AMSTERDAM,439.79,1939.0,N/A
1051,649000.0,75.0,3.0,4.0,0.0,8653.333333333334,M,1056 VV,1056.0,105,west,False,Trompbuurt,AMSTERDAM,125.0,1922.0,C
1052,850000.0,70.0,2.0,3.0,0.0,12142.857142857143,M,1017 DW,1017.0,101,centrum,True,Amstelveldbuurt,AMSTERDAM,,1680.0,N/A
1053,1050000.0,160.0,2.0,4.0,0.0,6562.5,XL,1035 PW,1035.0,103,noord,False,Kadoelen,AMSTERDAM,260.0,2010.0,A
1054,487500.0,49.0,1.0,2.0,0.0,9948.979591836734,XS,1073 XA,1073.0,107,zuid,False,Sarphatiparkbuurt,AMSTERDAM,250.0,1893.0,C
1056,725000.0,73.0,1.0,2.0,0.0,9931.506849315068,M,1016 TA,1016.0,101,centrum,True,Groenmarktkadebuurt,AMSTERDAM,202.65,1905.0,A
1057,329500.0,35.0,1.0,1.0,1.0,9414.285714285714,XS,1019 VS,1019.0,101,oost,False,Cruquiusbuurt,AMSTERDAM,123.98,2021.0,A+
1058,350000.0,43.0,1.0,2.0,1.0,8139.53488372093,XS,1063 AG,1063.0,106,nieuw_west,False,Coronelbuurt,AMSTERDAM,135.0,1958.0,N/A
1059,1125000.0,134.0,2.0,3.0,1.0,8395.522388059702,XL,1082 KT,1082.0,108,zuid,False,Gelderlandpleinbuurt,AMSTERDAM,496.45,2008.0,A+
1060,375000.0,81.0,3.0,4.0,0.0,4629.62962962963,L,1068 WL,1068.0,106,nieuw_west,False,Osdorpplein e.o.,AMSTERDAM,503.31,1964.0,C
1062,585000.0,66.0,2.0,3.0,0.0,8863.636363636364,S,1073 CR,1073.0,107,zuid,False,Sarphatiparkbuurt,AMSTERDAM,,1887.0,B
1063,849500.0,107.0,1.0,2.0,0.0,7939.252336448598,XL,1015 HB,1015.0,101,centrum,True,Anjeliersbuurt-Noord,AMSTERDAM,226.15,1898.0,N/A
1064,555000.0,48.0,1.0,2.0,1.0,11562.5,XS,1096 AM,1096.0,109,oost,False,De Omval,AMSTERDAM,,2021.0,A+
1065,695000.0,71.0,1.0,2.0,0.0,9788.732394366198,M,1016 HL,1016.0,101,centrum,True,Felix Meritisbuurt,AMSTERDAM,190.0,1730.0,B
1066,595000.0,71.0,2.0,3.0,0.0,8380.281690140846,M,1015 JS,1015.0,101,centrum,True,Driehoekbuurt,AMSTERDAM,150.0,1996.0,A
1067,785000.0,85.0,3.0,4.0,1.0,9235.29411764706,L,1031 KN,1031.0,103,noord,False,Overhoeks,AMSTERDAM,,2025.0,A++
1068,900000.0,97.0,3.0,4.0,0.0,9278.350515463917,L,1053 BG,1053.0,105,west,False,Bellamybuurt-Zuid,AMSTERDAM,56.0,1893.0,C
1069,350000.0,78.0,2.0,3.0,1.0,4487.179487179487,M,1068 JS,1068.0,106,nieuw_west,False,Osdorp-Zuidoost,AMSTERDAM,,1965.0,A
1070,425000.0,49.0,1.0,2.0,0.0,8673.469387755102,XS,1092 XP,1092.0,109,oost,False,Transvaalbuurt-Oost,AMSTERDAM,199.55,1915.0,C
1071,649000.0,62.0,1.0,2.0,0.0,10467.741935483871,S,1015 AG,1015.0,101,centrum,True,Leliegracht e.o.,AMSTERDAM,90.0,1900.0,N/A
1074,325000.0,53.0,1.0,2.0,0.0,6132.075471698113,S,1102 VB,1102.0,110,zuidoost,False,Venserpolder-West,AMSTERDAM,155.16,1985.0,C
1075,320000.0,66.0,2.0,3.0,0.0,4848.484848484848,S,1068 LZ,1068.0,106,nieuw_west,False,Wildeman,AMSTERDAM,185.0,1960.0,A
1077,850000.0,112.0,4.0,6.0,0.0,7589.285714285715,XL,1098 LS,1098.0,109,oost,False,Middenmeer-Zuid,AMSTERDAM,220.0,,C
1078,614000.0,83.0,2.0,3.0,0.0,7397.590361445783,L,1064 AB,1064.0,106,nieuw_west,False,Noordoever Sloterplas,AMSTERDAM,0.0,2024.0,N/A
1079,649000.0,74.0,2.0,3.0,1.0,8770.27027027027,M,1015 CW,1015.0,101,centrum,True,Leliegracht e.o.,AMSTERDAM,402.62,1624.0,N/A
1080,604000.0,93.0,2.0,3.0,1.0,6494.623655913979,L,1101 DA,1101.0,110,zuidoost,False,Amstel III deel A/B-Noord,AMSTERDAM,,2022.0,N/A
1081,475000.0,72.0,2.0,3.0,0.0,6597.222222222223,M,1079 NV,1079.0,107,zuid,False,Scheldebuurt-West,AMSTERDAM,204.85,1934.0,E
1082,395000.0,50.0,1.0,2.0,1.0,7900.0,XS,1062 HE,1062.0,106,nieuw_west,False,Schipluidenbuurt,AMSTERDAM,,2026.0,A++++
1083,425000.0,50.0,1.0,2.0,0.0,8500.0,XS,1058 TX,1058.0,105,west,False,Westlandgrachtbuurt,AMSTERDAM,107.0,1931.0,E
1084,1200000.0,114.0,3.0,4.0,1.0,10526.315789473685,XL,1031 HX,1031.0,103,noord,False,Buiksloterham-Zuid,AMSTERDAM,,2021.0,A+++
1086,650000.0,80.0,2.0,4.0,0.0,8125.0,L,1056 XM,1056.0,105,west,False,Landlust-Zuid,AMSTERDAM,95.44,1939.0,D
1087,795000.0,103.0,3.0,4.0,1.0,7718.446601941748,XL,1032 KE,1032.0,103,noord,False,Buiksloterham-Noord,AMSTERDAM,325.0,2017.0,A
1088,699000.0,100.0,2.0,3.0,1.0,6990.0,L,1095 MD,1095.0,109,oost,False,Sportheldenbuurt,AMSTERDAM,,2020.0,A++
1089,335779.0,40.0,1.0,2.0,0.0,8394.475,XS,1064 AB,1064.0,106,nieuw_west,False,Noordoever Sloterplas,AMSTERDAM,,2027.0,A++
1090,650000.0,85.0,2.0,3.0,1.0,7647.058823529412,L,1011 LZ,1011.0,101,centrum,False,Uilenburg,AMSTERDAM,,2000.0,B
1091,425000.0,56.0,1.0,2.0,0.0,7589.285714285715,S,1079 WL,1079.0,107,zuid,False,Rijnbuurt-Midden,AMSTERDAM,120.0,1936.0,E
1092,675000.0,77.0,2.0,3.0,0.0,8766.233766233767,M,1017 GH,1017.0,101,centrum,True,Vijzelstraatbuurt,AMSTERDAM,142.0,1959.0,D
1093,650000.0,83.0,2.0,3.0,0.0,7831.325301204819,L,1064 AB,1064.0,106,nieuw_west,False,Noordoever Sloterplas,AMSTERDAM,,2024.0,N/A
1094,385000.0,43.0,1.0,2.0,0.0,8953.488372093023,XS,1073 EL,1073.0,107,zuid,False,Van der Helstpleinbuurt,AMSTERDAM,135.0,1889.0,F
1096,650000.0,89.0,3.0,4.0,0.0,7303.3707865168535,L,1091 ZE,1091.0,109,oost,False,Transvaalbuurt-West,AMSTERDAM,165.73,1992.0,C
1097,775000.0,87.0,3.0,4.0,1.0,8908.045977011494,L,1018 MR,1018.0,101,centrum,False,Oostenburg,AMSTERDAM,217.0,1998.0,B
1099,775000.0,83.0,2.0,3.0,0.0,9337.349397590362,L,1053 ZT,1053.0,105,west,False,Da Costabuurt-Zuid,AMSTERDAM,107.5,1879.0,C
1100,375000.0,80.0,3.0,4.0,0.0,4687.5,L,1068 NJ,1068.0,106,nieuw_west,False,Osdorp-Zuidoost,AMSTERDAM,288.41,1965.0,C
1101,450000.0,57.0,1.0,2.0,1.0,7894.736842105263,S,1068 TD,1068.0,106,nieuw_west,False,Osdorpplein e.o.,AMSTERDAM,122.6,2022.0,A+
1102,307450.0,62.0,1.0,2.0,1.0,4958.870967741936,S,1103 AM,1103.0,110,zuidoost,False,E-buurt,AMSTERDAM,,2026.0,N/A
1103,1100000.0,137.0,3.0,4.0,1.0,8029.19708029197,XL,1013 BD,1013.0,101,west,False,Houthavens-West,AMSTERDAM,207.0,2016.0,A+
1104,1200000.0,112.0,1.0,2.0,1.0,10714.285714285714,XL,1015 CJ,1015.0,101,centrum,True,Leliegracht e.o.,AMSTERDAM,364.6,1880.0,N/A
1106,475000.0,58.0,1.0,2.0,0.0,8189.6551724137935,S,1056 DD,1056.0,105,west,False,Jan Maijenbuurt,AMSTERDAM,179.19,1927.0,D
1107,700000.0,106.0,3.0,4.0,0.0,6603.773584905661,XL,1098 JP,1098.0,109,oost,False,Middenmeer-Noord,AMSTERDAM,226.5,1929.0,F
1108,675000.0,128.0,3.0,6.0,1.0,5273.4375,XL,1024 ML,1024.0,102,noord,False,Markengouw-Zuid,AMSTERDAM,147.0,2019.0,A
1110,500000.0,88.0,3.0,4.0,0.0,5681.818181818182,L,1095 GH,1095.0,109,oost,False,Sumatraplantsoenbuurt,AMSTERDAM,234.6,1983.0,A
1112,450000.0,54.0,1.0,2.0,0.0,8333.333333333334,S,1056 XL,1056.0,105,west,False,Landlust-Zuid,AMSTERDAM,113.0,1933.0,E
1114,450000.0,45.0,2.0,3.0,0.0,10000.0,XS,1053 KT,1053.0,105,west,False,Da Costabuurt-Zuid,AMSTERDAM,75.0,1905.0,A
1117,395000.0,52.0,2.0,3.0,0.0,7596.153846153846,S,1055 CK,1055.0,105,west,False,Erasmusparkbuurt-West,AMSTERDAM,122.0,1940.0,D
1118,1850000.0,141.0,3.0,5.0,0.0,13120.567375886525,XL,1077 RP,1077.0,107,zuid,False,Minervabuurt-Midden,AMSTERDAM,158.25,,A
1120,400000.0,45.0,1.0,2.0,0.0,8888.888888888889,XS,1072 JG,1072.0,107,zuid,False,Cornelis Troostbuurt,AMSTERDAM,121.0,1924.0,D
1121,400000.0,80.0,2.0,3.0,1.0,5000.0,L,1060 RG,1060.0,106,nieuw_west,False,De Aker-West,AMSTERDAM,,2000.0,A+
1122,685000.0,85.0,3.0,4.0,0.0,8058.823529411765,L,1058 AN,1058.0,105,west,False,Paramariboplein e.o.,AMSTERDAM,105.0,1930.0,C
1123,690000.0,103.0,3.0,4.0,1.0,6699.0291262135925,XL,1087 VA,1087.0,108,oost,False,Centrumeiland,AMSTERDAM,,2026.0,A++
1125,685000.0,71.0,2.0,3.0,0.0,9647.887323943662,M,1018 CA,1018.0,101,centrum,False,Oostenburg,AMSTERDAM,0.0,2021.0,A+++
1126,1100000.0,119.0,3.0,4.0,1.0,9243.697478991597,XL,1031 HX,1031.0,103,noord,False,Buiksloterham-Zuid,AMSTERDAM,,2021.0,A++
1127,599000.0,72.0,1.0,2.0,1.0,8319.444444444445,M,1096 DE,1096.0,109,oost,False,Weespertrekvaart,AMSTERDAM,198.3,2022.0,A++
1128,485000.0,52.0,2.0,3.0,0.0,9326.923076923076,S,1054 DX,1054.0,105,west,False,Cremerbuurt-Oost,AMSTERDAM,121.0,,C
1129,575000.0,77.0,2.0,3.0,1.0,7467.532467532467,M,1097 CP,1097.0,109,oost,False,Don Bosco,AMSTERDAM,227.25,1992.0,A
1132,395000.0,47.0,2.0,3.0,0.0,8404.255319148937,XS,1057 SZ,1057.0,105,west,False,Balboaplein e.o.,AMSTERDAM,175.0,1925.0,D
1134,300414.0,39.0,1.0,2.0,1.0,7702.923076923077,XS,1032 KW,1032.0,103,noord,False,Klaprozenbuurt,AMSTERDAM,,2025.0,N/A
1135,280646.0,32.0,1.0,2.0,1.0,8770.1875,XS,1095 PA,1095.0,109,oost,False,Sluisbuurt,AMSTERDAM,,2025.0,N/A
1136,607000.0,93.0,2.0,3.0,1.0,6526.881720430108,L,1101 DA,1101.0,110,zuidoost,False,Amstel III deel A/B-Noord,AMSTERDAM,,2022.0,N/A
1137,625000.0,100.0,3.0,4.0,1.0,6250.0,L,1083 JM,1083.0,108,zuid,False,Buitenveldert-Oost-Midden,AMSTERDAM,314.79,1986.0,A
1138,580000.0,88.0,2.0,3.0,0.0,6590.909090909091,L,1098 RC,1098.0,109,oost,False,Middenmeer-Zuid,AMSTERDAM,144.2,1958.0,B
1139,4250000.0,366.0,7.0,11.0,1.0,11612.021857923497,XL,1011 JN,1011.0,101,centrum,False,Zuiderkerkbuurt,AMSTERDAM,0.0,1733.0,N/A
1141,798000.0,105.0,2.0,3.0,0.0,7600.0,XL,1072 HP,1072.0,107,zuid,False,Cornelis Troostbuurt,AMSTERDAM,,1904.0,A
1142,785000.0,69.0,2.0,3.0,0.0,11376.811594202898,M,1075 CH,1075.0,107,zuid,False,Valeriusbuurt-Oost,AMSTERDAM,104.0,1905.0,A
1143,400000.0,43.0,1.0,2.0,0.0,9302.32558139535,XS,1013 PJ,1013.0,101,west,False,Zeeheldenbuurt,AMSTERDAM,,,N/A
1145,356000.0,47.0,1.0,3.0,0.0,7574.468085106383,XS,1033 SM,1033.0,103,noord,False,NDSM terrein,AMSTERDAM,,2021.0,A++
1146,472500.0,45.0,1.0,2.0,0.0,10500.0,XS,1018 CA,1018.0,101,centrum,False,Oostenburg,AMSTERDAM,0.0,2021.0,A+++
1147,555000.0,80.0,3.0,4.0,0.0,6937.5,L,1024 KV,1024.0,102,noord,False,Markengouw-Zuid,AMSTERDAM,,2026.0,N/A
1148,399000.0,50.0,1.0,2.0,1.0,7980.0,XS,1062 HE,1062.0,106,nieuw_west,False,Schipluidenbuurt,AMSTERDAM,,2026.0,A++++
1149,565000.0,64.0,1.0,2.0,0.0,8828.125,S,1011 EH,1011.0,101,centrum,False,Lastage,AMSTERDAM,90.13,1782.0,N/A
1150,525000.0,118.0,3.0,4.0,0.0,4449.152542372882,XL,1069 HV,1069.0,106,nieuw_west,False,Zuidwestkwadrant-Noord,AMSTERDAM,236.0,2010.0,A
1151,675000.0,83.0,2.0,3.0,1.0,8132.530120481928,L,1053 VK,1053.0,105,west,False,Da Costabuurt-Zuid,AMSTERDAM,194.96,1997.0,A
1152,325000.0,28.0,1.0,1.0,0.0,11607.142857142857,XS,1091 TT,1091.0,109,oost,False,Weesperzijde-Midden/Zuid,AMSTERDAM,89.1,1907.0,C
1153,296557.0,50.0,1.0,2.0,1.0,5931.14,XS,1032 KW,1032.0,103,noord,False,Klaprozenbuurt,AMSTERDAM,,2025.0,N/A
1154,415000.0,47.0,1.0,2.0,0.0,8829.787234042553,XS,1097 BW,1097.0,109,oost,False,Don Bosco,AMSTERDAM,201.4,1901.0,C
1155,652050.0,97.0,3.0,4.0,1.0,6722.164948453608,L,1101 DA,1101.0,110,zuidoost,False,Amstel III deel A/B-Noord,AMSTERDAM,,2022.0,N/A
1156,495000.0,74.0,2.0,3.0,0.0,6689.189189189189,M,1095 XB,1095.0,109,oost,False,Makassarpleinbuurt,AMSTERDAM,208.04,,B
1157,995000.0,132.0,2.0,4.0,0.0,7537.878787878788,XL,1016 RP,1016.0,101,centrum,True,Elandsgrachtbuurt,AMSTERDAM,,1905.0,D
1158,850000.0,87.0,2.0,3.0,0.0,9770.114942528735,L,1016 EJ,1016.0,101,centrum,True,Leidsegracht-Noord,AMSTERDAM,95.08,1671.0,N/A
1159,538000.0,81.0,2.0,3.0,1.0,6641.975308641975,L,1101 DA,1101.0,110,zuidoost,False,Amstel III deel A/B-Noord,AMSTERDAM,,2022.0,N/A
1160,385000.0,41.0,1.0,2.0,1.0,9390.243902439024,XS,1098 JE,1098.0,109,oost,False,Middenmeer-Noord,AMSTERDAM,,1930.0,A
1162,375000.0,39.0,2.0,3.0,0.0,9615.384615384615,XS,1098 JR,1098.0,109,oost,False,Middenmeer-Noord,AMSTERDAM,60.0,1930.0,A
1163,975000.0,149.0,3.0,4.0,0.0,6543.624161073825,XL,1098 KH,1098.0,109,oost,False,Linnaeusparkbuurt,AMSTERDAM,150.0,1927.0,N/A
1164,295000.0,62.0,2.0,3.0,1.0,4758.064516129032,S,1069 EG,1069.0,106,nieuw_west,False,Dijkgraafpleinbuurt,AMSTERDAM,121.36,1969.0,C
1165,595000.0,88.0,2.0,3.0,1.0,6761.363636363636,L,1061 WB,1061.0,106,nieuw_west,False,Overtoomse Veld-Noord,AMSTERDAM,187.0,,A
1166,975000.0,112.0,3.0,4.0,0.0,8705.357142857143,XL,1098 EW,1098.0,109,oost,False,Middenmeer-Noord,AMSTERDAM,100.0,1928.0,C
1167,2850000.0,219.0,7.0,8.0,0.0,13013.698630136987,XL,1054 GR,1054.0,105,west,False,Vondelparkbuurt-Midden,AMSTERDAM,250.0,1882.0,G
1168,300000.0,28.0,1.0,1.0,0.0,10714.285714285714,XS,1018 NL,1018.0,101,centrum,False,Czaar Peterbuurt,AMSTERDAM,79.6,1892.0,D
1169,605000.0,96.0,3.0,4.0,1.0,6302.083333333333,L,1025 WK,1025.0,102,noord,False,Elzenhagen-Zuid,AMSTERDAM,,2027.0,A++
1171,675000.0,71.0,2.0,3.0,0.0,9507.042253521127,M,1073 SC,1073.0,107,zuid,False,Burgemeester Tellegenbuurt-Oost,AMSTERDAM,120.0,1913.0,B
1172,475000.0,72.0,3.0,4.0,0.0,6597.222222222223,M,1022 AN,1022.0,102,noord,False,Vogelbuurt-Noord,AMSTERDAM,276.25,1928.0,D
1173,425000.0,45.0,1.0,2.0,0.0,9444.444444444445,XS,1052 XA,1052.0,105,west,False,Frederik Hendrikbuurt-Noord,AMSTERDAM,,1914.0,D
1177,627500.0,70.0,2.0,3.0,0.0,8964.285714285714,M,1096 DS,1096.0,109,oost,False,Weespertrekvaart,AMSTERDAM,,2024.0,N/A
1178,1650000.0,179.0,4.0,6.0,0.0,9217.877094972067,XL,1098 CJ,1098.0,109,oost,False,Middenmeer-Noord,AMSTERDAM,,1929.0,C
1179,1700000.0,175.0,5.0,8.0,1.0,9714.285714285714,XL,1075 CT,1075.0,107,zuid,False,Valeriusbuurt-West,AMSTERDAM,,1906.0,B
1180,835000.0,116.0,5.0,7.0,1.0,7198.275862068966,XL,1078 EA,1078.0,107,zuid,False,Wielingenbuurt,AMSTERDAM,221.0,1928.0,D
1181,1475000.0,138.0,3.0,4.0,0.0,10688.40579710145,XL,1017 EL,1017.0,101,centrum,True,Spiegelbuurt,AMSTERDAM,399.0,1735.0,N/A
1182,499000.0,60.0,2.0,3.0,0.0,8316.666666666666,S,1078 EL,1078.0,107,zuid,False,IJselbuurt-West,AMSTERDAM,156.0,1924.0,D
1183,745000.0,79.0,2.0,3.0,0.0,9430.379746835442,M,1018 XS,1018.0,101,centrum,False,Sarphatistrook,AMSTERDAM,110.0,1905.0,N/A
1184,335000.0,75.0,3.0,4.0,0.0,4466.666666666667,M,1104 EA,1104.0,110,zuidoost,False,Bijlmermuseum-Zuid,AMSTERDAM,,2015.0,A
1185,225000.0,34.0,1.0,1.0,0.0,6617.64705882353,XS,1102 ZG,1102.0,110,zuidoost,False,Venserpolder-Oost,AMSTERDAM,,1983.0,A
1186,1150000.0,117.0,3.0,4.0,0.0,9829.059829059828,XL,1018 CA,1018.0,101,centrum,False,Oostenburg,AMSTERDAM,,2021.0,A+++
1187,553725.0,86.0,2.0,3.0,1.0,6438.662790697675,L,1101 DA,1101.0,110,zuidoost,False,Amstel III deel A/B-Noord,AMSTERDAM,,2021.0,N/A
1188,750000.0,92.0,2.0,3.0,1.0,8152.173913043478,L,1013 LN,1013.0,101,west,False,Westelijke eilanden,AMSTERDAM,310.0,1905.0,N/A
1190,1495000.0,132.0,4.0,5.0,1.0,11325.757575757576,XL,1071 NC,1071.0,107,zuid,False,Concertgebouwbuurt,AMSTERDAM,165.0,1897.0,C
1192,745000.0,75.0,1.0,3.0,0.0,9933.333333333334,M,1018 CA,1018.0,101,centrum,False,Oostenburg,AMSTERDAM,,2021.0,A+++
1193,985000.0,100.0,2.0,4.0,0.0,9850.0,L,1013 MJ,1013.0,101,west,False,Planciusbuurt-Noord,AMSTERDAM,,2025.0,A++
1195,625000.0,86.0,2.0,3.0,1.0,7267.441860465116,L,1019 LG,1019.0,101,oost,False,KNSM-eiland,AMSTERDAM,323.68,1996.0,C
1196,800000.0,85.0,2.0,3.0,0.0,9411.764705882353,L,1074 HV,1074.0,107,zuid,False,Willibrordusbuurt,AMSTERDAM,125.0,1905.0,E
1197,495000.0,55.0,2.0,3.0,0.0,9000.0,S,1058 BT,1058.0,105,west,False,Postjeskade e.o.,AMSTERDAM,102.85,1935.0,D
1198,385000.0,40.0,1.0,2.0,0.0,9625.0,XS,1011 KE,1011.0,101,centrum,False,Zuiderkerkbuurt,AMSTERDAM,150.0,1850.0,B
1199,1950000.0,256.0,3.0,4.0,0.0,7617.1875,XL,1013 EC,1013.0,101,west,False,Westelijke eilanden,AMSTERDAM,691.33,1905.0,N/A
1201,475000.0,50.0,1.0,2.0,0.0,9500.0,XS,1012 VT,1012.0,101,centrum,False,Spuistraat-Zuid,AMSTERDAM,100.0,1718.0,A
1202,700000.0,89.0,1.0,2.0,0.0,7865.168539325843,L,1017 ZS,1017.0,101,centrum,True,Den Texbuurt,AMSTERDAM,,1905.0,C
1203,400000.0,48.0,2.0,3.0,0.0,8333.333333333334,XS,1057 ZR,1057.0,105,west,False,Filips van Almondekwartier,AMSTERDAM,174.42,1925.0,D
1204,530000.0,83.0,2.0,3.0,1.0,6385.542168674699,L,1095 MP,1095.0,109,oost,False,Sportheldenbuurt,AMSTERDAM,159.0,2021.0,A++
1205,432500.0,65.0,2.0,3.0,0.0,6653.846153846154,S,1102 AK,1102.0,110,zuidoost,False,D-buurt,AMSTERDAM,,2021.0,A++
1206,525000.0,50.0,1.0,2.0,0.0,10500.0,XS,1073 AE,1073.0,107,zuid,False,Van der Helstpleinbuurt,AMSTERDAM,145.0,1901.0,A
1208,525000.0,51.0,2.0,3.0,0.0,10294.117647058823,S,1079 DM,1079.0,107,zuid,False,Rijnbuurt-Midden,AMSTERDAM,,1934.0,A
1209,475000.0,66.0,3.0,4.0,0.0,7196.969696969697,S,1055 CA,1055.0,105,west,False,Erasmusparkbuurt-West,AMSTERDAM,281.0,1950.0,F
1210,620000.0,78.0,2.0,3.0,1.0,7948.717948717948,M,1031 KN,1031.0,103,noord,False,Overhoeks,AMSTERDAM,,2025.0,N/A
1211,400000.0,47.0,1.0,2.0,0.0,8510.63829787234,XS,1073 BD,1073.0,107,zuid,False,Sarphatiparkbuurt,AMSTERDAM,171.0,1892.0,D
1212,425000.0,61.0,2.0,3.0,0.0,6967.213114754099,S,1058 GK,1058.0,105,west,False,Paramariboplein e.o.,AMSTERDAM,107.65,1956.0,F
1213,995000.0,163.0,2.0,3.0,1.0,6104.294478527608,XL,1018 WA,1018.0,101,centrum,False,Wittenburg,AMSTERDAM,350.0,2005.0,A+
1214,275000.0,22.0,1.0,2.0,0.0,12500.0,XS,1015 WK,1015.0,101,centrum,True,Zaagpoortbuurt,AMSTERDAM,105.0,1871.0,G
1216,775000.0,74.0,2.0,3.0,1.0,10472.972972972973,M,1096 AM,1096.0,109,oost,False,De Omval,AMSTERDAM,,2021.0,A+
1217,495000.0,84.0,1.0,2.0,1.0,5892.857142857143,L,1065 DB,1065.0,106,nieuw_west,False,Jacques Veldmanbuurt,AMSTERDAM,264.05,2003.0,A+
1218,399000.0,50.0,1.0,2.0,1.0,7980.0,XS,1062 HE,1062.0,106,nieuw_west,False,Schipluidenbuurt,AMSTERDAM,,2026.0,A++++
1219,675000.0,73.0,1.0,2.0,6.0,9246.575342465754,M,1016 AA,1016.0,101,centrum,True,Leliegracht e.o.,AMSTERDAM,325.88,,A
1220,650000.0,75.0,2.0,3.0,0.0,8666.666666666666,M,1053 KE,1053.0,105,west,False,Lootsbuurt,AMSTERDAM,191.0,1993.0,A
1221,449000.0,82.0,3.0,4.0,1.0,5475.609756097561,L,1062 GR,1062.0,106,nieuw_west,False,Delflandpleinbuurt-West,AMSTERDAM,304.0,1965.0,D
1222,850000.0,96.0,3.0,3.0,0.0,8854.166666666666,L,1017 TZ,1017.0,101,centrum,True,Weteringbuurt,AMSTERDAM,,1939.0,B
1223,649000.0,82.0,2.0,3.0,0.0,7914.634146341464,L,1019 DT,1019.0,101,oost,False,Rietlanden,AMSTERDAM,166.0,2001.0,A
1224,415000.0,85.0,2.0,3.0,0.0,4882.35294117647,L,1060 PJ,1060.0,106,nieuw_west,False,De Aker-West,AMSTERDAM,182.09,1998.0,A+
1225,750000.0,79.0,2.0,4.0,0.0,9493.67088607595,M,1058 TN,1058.0,105,west,False,Westlandgrachtbuurt,AMSTERDAM,,1934.0,B
1226,1195000.0,131.0,1.0,3.0,1.0,9122.137404580153,XL,1016 DV,1016.0,101,centrum,True,Felix Meritisbuurt,AMSTERDAM,135.0,1788.0,N/A
1227,283377.0,31.0,1.0,2.0,1.0,9141.193548387097,XS,1095 PA,1095.0,109,oost,False,Sluisbuurt,AMSTERDAM,,2025.0,N/A
1228,699000.0,94.0,3.0,4.0,0.0,7436.170212765957,L,1057 XS,1057.0,105,west,False,Filips van Almondekwartier,AMSTERDAM,271.69,1912.0,C
1230,400000.0,74.0,2.0,3.0,1.0,5405.405405405405,M,1064 AC,1064.0,106,nieuw_west,False,Noordoever Sloterplas,AMSTERDAM,,1957.0,E
1231,550000.0,78.0,2.0,3.0,1.0,7051.282051282052,M,1019 KK,1019.0,101,oost,False,Entrepot-Noordwest,AMSTERDAM,311.55,1992.0,C
1232,420000.0,55.0,1.0,2.0,0.0,7636.363636363636,S,1059 BB,1059.0,105,west,False,Aalsmeerwegbuurt-Oost,AMSTERDAM,331.0,1929.0,N/A
1233,585000.0,63.0,2.0,3.0,0.0,9285.714285714286,S,1018 CA,1018.0,101,centrum,False,Oostenburg,AMSTERDAM,,2021.0,A+++
1234,825000.0,123.0,3.0,4.0,0.0,6707.317073170731,XL,1078 AK,1078.0,107,zuid,False,IJselbuurt-West,AMSTERDAM,280.0,1924.0,B
1235,545000.0,58.0,2.0,3.0,0.0,9396.551724137931,S,1016 DA,1016.0,101,centrum,True,Marnixbuurt-Zuid,AMSTERDAM,51.41,1914.0,D
1236,349500.0,66.0,2.0,3.0,0.0,5295.454545454545,S,1068 MB,1068.0,106,nieuw_west,False,Wildeman,AMSTERDAM,321.0,1960.0,D
1237,344000.0,34.0,1.0,2.0,1.0,10117.64705882353,XS,1032 KW,1032.0,103,noord,False,Klaprozenbuurt,AMSTERDAM,,2025.0,A++
1238,725000.0,106.0,2.0,3.0,1.0,6839.622641509434,XL,1019 HG,1019.0,101,oost,False,Architectenbuurt,AMSTERDAM,260.0,1905.0,C
1239,585000.0,66.0,2.0,3.0,0.0,8863.636363636364,S,1078 EL,1078.0,107,zuid,False,IJselbuurt-West,AMSTERDAM,107.0,1925.0,C
1240,350000.0,87.0,3.0,4.0,1.0,4022.9885057471265,L,1108 DW,1108.0,110,zuidoost,False,L-buurt,AMSTERDAM,,1980.0,D
1241,550000.0,44.0,1.0,2.0,0.0,12500.0,XS,1071 NG,1071.0,107,zuid,False,Cornelis Schuytbuurt,AMSTERDAM,62.5,1905.0,E
1245,750000.0,83.0,3.0,5.0,0.0,9036.144578313253,L,1076 JR,1076.0,107,zuid,False,Van Tuyllbuurt,AMSTERDAM,143.95,1930.0,D
1246,640000.0,82.0,2.0,3.0,1.0,7804.878048780488,L,1092 BB,1092.0,109,oost,False,Oosterparkbuurt-Zuidoost,AMSTERDAM,,1997.0,B
1247,600000.0,108.0,3.0,4.0,0.0,5555.555555555556,XL,1054 LT,1054.0,105,west,False,Vondelparkbuurt-West,AMSTERDAM,100.0,1920.0,N/A
1248,465000.0,54.0,2.0,3.0,0.0,8611.111111111111,S,1079 LB,1079.0,107,zuid,False,Kromme Mijdrechtbuurt,AMSTERDAM,221.0,1929.0,N/A
1249,500000.0,55.0,1.0,2.0,0.0,9090.90909090909,S,1052 JV,1052.0,105,west,False,Frederik Hendrikbuurt-Zuidoost,AMSTERDAM,90.0,1882.0,D
1250,420000.0,47.0,1.0,2.0,0.0,8936.170212765957,XS,1013 JM,1013.0,101,west,False,Haarlemmerbuurt-West,AMSTERDAM,150.77,1991.0,C
1251,1060000.0,123.0,4.0,6.0,0.0,8617.886178861789,XL,1078 NR,1078.0,107,zuid,False,Scheldebuurt-Midden,AMSTERDAM,241.99,1930.0,C
1252,1500000.0,153.0,3.0,4.0,0.0,9803.921568627451,XL,1019 AL,1019.0,101,oost,False,Cruquiusbuurt,AMSTERDAM,428.22,2022.0,A+++
1254,545000.0,80.0,3.0,4.0,0.0,6812.5,L,1024 KV,1024.0,102,noord,False,Markengouw-Zuid,AMSTERDAM,,2026.0,N/A
1256,335000.0,69.0,2.0,3.0,1.0,4855.072463768116,M,1108 BJ,1108.0,110,zuidoost,False,L-buurt,AMSTERDAM,,1980.0,A
1257,450000.0,58.0,2.0,3.0,0.0,7758.620689655172,S,1056 JZ,1056.0,105,west,False,Geuzenhofbuurt,AMSTERDAM,175.91,1940.0,N/A
1258,425000.0,88.0,3.0,4.0,1.0,4829.545454545455,L,1068 CD,1068.0,106,nieuw_west,False,Meer en Oever,AMSTERDAM,181.37,1966.0,D
1261,463000.0,74.0,1.0,2.0,0.0,6256.756756756757,M,1064 AB,1064.0,106,nieuw_west,False,Noordoever Sloterplas,AMSTERDAM,0.0,2025.0,N/A
1262,725000.0,95.0,2.0,5.0,0.0,7631.578947368421,L,1015 TJ,1015.0,101,centrum,True,Bloemgrachtbuurt,AMSTERDAM,179.0,1905.0,C
1263,510000.0,65.0,2.0,3.0,0.0,7846.153846153846,S,1064 AB,1064.0,106,nieuw_west,False,Noordoever Sloterplas,AMSTERDAM,,2024.0,N/A
1264,500000.0,61.0,2.0,3.0,0.0,8196.72131147541,S,1064 AB,1064.0,106,nieuw_west,False,Noordoever Sloterplas,AMSTERDAM,,2024.0,N/A
1266,319500.0,65.0,1.0,2.0,1.0,4915.384615384615,S,1102 CB,1102.0,110,zuidoost,False,Rechte H-buurt,AMSTERDAM,253.0,1969.0,A+
1267,3000000.0,169.0,3.0,6.0,2.0,17751.479289940828,XL,1071 RL,1071.0,107,zuid,False,Johannes Vermeerbuurt,AMSTERDAM,168.06,1910.0,A
1269,825000.0,127.0,2.0,3.0,0.0,6496.062992125984,XL,1012 JD,1012.0,101,centrum,False,Kop Zeedijk,AMSTERDAM,180.0,1598.0,N/A
1270,685000.0,91.0,2.0,3.0,1.0,7527.472527472528,L,1061 AV,1061.0,106,nieuw_west,False,Overtoomse Veld-Noord,AMSTERDAM,,2027.0,A+++
1271,475000.0,57.0,2.0,3.0,0.0,8333.333333333334,S,1098 HC,1098.0,109,oost,False,Middenmeer-Noord,AMSTERDAM,,1929.0,N/A
1272,425000.0,48.0,2.0,3.0,0.0,8854.166666666666,XS,1057 VP,1057.0,105,west,False,Columbusplein e.o.,AMSTERDAM,142.0,1929.0,C
1273,400000.0,70.0,3.0,4.0,0.0,5714.285714285715,M,1067 XN,1067.0,106,nieuw_west,False,Bakemabuurt,AMSTERDAM,140.0,1957.0,A
1274,700000.0,94.0,2.0,3.0,1.0,7446.808510638298,L,1019 PG,1019.0,101,oost,False,Java-eiland,AMSTERDAM,,2001.0,B
1276,775000.0,81.0,2.0,3.0,0.0,9567.901234567902,L,1057 HK,1057.0,105,west,False,Kortenaerkwartier,AMSTERDAM,195.0,1923.0,A
1277,900000.0,116.0,4.0,5.0,1.0,7758.620689655172,XL,1058 GB,1058.0,105,west,False,Andreasterrein,AMSTERDAM,217.0,2009.0,A+
1278,650000.0,69.0,2.0,3.0,0.0,9420.289855072464,M,1015 NB,1015.0,101,centrum,True,Anjeliersbuurt-Noord,AMSTERDAM,180.0,1905.0,C
1279,450000.0,56.0,2.0,4.0,0.0,8035.714285714285,S,1079 GH,1079.0,107,zuid,False,Scheldebuurt-Oost,AMSTERDAM,164.43,1934.0,D
1280,395000.0,95.0,3.0,4.0,1.0,4157.894736842105,L,1103 DT,1103.0,110,zuidoost,False,G-buurt-West,AMSTERDAM,,1999.0,A
1281,975000.0,132.0,2.0,3.0,0.0,7386.363636363636,XL,1016 VS,1016.0,101,centrum,True,Elandsgrachtbuurt,AMSTERDAM,,1600.0,N/A
1282,590000.0,85.0,3.0,4.0,1.0,6941.176470588235,L,1081 GG,1081.0,108,zuid,False,Buitenveldert-Zuidwest,AMSTERDAM,,1967.0,A
1283,375000.0,35.0,1.0,2.0,0.0,10714.285714285714,XS,1017 RS,1017.0,101,centrum,True,Leidsebuurt-Zuidoost,AMSTERDAM,140.0,1827.0,C
1287,495000.0,65.0,2.0,3.0,0.0,7615.384615384615,S,1056 JP,1056.0,105,west,False,Landlust-Zuid,AMSTERDAM,90.0,1934.0,C
1289,1250000.0,125.0,3.0,4.0,1.0,10000.0,XL,1077 TB,1077.0,107,zuid,False,Minervabuurt-Midden,AMSTERDAM,,1957.0,N/A
1290,895000.0,140.0,3.0,4.0,0.0,6392.857142857143,XL,1043 EV,1043.0,104,nieuw_west,False,Sloterdijk Stationskwartier,AMSTERDAM,434.31,2023.0,A++
1291,375000.0,40.0,1.0,2.0,0.0,9375.0,XS,1094 KS,1094.0,109,oost,False,Timorpleinbuurt-Zuid,AMSTERDAM,77.0,1905.0,C
1292,616000.0,83.0,2.0,3.0,0.0,7421.686746987952,L,1064 AB,1064.0,106,nieuw_west,False,Noordoever Sloterplas,AMSTERDAM,0.0,2024.0,N/A
1293,565000.0,64.0,1.0,2.0,0.0,8828.125,S,1072 CG,1072.0,107,zuid,False,Frans Halsbuurt,AMSTERDAM,134.86,1984.0,C
1294,707500.0,81.0,2.0,3.0,0.0,8734.567901234568,L,1096 DS,1096.0,109,oost,False,Weespertrekvaart,AMSTERDAM,,2024.0,N/A
1295,450000.0,51.0,1.0,2.0,0.0,8823.529411764706,S,1072 AT,1072.0,107,zuid,False,Hercules Seghersbuurt,AMSTERDAM,72.0,1900.0,B
1296,350000.0,75.0,3.0,4.0,1.0,4666.666666666667,M,1107 LK,1107.0,110,zuidoost,False,Gein 2,AMSTERDAM,172.09,1983.0,C
1297,550000.0,64.0,2.0,3.0,0.0,8593.75,S,1058 SP,1058.0,105,west,False,Westlandgrachtbuurt,AMSTERDAM,205.0,1934.0,F
1298,475000.0,81.0,2.0,3.0,1.0,5864.197530864198,L,1083 BW,1083.0,108,zuid,False,Buitenveldert-Zuidoost,AMSTERDAM,199.03,1968.0,C
1300,575000.0,88.0,2.0,3.0,1.0,6534.090909090909,L,1082 HH,1082.0,108,zuid,False,Buitenveldert-Zuid-Midden,AMSTERDAM,246.4,1967.0,D
1301,590000.0,59.0,1.0,2.0,1.0,10000.0,S,1031 KN,1031.0,103,noord,False,Overhoeks,AMSTERDAM,,2025.0,N/A
1302,335779.0,40.0,1.0,2.0,0.0,8394.475,XS,1064 AB,1064.0,106,nieuw_west,False,Noordoever Sloterplas,AMSTERDAM,,2027.0,A++
1303,405000.0,56.0,2.0,3.0,0.0,7232.142857142857,S,1024 KV,1024.0,102,noord,False,Markengouw-Zuid,AMSTERDAM,,2026.0,N/A
1304,850000.0,100.0,3.0,5.0,0.0,8500.0,L,1078 NC,1078.0,107,zuid,False,Scheldebuurt-Midden,AMSTERDAM,,1930.0,B
1305,335000.0,65.0,2.0,3.0,0.0,5153.846153846154,S,1024 TX,1024.0,102,noord,False,Werengouw-Midden,AMSTERDAM,156.66,1965.0,A
1306,650000.0,75.0,2.0,4.0,0.0,8666.666666666666,M,1051 KZ,1051.0,105,west,False,Fannius Scholtenbuurt,AMSTERDAM,140.0,1904.0,A
1307,1125000.0,125.0,3.0,4.0,0.0,9000.0,XL,1018 SW,1018.0,101,centrum,False,Plantage,AMSTERDAM,,1884.0,C
1309,6980000.0,388.0,5.0,7.0,2.0,17989.690721649484,XL,1075 AV,1075.0,107,zuid,False,Willemsparkbuurt-Noord,AMSTERDAM,,2021.0,A+++
1310,495000.0,51.0,2.0,3.0,0.0,9705.882352941177,S,1056 RD,1056.0,105,west,False,Robert Scottbuurt-Oost,AMSTERDAM,137.0,1930.0,B
1311,350000.0,77.0,2.0,3.0,1.0,4545.454545454545,M,1069 GV,1069.0,106,nieuw_west,False,Zuidwestkwadrant-Noord,AMSTERDAM,239.96,1962.0,C
1312,475000.0,52.0,1.0,2.0,0.0,9134.615384615385,S,1015 SR,1015.0,101,centrum,True,Bloemgrachtbuurt,AMSTERDAM,50.0,,C
1313,385000.0,81.0,3.0,4.0,0.0,4753.086419753086,L,1104 MN,1104.0,110,zuidoost,False,Kortvoort,AMSTERDAM,211.93,1985.0,A
1316,425000.0,59.0,2.0,3.0,0.0,7203.389830508475,S,1055 HA,1055.0,105,west,False,Bosleeuw,AMSTERDAM,205.53,1940.0,C
1317,695000.0,112.0,1.0,2.0,1.0,6205.357142857143,XL,1018 WA,1018.0,101,centrum,False,Wittenburg,AMSTERDAM,245.98,2004.0,A+
1318,485000.0,49.0,1.0,2.0,0.0,9897.959183673469,XS,1018 CA,1018.0,101,centrum,False,Oostenburg,AMSTERDAM,0.0,2021.0,A+++
1319,775000.0,82.0,2.0,3.0,0.0,9451.219512195123,L,1054 JH,1054.0,105,west,False,WG-terrein,AMSTERDAM,125.0,1906.0,F
1320,840000.0,81.0,1.0,3.0,1.0,10370.37037037037,L,1096 GR,1096.0,109,oost,False,Amstelkwartier-Noord,AMSTERDAM,,2021.0,A+++
1322,1100000.0,127.0,3.0,5.0,1.0,8661.417322834646,XL,1059 CV,1059.0,105,west,False,Aalsmeerwegbuurt-Oost,AMSTERDAM,292.14,1928.0,B
1323,495000.0,55.0,2.0,3.0,0.0,9000.0,S,1056 RB,1056.0,105,west,False,Robert Scottbuurt-Oost,AMSTERDAM,243.6,1927.0,B
1324,1400000.0,153.0,3.0,4.0,1.0,9150.32679738562,XL,1093 KP,1093.0,109,oost,False,Oostpoort,AMSTERDAM,303.28,,A
1325,695000.0,73.0,2.0,4.0,0.0,9520.547945205479,M,1073 GE,1073.0,107,zuid,False,Van der Helstpleinbuurt,AMSTERDAM,105.0,1896.0,N/A
1326,400000.0,42.0,2.0,3.0,0.0,9523.809523809523,XS,1079 TM,1079.0,107,zuid,False,Rijnbuurt-Oost,AMSTERDAM,130.0,1898.0,A
1328,1440000.0,126.0,3.0,4.0,1.0,11428.57142857143,XL,1031 KB,1031.0,103,noord,False,Overhoeks,AMSTERDAM,257.0,2007.0,A
1329,1420000.0,128.0,3.0,5.0,0.0,11093.75,XL,1057 ZR,1057.0,105,west,False,Filips van Almondekwartier,AMSTERDAM,,2021.0,A++++
1330,543000.0,81.0,2.0,3.0,1.0,6703.7037037037035,L,1101 DA,1101.0,110,zuidoost,False,Amstel III deel A/B-Noord,AMSTERDAM,,2022.0,N/A
1332,625000.0,125.0,2.0,3.0,0.0,5000.0,XL,1087 JJ,1087.0,108,oost,False,Ed Pelsterparkbuurt,AMSTERDAM,357.01,2006.0,A
1333,405000.0,56.0,2.0,3.0,0.0,7232.142857142857,S,1024 KV,1024.0,102,noord,False,Markengouw-Zuid,AMSTERDAM,,2026.0,N/A
1334,550000.0,72.0,2.0,3.0,1.0,7638.888888888889,M,1036 LA,1036.0,103,noord,False,De Bongerd,AMSTERDAM,167.07,2023.0,A+++
1335,575000.0,68.0,2.0,3.0,0.0,8455.882352941177,M,1054 DB,1054.0,105,west,False,Helmersbuurt-Oost,AMSTERDAM,83.0,1911.0,G
1336,695000.0,93.0,3.0,4.0,0.0,7473.118279569892,L,1091 WT,1091.0,109,oost,False,Transvaalbuurt-West,AMSTERDAM,204.0,1985.0,B
1338,500000.0,68.0,2.0,3.0,0.0,7352.941176470588,M,1082 TE,1082.0,108,zuid,False,Gelderlandpleinbuurt,AMSTERDAM,191.99,1963.0,D
1339,1350000.0,144.0,4.0,5.0,0.0,9375.0,XL,1054 AA,1054.0,105,west,False,Helmersbuurt-Oost,AMSTERDAM,250.0,1893.0,C
1340,595000.0,62.0,1.0,2.0,1.0,9596.774193548386,S,1031 KN,1031.0,103,noord,False,Overhoeks,AMSTERDAM,,2025.0,N/A
1341,390000.0,76.0,2.0,3.0,1.0,5131.578947368421,M,1068 MK,1068.0,106,nieuw_west,False,Wildeman,AMSTERDAM,186.54,2003.0,A
1342,352000.0,47.0,1.0,3.0,0.0,7489.36170212766,XS,1033 RC,1033.0,103,noord,False,NDSM terrein,AMSTERDAM,,2021.0,A++
1343,600000.0,79.0,1.0,2.0,1.0,7594.93670886076,M,1091 ST,1091.0,109,oost,False,Weesperzijde-Midden/Zuid,AMSTERDAM,,2006.0,A
1344,370000.0,37.0,1.0,2.0,0.0,10000.0,XS,1072 TV,1072.0,107,zuid,False,Hercules Seghersbuurt,AMSTERDAM,82.0,1895.0,D
1345,325000.0,50.0,1.0,1.0,0.0,6500.0,XS,1102 ST,1102.0,110,zuidoost,False,Venserpolder-West,AMSTERDAM,129.78,2006.0,A
1346,430000.0,52.0,1.0,2.0,0.0,8269.23076923077,S,1094 KT,1094.0,109,oost,False,Timorpleinbuurt-Zuid,AMSTERDAM,60.0,1905.0,B
1348,335779.0,40.0,1.0,2.0,0.0,8394.475,XS,1064 AB,1064.0,106,nieuw_west,False,Noordoever Sloterplas,AMSTERDAM,,2027.0,A++
1349,375000.0,48.0,1.0,2.0,0.0,7812.5,XS,1055 TM,1055.0,105,west,False,Landlust-Zuid,AMSTERDAM,,,C
1350,795000.0,96.0,2.0,3.0,1.0,8281.25,L,1019 HD,1019.0,101,oost,False,Oostelijke Handelskade,AMSTERDAM,282.41,2006.0,A+
1352,511000.0,70.0,2.0,3.0,0.0,7300.0,M,1064 AB,1064.0,106,nieuw_west,False,Noordoever Sloterplas,AMSTERDAM,0.0,2024.0,N/A
1353,1045000.0,101.0,2.0,4.0,1.0,10346.534653465347,L,1096 GV,1096.0,109,oost,False,Amstelkwartier-Noord,AMSTERDAM,,2021.0,A+++
1354,400000.0,40.0,1.0,2.0,0.0,10000.0,XS,1053 GT,1053.0,105,west,False,Lootsbuurt,AMSTERDAM,128.0,1900.0,C
1355,800000.0,150.0,4.0,5.0,1.0,5333.333333333333,XL,1087 VE,1087.0,108,oost,False,Centrumeiland,AMSTERDAM,,2022.0,A++++
1356,595000.0,79.0,1.0,2.0,0.0,7531.645569620253,M,1094 KV,1094.0,109,oost,False,Timorpleinbuurt-Zuid,AMSTERDAM,142.0,1905.0,B
1357,1950000.0,215.0,4.0,5.0,1.5,9069.767441860466,XL,1011 CN,1011.0,101,centrum,False,Lastage,AMSTERDAM,458.0,1932.0,B
1359,435000.0,42.0,1.0,2.0,0.0,10357.142857142857,XS,1031 XR,1031.0,103,noord,False,Van der Pekbuurt,AMSTERDAM,81.0,1919.0,B
1361,575000.0,67.0,1.0,2.0,0.0,8582.089552238805,M,1012 ET,1012.0,101,centrum,False,Burgwallen-Oost,AMSTERDAM,123.8,1685.0,D
1363,350000.0,36.0,1.0,2.0,0.0,9722.222222222223,XS,1073 XM,1073.0,107,zuid,False,Gerard Doubuurt,AMSTERDAM,,1877.0,D
1364,665000.0,106.0,3.0,4.0,1.0,6273.584905660377,XL,1025 WK,1025.0,102,noord,False,Elzenhagen-Zuid,AMSTERDAM,,2027.0,A
1365,325000.0,33.0,1.0,2.0,0.0,9848.484848484848,XS,1094 HM,1094.0,109,oost,False,Timorpleinbuurt-Zuid,AMSTERDAM,106.53,1906.0,B
1366,875000.0,83.0,2.0,3.0,1.0,10542.168674698794,L,1077 TB,1077.0,107,zuid,False,Minervabuurt-Midden,AMSTERDAM,,1957.0,N/A
1368,277037.0,59.0,2.0,3.0,1.0,4695.542372881356,S,1032 KW,1032.0,103,noord,False,Klaprozenbuurt,AMSTERDAM,,2025.0,N/A
1369,475000.0,62.0,1.0,2.0,1.0,7661.290322580645,S,1095 BJ,1095.0,109,oost,False,Sumatraplantsoenbuurt,AMSTERDAM,230.0,1983.0,A
1370,725000.0,116.0,2.0,3.0,1.0,6250.0,XL,1098 WS,1098.0,109,oost,False,Park de Meer,AMSTERDAM,242.85,2003.0,B
1371,395000.0,48.0,2.0,3.0,0.0,8229.166666666666,XS,1055 CR,1055.0,105,west,False,Erasmusparkbuurt-West,AMSTERDAM,143.15,1940.0,A
1372,701250.0,91.0,2.0,3.0,1.0,7706.043956043956,L,1061 AV,1061.0,106,nieuw_west,False,Overtoomse Veld-Noord,AMSTERDAM,,2027.0,A+++
1373,319000.0,40.0,1.0,2.0,0.0,7975.0,XS,1081 GS,1081.0,108,zuid,False,Buitenveldert-Zuidwest,AMSTERDAM,101.5,1985.0,C
1375,1675000.0,153.0,5.0,6.0,0.0,10947.712418300654,XL,1054 AM,1054.0,105,west,False,Helmersbuurt-Oost,AMSTERDAM,227.0,1889.0,B
1376,369000.0,39.0,2.0,3.0,0.0,9461.538461538461,XS,1091 GV,1091.0,109,oost,False,Weesperzijde-Noord,AMSTERDAM,70.0,,A
1377,375000.0,39.0,1.0,2.0,0.0,9615.384615384615,XS,1054 XX,1054.0,105,west,False,Cremerbuurt-West,AMSTERDAM,67.0,1911.0,B
1380,545000.0,69.0,2.0,3.0,0.0,7898.550724637681,M,1091 HN,1091.0,109,oost,False,Oosterparkbuurt-Zuidwest,AMSTERDAM,184.5,1994.0,C
1381,750000.0,96.0,2.0,3.0,0.0,7812.5,L,1016 XA,1016.0,101,centrum,True,Elandsgrachtbuurt,AMSTERDAM,160.0,1901.0,B
1382,350000.0,79.0,2.0,3.0,1.0,4430.379746835443,M,1035 CL,1035.0,103,noord,False,Molenwijk,AMSTERDAM,257.55,1968.0,B
1384,785000.0,74.0,2.0,3.0,1.0,10608.108108108108,M,1096 AM,1096.0,109,oost,False,De Omval,AMSTERDAM,,2021.0,A+
1385,971781.0,87.0,2.0,3.0,1.0,11169.896551724138,L,1013 SH,1013.0,101,west,False,Spaarndammerbuurt-Noordwest,AMSTERDAM,252.0,2024.0,N/A
1387,575000.0,93.0,2.0,3.0,0.0,6182.795698924731,L,1086 ZJ,1086.0,108,oost,False,Steigereiland-Noord,AMSTERDAM,177.0,2009.0,A
1388,1485000.0,141.0,3.0,4.0,0.0,10531.91489361702,XL,1077 AN,1077.0,107,zuid,False,Minervabuurt-Noord,AMSTERDAM,135.0,1931.0,D
1389,475000.0,57.0,2.0,3.0,0.0,8333.333333333334,S,1013 CS,1013.0,101,west,False,Spaarndammerbuurt-Zuidoost,AMSTERDAM,121.06,1988.0,A
1390,515000.0,53.0,1.0,2.0,0.0,9716.981132075472,S,1018 CA,1018.0,101,centrum,False,Oostenburg,AMSTERDAM,0.0,2021.0,A+++
1391,745000.0,83.0,2.0,3.0,0.0,8975.903614457831,L,1017 GA,1017.0,101,centrum,True,Leidsegracht-Zuid,AMSTERDAM,170.0,1753.0,A
1394,885000.0,95.0,2.0,3.0,1.0,9315.78947368421,L,1062 LE,1062.0,106,nieuw_west,False,Koningin Wilhelminaplein,AMSTERDAM,143.29,2025.0,A++
1395,375000.0,73.0,2.0,3.0,0.0,5136.986301369863,M,1065 EE,1065.0,106,nieuw_west,False,Jacques Veldmanbuurt,AMSTERDAM,237.37,1960.0,E
1396,595000.0,96.0,3.0,4.0,0.0,6197.916666666667,L,1098 WR,1098.0,109,oost,False,Park de Meer,AMSTERDAM,205.0,2003.0,A
1397,1197000.0,128.0,3.0,4.0,0.0,9351.5625,XL,1052 GP,1052.0,105,west,False,Frederik Hendrikbuurt-Noord,AMSTERDAM,50.0,1921.0,C
1398,625000.0,66.0,1.0,2.0,0.0,9469.69696969697,S,1054 CK,1054.0,105,west,False,Helmersbuurt-Oost,AMSTERDAM,151.67,1901.0,C
1399,375000.0,60.0,2.0,3.0,0.0,6250.0,S,1024 TW,1024.0,102,noord,False,Werengouw-Midden,AMSTERDAM,156.66,1965.0,D
1400,629000.0,81.0,2.0,3.0,0.0,7765.432098765432,L,1097 HM,1097.0,109,oost,False,Julianapark,AMSTERDAM,154.04,1990.0,A
1401,325000.0,34.0,1.0,2.0,1.0,9558.823529411764,XS,1083 EL,1083.0,108,zuid,False,Buitenveldert-Zuidoost,AMSTERDAM,84.21,1967.0,B
1402,800000.0,84.0,3.0,4.0,1.0,9523.809523809523,L,1098 CV,1098.0,109,oost,False,Middenmeer-Noord,AMSTERDAM,150.0,1910.0,A
1403,635000.0,65.0,3.0,4.0,0.0,9769.23076923077,S,1017 WB,1017.0,101,centrum,True,Utrechtsebuurt-Zuid,AMSTERDAM,130.58,1779.0,A
1404,550000.0,88.0,2.0,3.0,1.0,6250.0,L,1087 GT,1087.0,108,oost,False,Ed Pelsterparkbuurt,AMSTERDAM,,2008.0,A+
1405,615000.0,70.0,2.0,3.0,0.0,8785.714285714286,M,1096 DS,1096.0,109,oost,False,Weespertrekvaart,AMSTERDAM,,2024.0,N/A
1406,499000.0,49.0,1.0,2.0,1.0,10183.673469387755,XS,1095 AM,1095.0,109,oost,False,Makassarpleinbuurt,AMSTERDAM,0.0,2021.0,N/A
1407,481000.0,72.0,2.0,3.0,1.0,6680.555555555556,M,1101 DA,1101.0,110,zuidoost,False,Amstel III deel A/B-Noord,AMSTERDAM,,2022.0,N/A
1409,825000.0,155.0,3.0,4.0,1.0,5322.580645161291,XL,1068 PM,1068.0,106,nieuw_west,False,Meer en Oever,AMSTERDAM,283.0,2006.0,A
1410,277037.0,59.0,2.0,3.0,1.0,4695.542372881356,S,1032 KW,1032.0,103,noord,False,Klaprozenbuurt,AMSTERDAM,,2025.0,N/A
1411,1500000.0,127.0,2.0,4.0,1.0,11811.023622047243,XL,1071 HM,1071.0,107,zuid,False,Cornelis Schuytbuurt,AMSTERDAM,361.26,2003.0,A
1413,1290000.0,114.0,3.0,4.0,1.0,11315.78947368421,XL,1031 HX,1031.0,103,noord,False,Buiksloterham-Zuid,AMSTERDAM,,2021.0,A+++
1414,445000.0,45.0,1.0,2.0,0.0,9888.888888888889,XS,1018 CA,1018.0,101,centrum,False,Oostenburg,AMSTERDAM,0.0,2021.0,A+++
1415,1125000.0,122.0,2.0,4.0,0.0,9221.311475409837,XL,1091 EB,1091.0,109,oost,False,Weesperzijde-Noord,AMSTERDAM,200.0,1880.0,N/A
1416,280646.0,31.0,1.0,2.0,1.0,9053.09677419355,XS,1095 PA,1095.0,109,oost,False,Sluisbuurt,AMSTERDAM,,2025.0,N/A
1417,975000.0,113.0,2.0,4.0,0.0,8628.318584070796,XL,1052 JA,1052.0,105,west,False,Frederik Hendrikbuurt-Zuidoost,AMSTERDAM,387.88,1905.0,D
1418,625000.0,71.0,2.0,3.0,0.0,8802.81690140845,M,1013 LT,1013.0,101,west,False,Westelijke eilanden,AMSTERDAM,136.0,2005.0,A
1419,575000.0,77.0,2.0,3.0,1.0,7467.532467532467,M,1093 HR,1093.0,109,oost,False,Dapperbuurt-Zuid,AMSTERDAM,215.78,1998.0,A
1420,1950000.0,219.0,4.0,6.0,1.5,8904.109589041096,XL,1014 ZJ,1014.0,101,west,False,Houthavens-West,AMSTERDAM,346.0,2020.0,A++
1422,649000.0,78.0,3.0,4.0,0.0,8320.51282051282,M,1079 HD,1079.0,107,zuid,False,Rijnbuurt-Oost,AMSTERDAM,150.0,1935.0,C
1423,405000.0,56.0,2.0,3.0,0.0,7232.142857142857,S,1024 KV,1024.0,102,noord,False,Markengouw-Zuid,AMSTERDAM,,2026.0,N/A
1424,339000.0,39.0,1.0,2.0,0.0,8692.307692307691,XS,1051 ER,1051.0,105,west,False,Westerstaatsman,AMSTERDAM,,1912.0,C
1425,325000.0,67.0,2.0,3.0,0.0,4850.746268656716,M,1066 EG,1066.0,106,nieuw_west,False,Dorp Sloten,AMSTERDAM,187.55,1982.0,B
1427,519000.0,76.0,2.0,3.0,0.0,6828.9473684210525,M,1082 NM,1082.0,108,zuid,False,Buitenveldert-Oost-Midden,AMSTERDAM,201.63,1986.0,A
1428,600000.0,62.0,1.0,2.0,0.0,9677.41935483871,S,1017 DN,1017.0,101,centrum,True,Spiegelbuurt,AMSTERDAM,153.52,1970.0,N/A
1429,745000.0,78.0,2.0,3.0,0.0,9551.28205128205,M,1075 VZ,1075.0,107,zuid,False,Valeriusbuurt-West,AMSTERDAM,120.0,1912.0,C
1430,750000.0,67.0,2.0,3.0,1.0,11194.029850746268,M,1015 BS,1015.0,101,centrum,True,Leliegracht e.o.,AMSTERDAM,187.0,1620.0,B
1432,595000.0,70.0,3.0,4.0,0.0,8500.0,M,1098 EE,1098.0,109,oost,False,Linnaeusparkbuurt,AMSTERDAM,150.0,1905.0,A
1433,1200000.0,87.0,2.0,3.0,1.0,13793.103448275862,L,1017 DG,1017.0,101,centrum,True,Spiegelbuurt,AMSTERDAM,,1692.0,A+
1434,335000.0,29.0,1.0,2.0,1.0,11551.724137931034,XS,1013 MD,1013.0,101,west,False,Westelijke eilanden,AMSTERDAM,270.0,1970.0,D
1435,450000.0,56.0,2.0,3.0,0.0,8035.714285714285,S,1094 KB,1094.0,109,oost,False,Timorpleinbuurt-Zuid,AMSTERDAM,100.0,1904.0,D
1436,1000000.0,123.0,3.0,5.0,0.0,8130.081300813008,XL,1057 WT,1057.0,105,west,False,Columbusplein e.o.,AMSTERDAM,95.0,1929.0,A
1437,375000.0,77.0,2.0,3.0,1.0,4870.12987012987,M,1103 SK,1103.0,110,zuidoost,False,Grunder/Koningshoef,AMSTERDAM,107.81,2007.0,B
1438,475000.0,63.0,2.0,3.0,0.0,7539.68253968254,S,1073 GR,1073.0,107,zuid,False,BurgemeesterTellegenbuurt-West,AMSTERDAM,,1920.0,A
1439,450000.0,86.0,2.0,3.0,1.0,5232.558139534884,L,1066 PW,1066.0,106,nieuw_west,False,Belgiëplein e.o.,AMSTERDAM,218.0,1995.0,A
1440,505000.0,80.0,2.0,3.0,1.0,6312.5,L,1101 DA,1101.0,110,zuidoost,False,Amstel III deel A/B-Noord,AMSTERDAM,,2022.0,N/A
1441,325000.0,81.0,2.0,3.0,0.0,4012.3456790123455,L,1106 XL,1106.0,110,zuidoost,False,Holendrecht-Zuid,AMSTERDAM,246.0,1976.0,A
1442,632000.0,70.0,2.0,3.0,1.0,9028.57142857143,M,1095 AM,1095.0,109,oost,False,Makassarpleinbuurt,AMSTERDAM,0.0,2021.0,N/A
1443,6500000.0,257.0,4.0,7.0,0.0,25291.82879377432,XL,1016 AG,1016.0,101,centrum,True,Felix Meritisbuurt,AMSTERDAM,,1740.0,N/A
1444,435000.0,49.0,1.0,2.0,0.0,8877.551020408164,XS,1058 LG,1058.0,105,west,False,Westlandgrachtbuurt,AMSTERDAM,156.67,1937.0,A
1446,1350000.0,139.0,3.0,4.0,0.0,9712.230215827338,XL,1018 CA,1018.0,101,centrum,False,Oostenburg,AMSTERDAM,0.0,2021.0,A+++
1447,650000.0,68.0,2.0,3.0,0.0,9558.823529411764,M,1076 LK,1076.0,107,zuid,False,Van Tuyllbuurt,AMSTERDAM,152.98,1930.0,C
1448,365000.0,42.0,1.0,2.0,1.0,8690.47619047619,XS,1019 AL,1019.0,101,oost,False,Cruquiusbuurt,AMSTERDAM,116.87,2021.0,A+
1449,425000.0,54.0,1.0,2.0,1.0,7870.37037037037,S,1083 GR,1083.0,108,zuid,False,Buitenveldert-Oost-Midden,AMSTERDAM,155.58,1986.0,C
1451,600000.0,69.0,2.0,3.0,0.0,8695.652173913044,M,1091 SZ,1091.0,109,oost,False,Weesperzijde-Midden/Zuid,AMSTERDAM,,1995.0,A
1453,415000.0,81.0,3.0,4.0,1.0,5123.456790123457,L,1068 NG,1068.0,106,nieuw_west,False,Osdorp-Zuidoost,AMSTERDAM,,1965.0,C
1454,587000.0,89.0,2.0,3.0,1.0,6595.505617977528,L,1101 DA,1101.0,110,zuidoost,False,Amstel III deel A/B-Noord,AMSTERDAM,,2022.0,N/A
1455,495000.0,52.0,2.0,3.0,0.0,9519.23076923077,S,1071 VR,1071.0,107,zuid,False,Duivelseiland,AMSTERDAM,88.4,1905.0,D
1456,475000.0,92.0,3.0,4.0,0.0,5163.04347826087,L,1025 JH,1025.0,102,noord,False,Plan van Gool,AMSTERDAM,197.0,1970.0,B
1457,299000.0,37.0,1.0,1.0,0.0,8081.081081081081,XS,1012 EJ,1012.0,101,centrum,False,Burgwallen-Oost,AMSTERDAM,220.0,1725.0,N/A
1458,400000.0,37.0,1.0,2.0,0.0,10810.81081081081,XS,1053 LK,1053.0,105,west,False,Da Costabuurt-Noord,AMSTERDAM,,1900.0,A+
1459,730000.0,86.0,2.0,3.0,1.0,8488.372093023256,L,1058 GB,1058.0,105,west,False,Andreasterrein,AMSTERDAM,168.27,2009.0,A++
1460,335779.0,40.0,1.0,2.0,0.0,8394.475,XS,1064 AB,1064.0,106,nieuw_west,False,Noordoever Sloterplas,AMSTERDAM,,2027.0,A++
1461,945000.0,88.0,2.0,3.0,0.0,10738.636363636364,L,1096 GV,1096.0,109,oost,False,Amstelkwartier-Noord,AMSTERDAM,,2022.0,A+++
1463,782000.0,86.0,3.0,4.0,0.0,9093.023255813954,L,1095 AM,1095.0,109,oost,False,Makassarpleinbuurt,AMSTERDAM,0.0,2021.0,N/A
1465,1100000.0,135.0,4.0,5.0,0.0,8148.148148148148,XL,1072 HE,1072.0,107,zuid,False,Lizzy Ansinghbuurt,AMSTERDAM,,1904.0,C
1466,260000.0,60.0,1.0,2.0,0.0,4333.333333333333,S,1106 DT,1106.0,110,zuidoost,False,Gein 1,AMSTERDAM,179.0,1983.0,B
1467,975000.0,134.0,3.0,5.0,0.0,7276.119402985075,XL,1032 KK,1032.0,103,noord,False,Buiksloterham-Noord,AMSTERDAM,133.0,2017.0,A+
1468,385000.0,50.0,1.0,2.0,1.0,7700.0,XS,1062 HE,1062.0,106,nieuw_west,False,Schipluidenbuurt,AMSTERDAM,,2026.0,A++++
1469,550000.0,62.0,2.0,3.0,0.0,8870.967741935483,S,1056 BK,1056.0,105,west,False,Trompbuurt,AMSTERDAM,190.92,1923.0,E
1470,525000.0,80.0,1.0,2.0,0.0,6562.5,L,1095 MA,1095.0,109,oost,False,Sportheldenbuurt,AMSTERDAM,120.0,2021.0,A
1471,495000.0,65.0,1.0,2.0,0.0,7615.384615384615,S,1016 TG,1016.0,101,centrum,True,Marnixbuurt-Midden,AMSTERDAM,109.0,1881.0,A
1472,475000.0,81.0,2.0,3.0,1.0,5864.197530864198,L,1087 KP,1087.0,108,oost,False,Havenkwartier IJburg,AMSTERDAM,185.0,2007.0,A
1473,1345000.0,154.0,4.0,7.0,0.0,8733.766233766233,XL,1053 MJ,1053.0,105,west,False,Da Costabuurt-Zuid,AMSTERDAM,225.0,1905.0,B
1474,400000.0,50.0,2.0,3.0,0.0,8000.0,XS,1053 DP,1053.0,105,west,False,Borgerbuurt,AMSTERDAM,178.85,1982.0,B
1475,335779.0,38.0,1.0,2.0,0.0,8836.28947368421,XS,1064 AB,1064.0,106,nieuw_west,False,Noordoever Sloterplas,AMSTERDAM,,2027.0,A++
1476,277037.0,59.0,1.0,2.0,1.0,4695.542372881356,S,1032 KW,1032.0,103,noord,False,Klaprozenbuurt,AMSTERDAM,,2025.0,N/A
1477,275908.0,42.0,1.0,2.0,1.0,6569.238095238095,XS,1032 KW,1032.0,103,noord,False,Klaprozenbuurt,AMSTERDAM,,2025.0,N/A
1478,395000.0,39.0,1.0,2.0,0.0,10128.205128205129,XS,1053 BG,1053.0,105,west,False,Bellamybuurt-Zuid,AMSTERDAM,119.4,2006.0,B
1479,1250000.0,86.0,2.0,3.0,0.0,14534.883720930233,L,1017 DW,1017.0,101,centrum,True,Amstelveldbuurt,AMSTERDAM,,1690.0,A
1481,550000.0,58.0,2.0,3.0,0.0,9482.758620689656,S,1058 KN,1058.0,105,west,False,Westlandgrachtbuurt,AMSTERDAM,150.0,1931.0,C
1484,895000.0,140.0,3.0,4.0,0.0,6392.857142857143,XL,1043 EV,1043.0,104,nieuw_west,False,Sloterdijk Stationskwartier,AMSTERDAM,434.31,2024.0,A++
1485,499000.0,85.0,2.0,3.0,0.0,5870.588235294118,L,1082 KL,1082.0,108,zuid,False,Gelderlandpleinbuurt,AMSTERDAM,313.38,1964.0,G
1487,1200000.0,150.0,4.0,5.0,0.0,8000.0,XL,1031 HS,1031.0,103,noord,False,Buiksloterham-Zuid,AMSTERDAM,121.5,2021.0,A+
1488,745000.0,77.0,2.0,3.0,1.0,9675.324675324675,M,1096 AM,1096.0,109,oost,False,De Omval,AMSTERDAM,,2021.0,A+
1489,595000.0,68.0,2.0,3.0,0.0,8750.0,M,1018 AV,1018.0,101,centrum,False,Alexanderplein e.o.,AMSTERDAM,120.0,1877.0,D
1492,370000.0,73.0,2.0,3.0,0.0,5068.493150684932,M,1102 XV,1102.0,110,zuidoost,False,Venserpolder-Oost,AMSTERDAM,185.96,1984.0,C
1493,475000.0,54.0,1.0,2.0,0.0,8796.296296296296,S,1056 XE,1056.0,105,west,False,Landlust-Zuid,AMSTERDAM,154.0,1933.0,C
1494,414000.0,63.0,1.0,2.0,1.0,6571.428571428572,S,1101 DA,1101.0,110,zuidoost,False,Amstel III deel A/B-Noord,AMSTERDAM,,2022.0,N/A
1495,785000.0,102.0,3.0,4.0,1.0,7696.078431372549,L,1061 AX,1061.0,106,nieuw_west,False,Overtoomse Veld-Noord,AMSTERDAM,171.0,2020.0,A
1496,580000.0,67.0,2.0,3.0,0.0,8656.716417910447,M,1096 DS,1096.0,109,oost,False,Weespertrekvaart,AMSTERDAM,,2021.0,N/A
1497,925000.0,90.0,2.0,3.0,0.0,10277.777777777777,L,1015 ND,1015.0,101,centrum,True,Anjeliersbuurt-Zuid,AMSTERDAM,87.83,1994.0,B
1498,795000.0,67.0,2.0,3.0,1.0,11865.671641791045,M,1018 LH,1018.0,101,centrum,False,Oostenburg,AMSTERDAM,161.0,2023.0,A+++
1500,730000.0,74.0,2.0,3.0,0.0,9864.864864864865,M,1018 CA,1018.0,101,centrum,False,Oostenburg,AMSTERDAM,0.0,2021.0,A+++
1501,335000.0,73.0,2.0,3.0,1.0,4589.041095890411,M,1063 BM,1063.0,106,nieuw_west,False,Jan de Louterbuurt,AMSTERDAM,262.38,1958.0,C
1502,650000.0,99.0,4.0,5.0,0.0,6565.656565656565,L,1091 DN,1091.0,109,oost,False,Oosterparkbuurt-Noordwest,AMSTERDAM,160.58,1988.0,C
1503,995000.0,121.0,3.0,6.0,1.0,8223.140495867769,XL,1072 GH,1072.0,107,zuid,False,Cornelis Troostbuurt,AMSTERDAM,279.85,1896.0,C
1504,595000.0,96.0,2.0,3.0,1.0,6197.916666666667,L,1082 PA,1082.0,108,zuid,False,De Klenckebuurt,AMSTERDAM,254.58,,C
1505,395000.0,78.0,3.0,4.0,1.0,5064.102564102564,M,1068 JR,1068.0,106,nieuw_west,False,Osdorp-Zuidoost,AMSTERDAM,228.42,1965.0,C
1506,519000.0,70.0,2.0,3.0,0.0,7414.285714285715,M,1064 AB,1064.0,106,nieuw_west,False,Noordoever Sloterplas,AMSTERDAM,0.0,2024.0,N/A
1507,855000.0,87.0,2.0,3.0,1.0,9827.586206896553,L,1096 AM,1096.0,109,oost,False,De Omval,AMSTERDAM,,2021.0,A+
1509,360000.0,32.0,1.0,2.0,0.0,11250.0,XS,1017 AZ,1017.0,101,centrum,True,Geelvinckbuurt,AMSTERDAM,100.0,1853.0,C
1510,675000.0,73.0,3.0,5.0,0.0,9246.575342465754,M,1076 NC,1076.0,107,zuid,False,Van Tuyllbuurt,AMSTERDAM,,1930.0,B
1511,799000.0,110.0,4.0,6.0,0.0,7263.636363636364,XL,1052 ET,1052.0,105,west,False,Frederik Hendrikbuurt-Noord,AMSTERDAM,250.0,1903.0,D
1512,455000.0,57.0,1.0,2.0,0.0,7982.456140350877,S,1013 VH,1013.0,101,west,False,Spaarndammerbuurt-Zuidwest,AMSTERDAM,132.42,1987.0,C
1513,375000.0,46.0,1.0,1.0,0.0,8152.173913043478,XS,1013 SG,1013.0,101,west,False,Spaarndammerbuurt-Noordwest,AMSTERDAM,211.0,1919.0,B
1514,545000.0,81.0,2.0,3.0,1.0,6728.395061728395,L,1101 DA,1101.0,110,zuidoost,False,Amstel III deel A/B-Noord,AMSTERDAM,,2022.0,N/A
1516,890000.0,103.0,3.0,4.0,0.0,8640.776699029126,XL,1098 CM,1098.0,109,oost,False,Linnaeusparkbuurt,AMSTERDAM,206.0,1905.0,F
1517,475000.0,109.0,2.0,4.0,1.0,4357.798165137615,XL,1063 KX,1063.0,106,nieuw_west,False,Jan de Louterbuurt,AMSTERDAM,181.0,2005.0,C
1518,500000.0,52.0,2.0,3.0,0.0,9615.384615384615,S,1073 GR,1073.0,107,zuid,False,BurgemeesterTellegenbuurt-West,AMSTERDAM,,,D
1519,405000.0,56.0,2.0,3.0,0.0,7232.142857142857,S,1024 KV,1024.0,102,noord,False,Markengouw-Zuid,AMSTERDAM,,2026.0,N/A
1520,375000.0,99.0,3.0,4.0,0.0,3787.878787878788,L,1107 HT,1107.0,110,zuidoost,False,Reigersbos 2,AMSTERDAM,,1986.0,B
1521,705000.0,74.0,2.0,3.0,0.0,9527.027027027027,M,1018 CA,1018.0,101,centrum,False,Oostenburg,AMSTERDAM,0.0,2021.0,A+++
1522,335779.0,40.0,1.0,2.0,0.0,8394.475,XS,1064 AB,1064.0,106,nieuw_west,False,Noordoever Sloterplas,AMSTERDAM,,2027.0,A++
1523,385000.0,50.0,1.0,2.0,1.0,7700.0,XS,1062 HE,1062.0,106,nieuw_west,False,Schipluidenbuurt,AMSTERDAM,,2026.0,A++++
1525,380000.0,33.0,1.0,2.0,0.0,11515.151515151516,XS,1016 SX,1016.0,101,centrum,True,Groenmarktkadebuurt,AMSTERDAM,91.06,1891.0,C
1526,700000.0,78.0,1.0,2.0,1.0,8974.358974358975,M,1053 ML,1053.0,105,west,False,Da Costabuurt-Zuid,AMSTERDAM,243.06,1888.0,B
1527,685000.0,113.0,3.0,4.0,1.0,6061.946902654868,XL,1025 WK,1025.0,102,noord,False,Elzenhagen-Zuid,AMSTERDAM,,2027.0,A+++
1528,375000.0,81.0,3.0,4.0,1.0,4629.62962962963,L,1108 EM,1108.0,110,zuidoost,False,L-buurt,AMSTERDAM,342.53,1979.0,A
1530,535000.0,65.0,1.0,3.0,1.0,8230.76923076923,S,1018 RN,1018.0,101,centrum,False,Czaar Peterbuurt,AMSTERDAM,170.49,2016.0,A
1531,400000.0,59.0,1.0,2.0,1.0,6779.661016949152,S,1069 TD,1069.0,106,nieuw_west,False,Zuidwestkwadrant-Zuid,AMSTERDAM,96.0,2012.0,A
1532,290000.0,62.0,2.0,3.0,1.0,4677.419354838709,S,1069 EC,1069.0,106,nieuw_west,False,Dijkgraafpleinbuurt,AMSTERDAM,384.69,1966.0,A
1534,495000.0,89.0,2.0,3.0,0.0,5561.797752808989,L,1087 KR,1087.0,108,oost,False,Havenkwartier IJburg,AMSTERDAM,171.45,2010.0,A++
1535,525000.0,72.0,2.0,3.0,1.0,7291.666666666667,M,1087 VE,1087.0,108,oost,False,Centrumeiland,AMSTERDAM,,2025.0,A++++
1537,510000.0,66.0,1.0,2.0,1.0,7727.272727272727,S,1094 NX,1094.0,109,oost,False,Timorpleinbuurt-Zuid,AMSTERDAM,174.21,2015.0,A
1538,485000.0,92.0,2.0,4.0,0.0,5271.739130434783,L,1015 VT,1015.0,101,centrum,True,Marnixbuurt-Noord,AMSTERDAM,187.0,1872.0,N/A
1539,960000.0,79.0,2.0,3.0,1.0,12151.898734177215,M,1031 HX,1031.0,103,noord,False,Buiksloterham-Zuid,AMSTERDAM,,2021.0,A+++
1540,449000.0,49.0,2.0,3.0,0.0,9163.265306122448,XS,1072 JB,1072.0,107,zuid,False,Cornelis Troostbuurt,AMSTERDAM,211.0,1917.0,C
1542,335779.0,40.0,1.0,2.0,0.0,8394.475,XS,1064 AB,1064.0,106,nieuw_west,False,Noordoever Sloterplas,AMSTERDAM,,2027.0,A+
1543,1299000.0,186.0,4.0,5.0,1.0,6983.870967741936,XL,1013 BX,1013.0,101,west,False,Westerdokseiland,AMSTERDAM,386.11,2008.0,A
1544,449000.0,46.0,1.0,2.0,0.0,9760.869565217392,XS,1052 GD,1052.0,105,west,False,Frederik Hendrikbuurt-Noord,AMSTERDAM,137.0,1902.0,D
1545,699000.0,65.0,2.0,4.0,1.0,10753.846153846154,S,1018 GR,1018.0,101,centrum,False,Sarphatistrook,AMSTERDAM,25.0,1811.0,A
1547,950000.0,122.0,4.0,5.0,0.0,7786.88524590164,XL,1077 BS,1077.0,107,zuid,False,Minervabuurt-Midden,AMSTERDAM,,1930.0,D
1548,425000.0,67.0,2.0,3.0,0.0,6343.2835820895525,M,1082 SV,1082.0,108,zuid,False,Gelderlandpleinbuurt,AMSTERDAM,127.0,1962.0,D
1549,400000.0,43.0,1.0,2.0,0.0,9302.32558139535,XS,1013 VN,1013.0,101,west,False,Spaarndammerbuurt-Zuidwest,AMSTERDAM,,1905.0,D
1551,638000.0,83.0,2.0,3.0,0.0,7686.746987951808,L,1064 AB,1064.0,106,nieuw_west,False,Noordoever Sloterplas,AMSTERDAM,,2024.0,N/A
1552,640000.0,70.0,2.0,3.0,0.0,9142.857142857143,M,1098 EH,1098.0,109,oost,False,Linnaeusparkbuurt,AMSTERDAM,80.0,1903.0,F
1553,299000.0,30.0,1.0,1.0,0.0,9966.666666666666,XS,1018 PT,1018.0,101,centrum,False,Czaar Peterbuurt,AMSTERDAM,75.0,1905.0,D
1554,499000.0,68.0,2.0,3.0,0.0,7338.235294117647,M,1098 TN,1098.0,109,oost,False,Middenmeer-Zuid,AMSTERDAM,,1956.0,D
1556,550000.0,58.0,2.0,3.0,0.0,9482.758620689656,S,1091 SW,1091.0,109,oost,False,Weesperzijde-Midden/Zuid,AMSTERDAM,100.0,1885.0,C
1557,490000.0,96.0,2.0,3.0,1.0,5104.166666666667,L,1069 KE,1069.0,106,nieuw_west,False,Zuidwestkwadrant-Zuid,AMSTERDAM,212.22,2008.0,A
1558,600000.0,88.0,2.0,3.0,1.0,6818.181818181818,L,1096 AA,1096.0,109,oost,False,De Omval,AMSTERDAM,232.15,1997.0,A
1559,425000.0,57.0,1.0,2.0,0.0,7456.140350877193,S,1056 EP,1056.0,105,west,False,Erasmusparkbuurt-Oost,AMSTERDAM,89.0,,D
1560,395000.0,32.0,2.0,3.0,0.0,12343.75,XS,1015 LR,1015.0,101,centrum,True,Anjeliersbuurt-Noord,AMSTERDAM,100.8,1907.0,N/A
1561,565000.0,67.0,1.0,2.0,1.0,8432.835820895523,M,1061 AV,1061.0,106,nieuw_west,False,Overtoomse Veld-Noord,AMSTERDAM,,2027.0,A+++
1562,450000.0,56.0,2.0,3.0,0.0,8035.714285714285,S,1094 LW,1094.0,109,oost,False,Ambonpleinbuurt,AMSTERDAM,237.41,,C
1563,500000.0,55.0,2.0,3.0,0.0,9090.90909090909,S,1052 VJ,1052.0,105,west,False,Frederik Hendrikbuurt-Zuidwest,AMSTERDAM,90.0,1932.0,C
1564,510000.0,65.0,2.0,3.0,0.0,7846.153846153846,S,1064 AB,1064.0,106,nieuw_west,False,Noordoever Sloterplas,AMSTERDAM,247.0,2025.0,N/A
1565,2750000.0,228.0,5.0,8.0,0.0,12061.40350877193,XL,1071 ZW,1071.0,107,zuid,False,Cornelis Schuytbuurt,AMSTERDAM,,1901.0,B
1566,1200000.0,112.0,1.0,2.0,1.0,10714.285714285714,XL,1015 CJ,1015.0,101,centrum,True,Leliegracht e.o.,AMSTERDAM,364.6,1880.0,N/A
1567,835000.0,97.0,2.0,4.0,0.0,8608.247422680412,L,1072 HM,1072.0,107,zuid,False,Cornelis Troostbuurt,AMSTERDAM,296.0,2002.0,A
1568,625000.0,74.0,2.0,3.0,0.0,8445.945945945947,M,1056 HM,1056.0,105,west,False,Trompbuurt,AMSTERDAM,170.42,1922.0,E
1569,335000.0,49.0,1.0,2.0,0.0,6836.734693877551,XS,1102 AK,1102.0,110,zuidoost,False,D-buurt,AMSTERDAM,,2021.0,A++
1570,375000.0,97.0,3.0,4.0,0.0,3865.979381443299,L,1103 MN,1103.0,110,zuidoost,False,G-buurt-West,AMSTERDAM,161.0,1998.0,A
1571,425000.0,51.0,1.0,2.0,0.0,8333.333333333334,S,1091 HP,1091.0,109,oost,False,Oosterparkbuurt-Zuidwest,AMSTERDAM,139.0,1994.0,C
1572,425000.0,67.0,2.0,3.0,0.0,6343.2835820895525,M,1021 EC,1021.0,102,noord,False,Vogelbuurt-Zuid,AMSTERDAM,202.38,1920.0,C
1573,395000.0,69.0,3.0,4.0,0.0,5724.63768115942,M,1065 XK,1065.0,106,nieuw_west,False,Jacob Geelbuurt,AMSTERDAM,204.81,1957.0,D
1574,299000.0,73.0,2.0,3.0,1.0,4095.890410958904,M,1102 EE,1102.0,110,zuidoost,False,Rechte H-buurt,AMSTERDAM,198.61,1969.0,B
1575,399000.0,46.0,1.0,2.0,0.0,8673.91304347826,XS,1051 TL,1051.0,105,west,False,Fannius Scholtenbuurt,AMSTERDAM,80.16,1904.0,D
1577,428000.0,40.0,1.0,2.0,0.0,10700.0,XS,1018 WL,1018.0,101,centrum,False,Weesperbuurt,AMSTERDAM,157.5,1903.0,G
1578,425000.0,45.0,1.0,2.0,1.0,9444.444444444445,XS,1017 NM,1017.0,101,centrum,True,Leidsebuurt-Noordwest,AMSTERDAM,269.0,1978.0,C
1579,670000.0,123.0,3.0,4.0,1.0,5447.154471544715,XL,1068 HV,1068.0,106,nieuw_west,False,Osdorpplein e.o.,AMSTERDAM,251.86,2013.0,A
1581,1050000.0,81.0,2.0,3.0,2.0,12962.962962962964,L,1074 BJ,1074.0,107,zuid,False,Hemonybuurt,AMSTERDAM,,1882.0,A+++
1583,650000.0,88.0,3.0,3.0,0.0,7386.363636363636,L,1018 XE,1018.0,101,centrum,False,Sarphatistrook,AMSTERDAM,150.0,1905.0,D
1584,740000.0,74.0,2.0,3.0,0.0,10000.0,M,1075 SN,1075.0,107,zuid,False,Schinkelbuurt-Noord,AMSTERDAM,117.0,1912.0,A
1587,575000.0,87.0,2.0,3.0,0.0,6609.19540229885,L,1082 NL,1082.0,108,zuid,False,Buitenveldert-Oost-Midden,AMSTERDAM,210.0,1986.0,C
1589,283377.0,31.0,1.0,2.0,1.0,9141.193548387097,XS,1095 PA,1095.0,109,oost,False,Sluisbuurt,AMSTERDAM,,2025.0,N/A
1590,399000.0,50.0,1.0,2.0,1.0,7980.0,XS,1062 HE,1062.0,106,nieuw_west,False,Schipluidenbuurt,AMSTERDAM,,2026.0,A++++
1591,375000.0,74.0,2.0,3.0,1.0,5067.5675675675675,M,1067 JR,1067.0,106,nieuw_west,False,Dudokbuurt,AMSTERDAM,,2006.0,A
1592,995000.0,137.0,5.0,6.0,0.0,7262.773722627737,XL,1078 DD,1078.0,107,zuid,False,Scheldebuurt-Oost,AMSTERDAM,346.59,1931.0,N/A
1593,395000.0,62.0,2.0,3.0,0.0,6370.967741935484,S,1059 GB,1059.0,105,west,False,Delflandpleinbuurt-Oost,AMSTERDAM,316.99,1960.0,D
1594,895000.0,140.0,3.0,4.0,0.0,6392.857142857143,XL,1043 EV,1043.0,104,nieuw_west,False,Sloterdijk Stationskwartier,AMSTERDAM,434.31,2024.0,A++
1595,575000.0,93.0,3.0,4.0,0.0,6182.795698924731,L,1056 AL,1056.0,105,west,False,Robert Scottbuurt-West,AMSTERDAM,146.56,1949.0,A
1596,495000.0,71.0,3.0,4.0,0.0,6971.830985915493,M,1018 WA,1018.0,101,centrum,False,Wittenburg,AMSTERDAM,144.0,1990.0,A
1597,350000.0,91.0,3.0,4.0,1.0,3846.153846153846,L,1108 DB,1108.0,110,zuidoost,False,L-buurt,AMSTERDAM,304.89,1980.0,C
1599,325000.0,81.0,3.0,4.0,0.0,4012.3456790123455,L,1108 CP,1108.0,110,zuidoost,False,L-buurt,AMSTERDAM,262.23,1980.0,C
1600,750000.0,65.0,3.0,4.0,0.0,11538.461538461539,S,1053 LE,1053.0,105,west,False,Da Costabuurt-Zuid,AMSTERDAM,140.0,1889.0,C
1601,950000.0,133.0,4.0,5.0,0.0,7142.857142857143,XL,1019 KS,1019.0,101,oost,False,Borneo,AMSTERDAM,226.47,1997.0,C
1602,400000.0,108.0,2.0,3.0,1.0,3703.703703703704,XL,1103 KK,1103.0,110,zuidoost,False,G-buurt-Oost,AMSTERDAM,343.71,1974.0,B
1603,475000.0,50.0,1.0,2.0,0.0,9500.0,XS,1018 CA,1018.0,101,centrum,False,Oostenburg,AMSTERDAM,,2021.0,A+++
1604,325000.0,78.0,3.0,4.0,0.0,4166.666666666667,M,1063 LS,1063.0,106,nieuw_west,False,Jan de Louterbuurt,AMSTERDAM,304.28,1959.0,D
1605,644288.0,102.0,3.0,4.0,1.0,6316.549019607844,L,1101 DA,1101.0,110,zuidoost,False,Amstel III deel A/B-Noord,AMSTERDAM,,2022.0,N/A
1607,335779.0,40.0,1.0,2.0,0.0,8394.475,XS,1064 AB,1064.0,106,nieuw_west,False,Noordoever Sloterplas,AMSTERDAM,,2027.0,A++
1608,2300000.0,150.0,3.0,4.0,1.0,15333.333333333334,XL,1071 HM,1071.0,107,zuid,False,Cornelis Schuytbuurt,AMSTERDAM,500.0,2003.0,A+
1609,800000.0,87.0,2.0,3.0,0.0,9195.402298850575,L,1073 VV,1073.0,107,zuid,False,Gerard Doubuurt,AMSTERDAM,,,N/A
1610,280000.0,61.0,1.0,2.0,0.0,4590.163934426229,S,1106 DT,1106.0,110,zuidoost,False,Gein 1,AMSTERDAM,148.43,1983.0,A
1611,450000.0,59.0,2.0,3.0,0.0,7627.118644067797,S,1013 SV,1013.0,101,west,False,Spaarndammerbuurt-Zuidoost,AMSTERDAM,150.89,1920.0,C
1612,395000.0,40.0,1.0,2.0,0.0,9875.0,XS,1052 LP,1052.0,105,west,False,Frederik Hendrikbuurt-Zuidoost,AMSTERDAM,125.0,1890.0,D
1613,450000.0,95.0,2.0,3.0,1.0,4736.8421052631575,L,1063 MH,1063.0,106,nieuw_west,False,Dobbebuurt,AMSTERDAM,184.14,2000.0,A+
1614,325000.0,49.0,1.0,2.0,1.0,6632.65306122449,XS,1025 EB,1025.0,102,noord,False,Buikslotermeer-Noord,AMSTERDAM,,1974.0,A
1615,277037.0,58.0,2.0,3.0,1.0,4776.5,S,1032 KN,1032.0,103,noord,False,Klaprozenbuurt,AMSTERDAM,,2025.0,N/A
1616,3375000.0,368.0,4.0,9.0,1.0,9171.195652173914,XL,1015 CJ,1015.0,101,centrum,True,Leliegracht e.o.,AMSTERDAM,937.5,1880.0,N/A
1618,450000.0,57.0,1.0,2.0,1.0,7894.736842105263,S,1019 VR,1019.0,101,oost,False,Cruquiusbuurt,AMSTERDAM,129.0,2021.0,A+
1620,489000.0,46.0,1.0,2.0,0.0,10630.434782608696,XS,1053 TA,1053.0,105,west,False,Bellamybuurt-Noord,AMSTERDAM,204.37,1996.0,C
1621,525000.0,70.0,2.0,3.0,0.0,7500.0,M,1055 AJ,1055.0,105,west,False,Erasmusparkbuurt-West,AMSTERDAM,160.35,1940.0,N/A
1622,1350000.0,166.0,4.0,7.0,0.0,8132.530120481928,XL,1058 GD,1058.0,105,west,False,Andreasterrein,AMSTERDAM,310.64,2010.0,A+
1623,645000.0,84.0,2.0,3.0,0.0,7678.571428571428,L,1094 NW,1094.0,109,oost,False,Timorpleinbuurt-Zuid,AMSTERDAM,151.0,2015.0,A+
1624,1320000.0,139.0,3.0,5.0,1.0,9496.402877697841,XL,1096 AM,1096.0,109,oost,False,De Omval,AMSTERDAM,,2021.0,A+
1625,485000.0,56.0,2.0,3.0,0.0,8660.714285714286,S,1097 AH,1097.0,109,oost,False,Don Bosco,AMSTERDAM,75.0,1941.0,D
1626,625000.0,69.0,1.0,2.0,0.0,9057.971014492754,M,1013 KN,1013.0,101,west,False,Westelijke eilanden,AMSTERDAM,350.0,1974.0,N/A
1628,850000.0,92.0,2.0,3.0,1.0,9239.130434782608,L,1033 SN,1033.0,103,noord,False,NDSM terrein,AMSTERDAM,183.62,2024.0,A++
1629,470000.0,49.0,1.0,2.0,0.0,9591.836734693878,XS,1018 CA,1018.0,101,centrum,False,Oostenburg,AMSTERDAM,0.0,2021.0,A+++
1630,750000.0,80.0,2.0,3.0,1.0,9375.0,L,1018 LH,1018.0,101,centrum,False,Oostenburg,AMSTERDAM,199.0,2021.0,A+++
1631,665000.0,60.0,2.0,3.0,1.0,11083.333333333334,S,1072 XA,1072.0,107,zuid,False,Frans Halsbuurt,AMSTERDAM,267.12,2014.0,A
1632,485000.0,48.0,1.0,2.0,0.0,10104.166666666666,XS,1018 CA,1018.0,101,centrum,False,Oostenburg,AMSTERDAM,0.0,2021.0,A+++
1633,330000.0,76.0,2.0,3.0,0.0,4342.105263157895,M,1034 TS,1034.0,103,noord,False,Banne-Noordwest,AMSTERDAM,153.43,1977.0,C
1634,400000.0,79.0,3.0,4.0,0.0,5063.291139240507,M,1024 BR,1024.0,102,noord,False,Werengouw-Midden,AMSTERDAM,256.0,1966.0,C
1635,2525000.0,193.0,3.0,5.0,1.0,13082.901554404145,XL,1016 AE,1016.0,101,centrum,True,Felix Meritisbuurt,AMSTERDAM,395.12,1906.0,N/A
1636,495000.0,52.0,1.0,2.0,0.0,9519.23076923077,S,1056 DN,1056.0,105,west,False,John Franklinbuurt,AMSTERDAM,72.0,1927.0,C
1637,825000.0,96.0,2.0,3.0,1.0,8593.75,L,1052 KC,1052.0,105,west,False,Frederik Hendrikbuurt-Zuidoost,AMSTERDAM,263.0,2004.0,A
1638,350000.0,35.0,1.0,2.0,0.0,10000.0,XS,1016 NL,1016.0,101,centrum,True,Bloemgrachtbuurt,AMSTERDAM,100.0,1906.0,C
1639,539000.0,79.0,4.0,5.0,0.0,6822.784810126583,M,1056 AX,1056.0,105,west,False,Robert Scottbuurt-Oost,AMSTERDAM,118.0,,C
1640,996000.0,117.0,3.0,4.0,1.0,8512.820512820514,XL,1095 AM,1095.0,109,oost,False,Makassarpleinbuurt,AMSTERDAM,0.0,2021.0,N/A
1641,545000.0,61.0,2.0,4.0,0.0,8934.426229508197,S,1079 DR,1079.0,107,zuid,False,Scheldebuurt-Oost,AMSTERDAM,100.0,1930.0,C
1642,680000.0,71.0,2.0,3.0,0.0,9577.464788732394,M,1018 CA,1018.0,101,centrum,False,Oostenburg,AMSTERDAM,0.0,2021.0,A+++
1643,649000.0,68.0,2.0,3.0,0.0,9544.117647058823,M,1016 HJ,1016.0,101,centrum,True,Elandsgrachtbuurt,AMSTERDAM,150.0,1680.0,C
1644,296557.0,50.0,1.0,2.0,1.0,5931.14,XS,1032 KW,1032.0,103,noord,False,Klaprozenbuurt,AMSTERDAM,,2025.0,N/A
1645,587500.0,65.0,1.0,2.0,0.0,9038.461538461539,S,1017 WJ,1017.0,101,centrum,True,Utrechtsebuurt-Zuid,AMSTERDAM,73.0,1905.0,B
1646,775000.0,95.0,2.0,3.0,0.0,8157.894736842105,L,1075 RN,1075.0,107,zuid,False,Schinkelbuurt-Zuid,AMSTERDAM,,1912.0,E
1647,475000.0,71.0,2.0,3.0,0.0,6690.140845070423,M,1102 AK,1102.0,110,zuidoost,False,D-buurt,AMSTERDAM,,2021.0,A++
1648,595000.0,68.0,2.0,3.0,0.0,8750.0,M,1058 XC,1058.0,105,west,False,Paramariboplein e.o.,AMSTERDAM,206.43,1930.0,C
1649,425000.0,59.0,1.0,2.0,0.0,7203.389830508475,S,1095 VB,1095.0,109,oost,False,Makassarpleinbuurt,AMSTERDAM,101.0,1990.0,A
1651,550000.0,63.0,2.0,3.0,1.0,8730.15873015873,S,1095 MJ,1095.0,109,oost,False,Sportheldenbuurt,AMSTERDAM,141.7,2017.0,A
1652,497500.0,71.0,2.0,3.0,1.0,7007.042253521126,M,1101 BA,1101.0,110,zuidoost,False,Amstel III deel A/B-Noord,AMSTERDAM,0.0,2024.0,N/A
1653,580000.0,77.0,2.0,3.0,0.0,7532.467532467533,M,1057 JX,1057.0,105,west,False,Kortenaerkwartier,AMSTERDAM,,1911.0,C
1654,549000.0,137.0,3.0,5.0,0.0,4007.299270072993,XL,1065 KJ,1065.0,106,nieuw_west,False,Jacques Veldmanbuurt,AMSTERDAM,33.33,1961.0,C
1655,365000.0,60.0,2.0,3.0,1.0,6083.333333333333,S,1060 TV,1060.0,106,nieuw_west,False,De Aker-Oost,AMSTERDAM,,1998.0,N/A
1656,500000.0,57.0,1.0,2.0,0.0,8771.929824561403,S,1076 VW,1076.0,107,zuid,False,Marathonbuurt-West,AMSTERDAM,160.0,1931.0,C
1657,565000.0,76.0,2.0,3.0,0.0,7434.210526315789,M,1097 VJ,1097.0,109,oost,False,Betondorp,AMSTERDAM,263.14,1924.0,D
1658,349500.0,88.0,2.0,3.0,1.0,3971.590909090909,L,1108 CD,1108.0,110,zuidoost,False,L-buurt,AMSTERDAM,259.29,1979.0,D
1659,530000.0,53.0,1.0,2.0,1.0,10000.0,S,1031 HX,1031.0,103,noord,False,Buiksloterham-Zuid,AMSTERDAM,,2021.0,A+++
1660,395000.0,60.0,2.0,3.0,0.0,6583.333333333333,S,1102 AK,1102.0,110,zuidoost,False,D-buurt,AMSTERDAM,,2021.0,A++
1661,649000.0,85.0,4.0,5.0,0.0,7635.294117647059,L,1015 XM,1015.0,101,centrum,True,Marnixbuurt-Noord,AMSTERDAM,,1888.0,A
1662,755000.0,77.0,2.0,3.0,1.0,9805.194805194806,M,1096 AM,1096.0,109,oost,False,De Omval,AMSTERDAM,,2021.0,A+
1664,495000.0,82.0,2.0,3.0,1.0,6036.585365853659,L,1019 HS,1019.0,101,oost,False,Architectenbuurt,AMSTERDAM,267.49,1990.0,C
1665,790000.0,77.0,2.0,3.0,1.0,10259.74025974026,M,1096 AM,1096.0,109,oost,False,De Omval,AMSTERDAM,,2021.0,A+
1666,760000.0,78.0,2.0,3.0,0.0,9743.589743589744,M,1018 CA,1018.0,101,centrum,False,Oostenburg,AMSTERDAM,,2021.0,A+++
1667,525000.0,42.0,2.0,3.0,0.0,12500.0,XS,1015 SN,1015.0,101,centrum,True,Bloemgrachtbuurt,AMSTERDAM,126.06,1869.0,A+
1668,335779.0,40.0,1.0,2.0,0.0,8394.475,XS,1064 AB,1064.0,106,nieuw_west,False,Noordoever Sloterplas,AMSTERDAM,119.0,2021.0,A++
1669,450000.0,53.0,2.0,3.0,0.0,8490.566037735849,S,1013 SG,1013.0,101,west,False,Spaarndammerbuurt-Noordwest,AMSTERDAM,218.3,1919.0,D
1670,820000.0,101.0,2.0,3.0,1.0,8118.811881188119,L,1062 LE,1062.0,106,nieuw_west,False,Koningin Wilhelminaplein,AMSTERDAM,143.29,2021.0,A+++
1672,485000.0,51.0,1.0,2.0,0.0,9509.803921568628,S,1057 RJ,1057.0,105,west,False,Orteliusbuurt-Zuid,AMSTERDAM,,1924.0,A
1673,455000.0,71.0,2.0,3.0,0.0,6408.450704225352,M,1102 AK,1102.0,110,zuidoost,False,D-buurt,AMSTERDAM,,2021.0,A++
1674,475000.0,55.0,3.0,4.0,0.0,8636.363636363636,S,1013 EL,1013.0,101,west,False,Haarlemmerbuurt-Oost,AMSTERDAM,85.0,1625.0,N/A
1675,1900000.0,238.0,4.0,7.0,1.0,7983.193277310925,XL,1011 DG,1011.0,101,centrum,False,Oosterdokseiland,AMSTERDAM,456.0,2012.0,A+
1676,650000.0,70.0,2.0,3.0,0.0,9285.714285714286,M,1058 CB,1058.0,105,west,False,Postjeskade e.o.,AMSTERDAM,138.25,1935.0,C
1677,825000.0,82.0,2.0,3.0,0.0,10060.975609756097,L,1076 LP,1076.0,107,zuid,False,Van Tuyllbuurt,AMSTERDAM,176.66,,D
1678,277908.0,42.0,1.0,2.0,1.0,6616.857142857143,XS,1032 KW,1032.0,103,noord,False,Klaprozenbuurt,AMSTERDAM,,2025.0,N/A
1679,400000.0,44.0,1.0,3.0,0.0,9090.90909090909,XS,1094 CP,1094.0,109,oost,False,Timorpleinbuurt-Noord,AMSTERDAM,95.8,1913.0,C
1680,775000.0,98.0,2.0,3.0,0.0,7908.163265306122,L,1014 ZG,1014.0,101,west,False,Houthavens-West,AMSTERDAM,,2020.0,A
1681,405000.0,56.0,2.0,3.0,0.0,7232.142857142857,S,1024 KV,1024.0,102,noord,False,Markengouw-Zuid,AMSTERDAM,,2026.0,N/A
1682,770000.0,76.0,2.0,3.0,0.0,10131.578947368422,M,1018 CA,1018.0,101,centrum,False,Oostenburg,AMSTERDAM,,2021.0,A+++
1684,680000.0,92.0,2.0,3.0,1.0,7391.304347826087,L,1057 HL,1057.0,105,west,False,Kortenaerkwartier,AMSTERDAM,234.3,2007.0,A+
1685,400000.0,91.0,3.0,4.0,1.0,4395.604395604396,L,1068 JE,1068.0,106,nieuw_west,False,Osdorp-Zuidoost,AMSTERDAM,432.92,1964.0,C
1686,535000.0,66.0,2.0,3.0,0.0,8106.060606060606,S,1051 XL,1051.0,105,west,False,Fannius Scholtenbuurt,AMSTERDAM,55.55,1907.0,A
1687,425000.0,95.0,3.0,4.0,0.0,4473.684210526316,L,1035 HK,1035.0,103,noord,False,Walvisbuurt,AMSTERDAM,117.58,1991.0,C
1688,475000.0,50.0,1.0,2.0,0.0,9500.0,XS,1053 LE,1053.0,105,west,False,Da Costabuurt-Zuid,AMSTERDAM,100.0,1889.0,C
1689,975000.0,117.0,2.0,3.0,1.0,8333.333333333334,XL,1013 KV,1013.0,101,west,False,Westelijke eilanden,AMSTERDAM,281.0,2003.0,A
1690,575000.0,87.0,3.0,4.0,0.0,6609.19540229885,L,1019 CP,1019.0,101,oost,False,Architectenbuurt,AMSTERDAM,159.54,1988.0,B
1691,595000.0,76.0,2.0,3.0,0.0,7828.9473684210525,M,1082 EH,1082.0,108,zuid,False,Buitenveldert-Zuid-Midden,AMSTERDAM,,1961.0,G
1692,1295000.0,139.0,4.0,5.0,1.0,9316.546762589927,XL,1012 XK,1012.0,101,centrum,False,Kalverdriehoek,AMSTERDAM,490.0,1900.0,N/A
1693,300000.0,65.0,2.0,3.0,1.0,4615.384615384615,S,1102 EG,1102.0,110,zuidoost,False,Rechte H-buurt,AMSTERDAM,304.0,1969.0,C
1696,283377.0,30.0,1.0,2.0,1.0,9445.9,XS,1095 PA,1095.0,109,oost,False,Sluisbuurt,AMSTERDAM,,2025.0,N/A
1697,395000.0,46.0,1.0,2.0,0.0,8586.95652173913,XS,1094 NS,1094.0,109,oost,False,Ambonpleinbuurt,AMSTERDAM,150.0,1924.0,C
1698,590000.0,66.0,1.0,2.0,1.0,8939.39393939394,S,1058 HM,1058.0,105,west,False,Legmeerpleinbuurt,AMSTERDAM,157.3,2007.0,A
1700,283377.0,30.0,1.0,2.0,1.0,9445.9,XS,1095 PA,1095.0,109,oost,False,Sluisbuurt,AMSTERDAM,,2025.0,N/A
1701,450000.0,56.0,2.0,3.0,0.0,8035.714285714285,S,1056 SH,1056.0,105,west,False,Jan Maijenbuurt,AMSTERDAM,87.66,1926.0,N/A
1703,795000.0,77.0,2.0,3.0,1.0,10324.675324675325,M,1077 TH,1077.0,107,zuid,False,Minervabuurt-Midden,AMSTERDAM,,1957.0,N/A
1704,600000.0,72.0,2.0,3.0,1.5,8333.333333333334,M,1031 EZ,1031.0,103,noord,False,Van der Pekbuurt,AMSTERDAM,,1919.0,A
1705,450000.0,56.0,1.0,2.0,0.0,8035.714285714285,S,1079 VL,1079.0,107,zuid,False,Kromme Mijdrechtbuurt,AMSTERDAM,104.0,1924.0,C
1706,615000.0,98.0,3.0,4.0,1.0,6275.510204081633,L,1058 EM,1058.0,105,west,False,Rembrandtpark-Zuid,AMSTERDAM,,1974.0,C
1707,450000.0,53.0,2.0,3.0,0.0,8490.566037735849,S,1054 JA,1054.0,105,west,False,WG-terrein,AMSTERDAM,150.0,1905.0,C
1708,425000.0,51.0,2.0,3.0,0.0,8333.333333333334,S,1092 EC,1092.0,109,oost,False,Oosterparkbuurt-Zuidoost,AMSTERDAM,,1898.0,C
1709,1080000.0,104.0,3.0,4.0,1.0,10384.615384615385,XL,1096 AM,1096.0,109,oost,False,De Omval,AMSTERDAM,,2021.0,A+
1710,1550000.0,190.0,2.0,5.0,0.0,8157.894736842105,XL,1012 NK,1012.0,101,centrum,False,Nieuwe Kerk e.o.,AMSTERDAM,239.6,2018.0,A+
1712,825000.0,90.0,2.0,4.0,0.0,9166.666666666666,L,1015 DJ,1015.0,101,centrum,True,Leliegracht e.o.,AMSTERDAM,150.0,1905.0,N/A
1713,620000.0,64.0,2.0,3.0,1.0,9687.5,S,1062 LE,1062.0,106,nieuw_west,False,Koningin Wilhelminaplein,AMSTERDAM,143.29,2025.0,A++
1714,292500.0,55.0,1.0,2.0,0.0,5318.181818181818,S,1107 AN,1107.0,110,zuidoost,False,Gein 4,AMSTERDAM,168.65,1984.0,A
1715,650000.0,112.0,4.0,5.0,0.0,5803.571428571428,XL,1065 DB,1065.0,106,nieuw_west,False,Jacques Veldmanbuurt,AMSTERDAM,258.0,2003.0,A
1716,345000.0,66.0,2.0,3.0,0.0,5227.272727272727,S,1107 CV,1107.0,110,zuidoost,False,Gein 4,AMSTERDAM,,1985.0,B
1717,400000.0,47.0,1.0,2.0,1.0,8510.63829787234,XS,1019 VT,1019.0,101,oost,False,Cruquiusbuurt,AMSTERDAM,159.0,2021.0,A++
1718,230000.0,23.0,1.0,1.0,1.0,10000.0,XS,1083 CN,1083.0,108,zuid,False,Buitenveldert-Zuidoost,AMSTERDAM,84.63,1977.0,C
1720,3900000.0,213.0,2.0,3.0,0.0,18309.859154929578,XL,1075 HW,1075.0,107,zuid,False,Valeriusbuurt-Oost,AMSTERDAM,418.0,1918.0,A+
1723,350000.0,85.0,4.0,5.0,0.0,4117.64705882353,L,1102 ND,1102.0,110,zuidoost,False,Hoptille,AMSTERDAM,235.0,1982.0,E
1724,625000.0,106.0,1.0,4.0,0.0,5896.226415094339,XL,1051 KW,1051.0,105,west,False,Fannius Scholtenbuurt,AMSTERDAM,,1910.0,C
1725,595000.0,63.0,1.0,2.0,0.0,9444.444444444445,S,1073 VA,1073.0,107,zuid,False,Van der Helstpleinbuurt,AMSTERDAM,131.6,1903.0,B
1727,600000.0,79.0,2.0,3.0,0.0,7594.93670886076,M,1091 ST,1091.0,109,oost,False,Weesperzijde-Midden/Zuid,AMSTERDAM,132.89,2007.0,A
1729,399000.0,45.0,1.0,2.0,0.0,8866.666666666666,XS,1052 TR,1052.0,105,west,False,Frederik Hendrikbuurt-Zuidoost,AMSTERDAM,176.0,1905.0,N/A
1730,511000.0,80.0,2.0,3.0,1.0,6387.5,L,1101 DA,1101.0,110,zuidoost,False,Amstel III deel A/B-Noord,AMSTERDAM,,2022.0,N/A
1731,695000.0,82.0,2.0,3.0,1.0,8475.609756097561,L,1031 KN,1031.0,103,noord,False,Overhoeks,AMSTERDAM,,2025.0,A++
1734,1250000.0,120.0,3.0,5.0,0.0,10416.666666666666,XL,1058 KS,1058.0,105,west,False,Westlandgrachtbuurt,AMSTERDAM,135.0,1931.0,A
1735,575000.0,57.0,1.0,3.0,1.0,10087.719298245614,S,1073 CC,1073.0,107,zuid,False,Sarphatiparkbuurt,AMSTERDAM,123.0,1882.0,A
1736,450000.0,46.0,1.0,2.0,0.0,9782.608695652174,XS,1058 HV,1058.0,105,west,False,Surinamepleinbuurt,AMSTERDAM,91.88,2023.0,B
1737,650000.0,96.0,2.0,3.0,0.0,6770.833333333333,L,1076 BB,1076.0,107,zuid,False,Prinses Irenebuurt,AMSTERDAM,240.04,1955.0,N/A
1738,600000.0,83.0,2.0,3.0,0.0,7228.915662650603,L,1032 AG,1032.0,103,noord,False,Bloemenbuurt-Noord,AMSTERDAM,,1926.0,A
1739,475000.0,49.0,2.0,3.0,0.0,9693.877551020409,XS,1058 KS,1058.0,105,west,False,Westlandgrachtbuurt,AMSTERDAM,50.0,1931.0,E
1740,595000.0,63.0,1.0,2.0,0.0,9444.444444444445,S,1015 NE,1015.0,101,centrum,True,Anjeliersbuurt-Zuid,AMSTERDAM,75.0,2005.0,A
1742,265000.0,31.0,1.0,2.0,1.0,8548.387096774193,XS,1055 AA,1055.0,105,west,False,Robert Scottbuurt-West,AMSTERDAM,151.87,1960.0,A
1743,538000.0,85.0,2.0,3.0,1.0,6329.411764705882,L,1101 DA,1101.0,110,zuidoost,False,Amstel III deel A/B-Noord,AMSTERDAM,,2022.0,N/A
1744,575000.0,87.0,2.0,3.0,1.0,6609.19540229885,L,1098 WJ,1098.0,109,oost,False,Park de Meer,AMSTERDAM,,2001.0,A
1745,499000.0,66.0,2.0,3.0,1.0,7560.606060606061,S,1055 CN,1055.0,105,west,False,Erasmusparkbuurt-West,AMSTERDAM,111.0,1934.0,D
1747,352500.0,51.0,1.0,2.0,0.0,6911.764705882353,S,1102 AK,1102.0,110,zuidoost,False,D-buurt,AMSTERDAM,,2021.0,A++
1748,795000.0,80.0,2.0,3.0,0.0,9937.5,L,1017 GH,1017.0,101,centrum,True,Vijzelstraatbuurt,AMSTERDAM,211.0,2009.0,A+
1750,675000.0,80.0,2.0,3.0,1.0,8437.5,L,1018 RN,1018.0,101,centrum,False,Czaar Peterbuurt,AMSTERDAM,193.0,2016.0,A
1751,465000.0,102.0,3.0,4.0,1.0,4558.823529411765,L,1067 DB,1067.0,106,nieuw_west,False,Eendrachtspark,AMSTERDAM,237.0,1994.0,A
1752,534000.0,60.0,1.0,2.0,0.0,8900.0,S,1095 AM,1095.0,109,oost,False,Makassarpleinbuurt,AMSTERDAM,0.0,2021.0,N/A
1753,425000.0,49.0,1.0,2.0,0.0,8673.469387755102,XS,1012 AT,1012.0,101,centrum,False,Burgwallen-Oost,AMSTERDAM,100.0,1881.0,D
1755,525000.0,84.0,2.0,3.0,1.0,6250.0,L,1087 EH,1087.0,108,oost,False,Ed Pelsterparkbuurt,AMSTERDAM,178.06,,A++
1756,283377.0,30.0,1.0,2.0,1.0,9445.9,XS,1095 PA,1095.0,109,oost,False,Sluisbuurt,AMSTERDAM,,2025.0,N/A
1757,565000.0,67.0,1.0,2.0,1.0,8432.835820895523,M,1061 AV,1061.0,106,nieuw_west,False,Overtoomse Veld-Noord,AMSTERDAM,,2027.0,A+++
1758,620000.0,68.0,2.0,3.0,1.0,9117.64705882353,M,1031 KN,1031.0,103,noord,False,Overhoeks,AMSTERDAM,,2025.0,N/A
1759,4725000.0,210.0,3.0,4.0,3.5,22500.0,XL,1075 BG,1075.0,107,zuid,False,Valeriusbuurt-Oost,AMSTERDAM,,2021.0,A+
1760,499000.0,60.0,1.0,2.0,0.0,8316.666666666666,S,1072 JZ,1072.0,107,zuid,False,Cornelis Troostbuurt,AMSTERDAM,163.0,,N/A
1761,750000.0,90.0,2.0,3.0,0.0,8333.333333333334,L,1075 NB,1075.0,107,zuid,False,Valeriusbuurt-West,AMSTERDAM,109.74,1925.0,B
1763,900000.0,108.0,3.0,4.0,1.0,8333.333333333334,XL,1061 AV,1061.0,106,nieuw_west,False,Overtoomse Veld-Noord,AMSTERDAM,,2027.0,A+++
1764,1200000.0,134.0,3.0,4.0,0.0,8955.223880597016,XL,1079 LD,1079.0,107,zuid,False,Kromme Mijdrechtbuurt,AMSTERDAM,330.0,1929.0,A
1765,293895.0,48.0,1.0,2.0,1.0,6122.8125,XS,1032 KW,1032.0,103,noord,False,Klaprozenbuurt,AMSTERDAM,,2025.0,N/A
1766,1475000.0,153.0,3.0,5.0,0.0,9640.522875816994,XL,1016 PM,1016.0,101,centrum,True,Elandsgrachtbuurt,AMSTERDAM,,1871.0,A
1768,1575000.0,132.0,4.0,5.0,0.0,11931.818181818182,XL,1031 HX,1031.0,103,noord,False,Buiksloterham-Zuid,AMSTERDAM,,2021.0,A+++
1769,375000.0,44.0,1.0,2.0,0.0,8522.727272727272,XS,1013 ZX,1013.0,101,west,False,Spaarndammerbuurt-Noordwest,AMSTERDAM,204.65,1919.0,A
1770,405000.0,56.0,2.0,3.0,0.0,7232.142857142857,S,1024 KV,1024.0,102,noord,False,Markengouw-Zuid,AMSTERDAM,,2026.0,N/A
1771,529000.0,77.0,2.0,3.0,1.0,6870.12987012987,M,1094 NB,1094.0,109,oost,False,Ambonpleinbuurt,AMSTERDAM,122.83,2008.0,A+
1772,1150000.0,143.0,3.0,4.0,0.0,8041.958041958042,XL,1031 KG,1031.0,103,noord,False,Overhoeks,AMSTERDAM,301.72,2022.0,A++
1773,990000.0,108.0,3.0,4.0,1.0,9166.666666666666,XL,1096 AM,1096.0,109,oost,False,De Omval,AMSTERDAM,,2021.0,A+
1774,600000.0,93.0,2.0,3.0,1.0,6451.612903225807,L,1062 KW,1062.0,106,nieuw_west,False,Koningin Wilhelminaplein,AMSTERDAM,,1998.0,B
1775,650000.0,63.0,2.0,3.0,0.0,10317.460317460318,S,1054 WK,1054.0,105,west,False,Cremerbuurt-Oost,AMSTERDAM,,1899.0,C
1778,1475000.0,148.0,3.0,5.0,0.0,9966.216216216217,XL,1057 ZR,1057.0,105,west,False,Filips van Almondekwartier,AMSTERDAM,,2021.0,A++++
1779,599000.0,66.0,2.0,3.0,0.0,9075.757575757576,S,1016 KW,1016.0,101,centrum,True,Bloemgrachtbuurt,AMSTERDAM,177.75,2000.0,C
1781,840000.0,87.0,2.0,3.0,1.0,9655.172413793103,L,1096 AM,1096.0,109,oost,False,De Omval,AMSTERDAM,,2021.0,A+
1782,490000.0,69.0,3.0,4.0,0.0,7101.449275362319,M,1024 KV,1024.0,102,noord,False,Markengouw-Zuid,AMSTERDAM,,2026.0,N/A
1783,327350.0,66.0,1.0,2.0,1.0,4959.848484848485,S,1103 AM,1103.0,110,zuidoost,False,E-buurt,AMSTERDAM,,2026.0,N/A
1785,395000.0,50.0,1.0,2.0,1.0,7900.0,XS,1062 HE,1062.0,106,nieuw_west,False,Schipluidenbuurt,AMSTERDAM,,2026.0,A++++
1786,1060000.0,104.0,3.0,4.0,1.0,10192.307692307691,XL,1096 AM,1096.0,109,oost,False,De Omval,AMSTERDAM,,2021.0,A+
1787,340000.0,85.0,3.0,4.0,0.0,4000.0,L,1102 VM,1102.0,110,zuidoost,False,Venserpolder-West,AMSTERDAM,248.8,1985.0,A
1790,725000.0,80.0,2.0,3.0,0.0,9062.5,L,1079 WP,1079.0,107,zuid,False,Rijnbuurt-Midden,AMSTERDAM,137.85,1935.0,B
1792,450000.0,49.0,2.0,3.0,0.0,9183.673469387755,XS,1056 PX,1056.0,105,west,False,Jan Maijenbuurt,AMSTERDAM,122.0,1927.0,D
1793,400000.0,41.0,2.0,3.0,0.0,9756.09756097561,XS,1053 XP,1053.0,105,west,False,Da Costabuurt-Noord,AMSTERDAM,102.0,1891.0,C
1794,450000.0,94.0,2.0,3.0,1.0,4787.234042553191,L,1069 LK,1069.0,106,nieuw_west,False,Zuidwestkwadrant-Noord,AMSTERDAM,247.0,2009.0,A
1796,475000.0,92.0,3.0,4.0,0.0,5163.04347826087,L,1025 GV,1025.0,102,noord,False,Plan van Gool,AMSTERDAM,,1968.0,A
1797,580000.0,58.0,1.0,2.0,0.0,10000.0,S,1018 CA,1018.0,101,centrum,False,Oostenburg,AMSTERDAM,,2021.0,A+++
1798,490000.0,50.0,1.0,2.0,0.0,9800.0,XS,1018 CA,1018.0,101,centrum,False,Oostenburg,AMSTERDAM,0.0,2021.0,A+++
1800,1000000.0,107.0,3.0,4.0,1.0,9345.794392523365,XL,1073 GG,1073.0,107,zuid,False,Van der Helstpleinbuurt,AMSTERDAM,246.88,1896.0,A
1801,465000.0,54.0,1.0,2.0,0.0,8611.111111111111,S,1078 EE,1078.0,107,zuid,False,IJselbuurt-West,AMSTERDAM,134.0,1925.0,D
1802,750000.0,92.0,2.0,3.0,0.0,8152.173913043478,L,1075 TX,1075.0,107,zuid,False,Schinkelbuurt-Noord,AMSTERDAM,,1884.0,C
1803,1150000.0,139.0,3.0,4.0,0.0,8273.381294964029,XL,1018 AD,1018.0,101,centrum,False,Kadijken,AMSTERDAM,448.22,2001.0,A+
1804,565000.0,65.0,1.0,2.0,0.0,8692.307692307691,S,1018 CA,1018.0,101,centrum,False,Oostenburg,AMSTERDAM,0.0,2021.0,A+++
1805,950000.0,120.0,2.0,3.0,0.0,7916.666666666667,XL,1019 HM,1019.0,101,oost,False,Oostelijke Handelskade,AMSTERDAM,287.13,2006.0,A+
1806,390000.0,58.0,2.0,3.0,0.0,6724.137931034483,S,1031 AL,1031.0,103,noord,False,Van der Pekbuurt,AMSTERDAM,115.0,1925.0,C
1807,536850.0,114.0,3.0,4.0,1.0,4709.210526315789,XL,1103 AM,1103.0,110,zuidoost,False,E-buurt,AMSTERDAM,,2026.0,N/A
1808,895000.0,100.0,2.0,3.0,2.5,8950.0,L,1014 ZL,1014.0,101,west,False,Houthavens-West,AMSTERDAM,260.0,2018.0,A++
1809,740000.0,77.0,2.0,3.0,1.0,9610.38961038961,M,1096 AM,1096.0,109,oost,False,De Omval,AMSTERDAM,,2021.0,A+
1810,491000.0,48.0,1.0,2.0,1.0,10229.166666666666,XS,1095 AM,1095.0,109,oost,False,Makassarpleinbuurt,AMSTERDAM,0.0,2021.0,N/A
1811,975000.0,102.0,3.0,4.0,1.0,9558.823529411764,L,1096 AM,1096.0,109,oost,False,De Omval,AMSTERDAM,,2021.0,A+
1812,350000.0,83.0,3.0,4.0,0.0,4216.8674698795185,L,1102 NE,1102.0,110,zuidoost,False,Hoptille,AMSTERDAM,,1981.0,E
1813,650000.0,83.0,2.0,4.0,0.0,7831.325301204819,L,1056 EX,1056.0,105,west,False,Pieter van der Doesbuurt,AMSTERDAM,,1905.0,N/A
1815,325000.0,48.0,1.0,2.0,0.0,6770.833333333333,XS,1063 TX,1063.0,106,nieuw_west,False,Dobbebuurt,AMSTERDAM,,1953.0,D
1817,800000.0,115.0,4.0,5.0,1.0,6956.521739130435,XL,1057 ET,1057.0,105,west,False,Balboaplein e.o.,AMSTERDAM,267.66,2004.0,A
1819,525000.0,91.0,2.0,4.0,0.0,5769.2307692307695,L,1102 AK,1102.0,110,zuidoost,False,D-buurt,AMSTERDAM,,2021.0,A+
1820,465000.0,51.0,1.0,2.0,0.0,9117.64705882353,S,1018 CA,1018.0,101,centrum,False,Oostenburg,AMSTERDAM,,2021.0,A+++
1821,450000.0,53.0,1.0,2.0,0.0,8490.566037735849,S,1017 CR,1017.0,101,centrum,True,Rembrandtplein e.o.,AMSTERDAM,150.0,1718.0,N/A
1822,405000.0,56.0,2.0,3.0,0.0,7232.142857142857,S,1024 KV,1024.0,102,noord,False,Markengouw-Zuid,AMSTERDAM,,2026.0,N/A
1823,635000.0,85.0,3.0,4.0,0.0,7470.588235294118,L,1051 XG,1051.0,105,west,False,Staatsliedenbuurt-Noordoost,AMSTERDAM,185.6,1981.0,B
1824,470050.0,97.0,2.0,3.0,1.0,4845.876288659794,L,1103 AM,1103.0,110,zuidoost,False,E-buurt,AMSTERDAM,,2026.0,N/A
1826,400000.0,54.0,2.0,3.0,0.0,7407.407407407408,S,1057 VT,1057.0,105,west,False,Balboaplein e.o.,AMSTERDAM,55.0,1928.0,D
1828,407913.0,37.0,1.0,1.0,1.0,11024.675675675675,XS,1014 ZK,1014.0,101,west,False,Houthavens-West,AMSTERDAM,276.87,2025.0,A+
1829,485000.0,46.0,1.0,2.0,0.0,10543.478260869566,XS,1018 CA,1018.0,101,centrum,False,Oostenburg,AMSTERDAM,0.0,2021.0,A+++
1831,749500.0,106.0,1.0,2.0,0.0,7070.754716981132,XL,1019 LJ,1019.0,101,oost,False,KNSM-eiland,AMSTERDAM,264.0,1993.0,B
1832,1049000.0,105.0,2.0,5.0,0.0,9990.47619047619,XL,1071 MN,1071.0,107,zuid,False,Cornelis Schuytbuurt,AMSTERDAM,,1903.0,C
1833,350000.0,84.0,3.0,4.0,0.0,4166.666666666667,L,1102 VB,1102.0,110,zuidoost,False,Venserpolder-West,AMSTERDAM,,1985.0,A
1834,615000.0,68.0,2.0,3.0,0.0,9044.117647058823,M,1055 LV,1055.0,105,west,False,Erasmusparkbuurt-Oost,AMSTERDAM,50.0,1910.0,C
1835,435000.0,57.0,2.0,3.0,0.0,7631.578947368421,S,1056 HR,1056.0,105,west,False,Landlust-Zuid,AMSTERDAM,129.02,1924.0,D
1836,599500.0,81.0,2.0,3.0,0.0,7401.234567901234,L,1018 CV,1018.0,101,centrum,False,Plantage,AMSTERDAM,85.0,1985.0,C
1838,520000.0,50.0,1.0,2.0,0.0,10400.0,XS,1018 CA,1018.0,101,centrum,False,Oostenburg,AMSTERDAM,,2021.0,A+++
1839,534000.0,81.0,2.0,3.0,1.0,6592.592592592592,L,1101 DA,1101.0,110,zuidoost,False,Amstel III deel A/B-Noord,AMSTERDAM,,2022.0,N/A
1840,700000.0,63.0,2.0,3.0,0.0,11111.111111111111,S,1075 HE,1075.0,107,zuid,False,Valeriusbuurt-Oost,AMSTERDAM,87.35,1911.0,D
1841,277037.0,59.0,1.0,2.0,1.0,4695.542372881356,S,1032 KW,1032.0,103,noord,False,Klaprozenbuurt,AMSTERDAM,,2025.0,N/A
1842,1450000.0,249.0,4.0,5.0,0.0,5823.293172690763,XL,1054 HT,1054.0,105,west,False,Vondelparkbuurt-Midden,AMSTERDAM,,1885.0,F
1843,1475000.0,136.0,2.0,3.0,1.0,10845.588235294117,XL,1015 CP,1015.0,101,centrum,True,Langestraat e.o.,AMSTERDAM,280.0,1886.0,N/A
1844,450000.0,55.0,1.0,2.0,0.0,8181.818181818182,S,1056 DC,1056.0,105,west,False,Jan Maijenbuurt,AMSTERDAM,100.0,1927.0,D
1845,535000.0,78.0,2.0,3.0,1.0,6858.974358974359,M,1083 VA,1083.0,108,zuid,False,Buitenveldert-Oost-Midden,AMSTERDAM,284.0,1963.0,C
1846,672500.0,77.0,2.0,3.0,0.0,8733.766233766233,M,1096 DS,1096.0,109,oost,False,Weespertrekvaart,AMSTERDAM,,2024.0,N/A
1847,3150000.0,225.0,3.0,4.0,1.0,14000.0,XL,1013 HC,1013.0,101,west,False,Haarlemmerbuurt-West,AMSTERDAM,635.0,2010.0,A
1849,455000.0,71.0,2.0,3.0,0.0,6408.450704225352,M,1102 AK,1102.0,110,zuidoost,False,D-buurt,AMSTERDAM,,2021.0,A++
1850,1450000.0,156.0,3.0,5.0,1.0,9294.871794871795,XL,1072 PB,1072.0,107,zuid,False,Sarphatiparkbuurt,AMSTERDAM,160.0,1891.0,D
1851,570000.0,60.0,1.0,2.0,1.0,9500.0,S,1031 HX,1031.0,103,noord,False,Buiksloterham-Zuid,AMSTERDAM,,2021.0,A+++
1852,425000.0,52.0,1.0,2.0,0.0,8173.076923076923,S,1094 CT,1094.0,109,oost,False,Timorpleinbuurt-Noord,AMSTERDAM,128.0,1903.0,D
1853,655000.0,71.0,2.0,3.0,0.0,9225.352112676057,M,1018 CA,1018.0,101,centrum,False,Oostenburg,AMSTERDAM,0.0,2021.0,A+++
1854,564000.0,60.0,1.0,2.0,0.0,9400.0,S,1095 AM,1095.0,109,oost,False,Makassarpleinbuurt,AMSTERDAM,0.0,2021.0,N/A
1855,4250000.0,366.0,7.0,11.0,1.0,11612.021857923497,XL,1011 JN,1011.0,101,centrum,False,Zuiderkerkbuurt,AMSTERDAM,0.0,1733.0,N/A
1856,745000.0,120.0,3.0,4.0,1.0,6208.333333333333,XL,1025 WK,1025.0,102,noord,False,Elzenhagen-Zuid,AMSTERDAM,,2027.0,A+++
1857,875000.0,110.0,3.0,5.0,1.0,7954.545454545455,XL,1014 ZJ,1014.0,101,west,False,Houthavens-West,AMSTERDAM,219.76,2021.0,A++
1858,1350000.0,120.0,2.0,3.0,1.0,11250.0,XL,1015 AA,1015.0,101,centrum,True,Langestraat e.o.,AMSTERDAM,226.0,1763.0,N/A
1859,1195000.0,152.0,4.0,6.0,0.0,7861.8421052631575,XL,1075 XT,1075.0,107,zuid,False,Schinkelbuurt-Zuid,AMSTERDAM,166.0,1912.0,C
1860,930000.0,93.0,1.0,2.0,1.0,10000.0,L,1017 WS,1017.0,101,centrum,True,Frederikspleinbuurt,AMSTERDAM,286.27,,B
1861,650000.0,69.0,3.0,4.0,0.0,9420.289855072464,M,1053 ZT,1053.0,105,west,False,Da Costabuurt-Zuid,AMSTERDAM,,1881.0,N/A
1862,800000.0,167.0,4.0,5.0,1.0,4790.419161676647,XL,1083 GE,1083.0,108,zuid,False,Buitenveldert-Oost-Midden,AMSTERDAM,404.46,1968.0,C
1863,750000.0,89.0,2.0,3.0,0.0,8426.966292134832,L,1092 GJ,1092.0,109,oost,False,Transvaalbuurt-Oost,AMSTERDAM,129.0,1914.0,C
1864,852500.0,100.0,3.0,4.0,1.0,8525.0,L,1061 AV,1061.0,106,nieuw_west,False,Overtoomse Veld-Noord,AMSTERDAM,,2027.0,A+++
1866,2850000.0,219.0,7.0,8.0,0.0,13013.698630136987,XL,1054 GR,1054.0,105,west,False,Vondelparkbuurt-Midden,AMSTERDAM,250.0,1882.0,G
1867,495000.0,51.0,2.0,3.0,0.0,9705.882352941177,S,1073 RL,1073.0,107,zuid,False,Burgemeester Tellegenbuurt-Oost,AMSTERDAM,145.64,1923.0,C
1868,547000.0,81.0,2.0,3.0,1.0,6753.086419753086,L,1101 DA,1101.0,110,zuidoost,False,Amstel III deel A/B-Noord,AMSTERDAM,,2022.0,N/A
1869,2350000.0,191.0,3.0,7.0,0.0,12303.664921465968,XL,1017 ZT,1017.0,101,centrum,True,Frederikspleinbuurt,AMSTERDAM,296.0,1905.0,B
1871,575000.0,59.0,1.0,2.0,1.0,9745.762711864407,S,1031 HX,1031.0,103,noord,False,Buiksloterham-Zuid,AMSTERDAM,,2021.0,A+++
1872,987000.0,114.0,3.0,4.0,1.0,8657.894736842105,XL,1095 AM,1095.0,109,oost,False,Makassarpleinbuurt,AMSTERDAM,0.0,2021.0,N/A
1874,980000.0,101.0,3.0,3.0,1.0,9702.970297029702,L,1016 VR,1016.0,101,centrum,True,Passeerdersgrachtbuurt,AMSTERDAM,,1980.0,A
1875,425000.0,47.0,1.0,2.0,0.0,9042.553191489362,XS,1052 HD,1052.0,105,west,False,Frederik Hendrikbuurt-Noord,AMSTERDAM,128.63,1914.0,C
1876,465000.0,61.0,1.0,2.0,1.0,7622.950819672131,S,1012 SP,1012.0,101,centrum,False,Hemelrijk,AMSTERDAM,433.0,1765.0,N/A
1877,575000.0,57.0,2.0,3.0,0.0,10087.719298245614,S,1054 AK,1054.0,105,west,False,Helmersbuurt-Oost,AMSTERDAM,,1897.0,D
1878,415000.0,50.0,1.0,2.0,0.0,8300.0,XS,1018 CA,1018.0,101,centrum,False,Oostenburg,AMSTERDAM,0.0,2021.0,A+++
1879,2550000.0,180.0,3.0,4.0,2.5,14166.666666666666,XL,1071 ZM,1071.0,107,zuid,False,Cornelis Schuytbuurt,AMSTERDAM,133.0,1902.0,C
1882,325000.0,74.0,2.0,3.0,0.0,4391.891891891892,M,1107 LM,1107.0,110,zuidoost,False,Gein 2,AMSTERDAM,,1983.0,C
1883,495000.0,57.0,2.0,3.0,1.0,8684.21052631579,S,1082 JW,1082.0,108,zuid,False,Gelderlandpleinbuurt,AMSTERDAM,424.09,1965.0,D
1884,420000.0,89.0,2.0,3.0,1.0,4719.101123595506,L,1067 MN,1067.0,106,nieuw_west,False,Dudokbuurt,AMSTERDAM,185.0,,A
1885,650000.0,119.0,2.0,3.0,4.0,5462.18487394958,XL,1064 PR,1064.0,106,nieuw_west,False,Oostoever Sloterplas,AMSTERDAM,252.0,1998.0,A
1886,775000.0,127.0,3.0,4.0,1.0,6102.36220472441,XL,1025 WK,1025.0,102,noord,False,Elzenhagen-Zuid,AMSTERDAM,,2027.0,A+++
1888,415000.0,70.0,2.0,3.0,0.0,5928.571428571428,M,1016 DA,1016.0,101,centrum,True,Marnixbuurt-Zuid,AMSTERDAM,,1877.0,E
1889,512000.0,65.0,2.0,3.0,0.0,7876.923076923077,S,1064 AB,1064.0,106,nieuw_west,False,Noordoever Sloterplas,AMSTERDAM,0.0,2024.0,N/A
1890,281375.0,57.0,1.0,2.0,1.0,4936.403508771929,S,1032 KW,1032.0,103,noord,False,Klaprozenbuurt,AMSTERDAM,,2025.0,N/A
1892,555000.0,81.0,3.0,4.0,0.0,6851.851851851852,L,1062 HE,1062.0,106,nieuw_west,False,Schipluidenbuurt,AMSTERDAM,,2027.0,N/A
1893,425000.0,53.0,1.0,2.0,0.0,8018.867924528302,S,1091 CZ,1091.0,109,oost,False,Oosterparkbuurt-Noordwest,AMSTERDAM,131.1,1955.0,C
1894,375000.0,81.0,2.0,3.0,1.0,4629.62962962963,L,1025 TC,1025.0,102,noord,False,Loenermark,AMSTERDAM,203.15,1975.0,C
1895,688275.0,102.0,3.0,4.0,1.0,6747.794117647059,L,1101 DA,1101.0,110,zuidoost,False,Amstel III deel A/B-Noord,AMSTERDAM,,2021.0,N/A
1896,1400000.0,141.0,3.0,5.0,0.0,9929.078014184397,XL,1071 GE,1071.0,107,zuid,False,Concertgebouwbuurt,AMSTERDAM,252.0,1898.0,C
1897,400000.0,46.0,1.0,2.0,1.0,8695.652173913044,XS,1032 KN,1032.0,103,noord,False,Klaprozenbuurt,AMSTERDAM,,2025.0,A++
1898,3950000.0,220.0,3.0,5.0,3.5,17954.545454545456,XL,1082 MK,1082.0,108,zuid,False,Zuidas-Zuid,AMSTERDAM,555.68,2019.0,A
1899,550000.0,85.0,2.0,3.0,1.0,6470.588235294118,L,1019 HG,1019.0,101,oost,False,Architectenbuurt,AMSTERDAM,217.29,1905.0,C
1900,399000.0,50.0,1.0,2.0,1.0,7980.0,XS,1062 HE,1062.0,106,nieuw_west,False,Schipluidenbuurt,AMSTERDAM,,2026.0,A++++
1901,1750000.0,160.0,4.0,5.0,0.0,10937.5,XL,1018 CA,1018.0,101,centrum,False,Oostenburg,AMSTERDAM,0.0,2021.0,A+++
1902,1480000.0,157.0,2.0,3.0,0.0,9426.751592356688,XL,1018 BZ,1018.0,101,centrum,False,Plantage,AMSTERDAM,272.16,2002.0,A
1903,1050000.0,133.0,3.0,7.0,0.0,7894.736842105263,XL,1073 RZ,1073.0,107,zuid,False,Van der Helstpleinbuurt,AMSTERDAM,244.0,1907.0,D
1905,550000.0,73.0,2.0,3.0,1.0,7534.246575342466,M,1095 MP,1095.0,109,oost,False,Sportheldenbuurt,AMSTERDAM,,2019.0,A
1906,550000.0,80.0,3.0,4.0,0.0,6875.0,L,1024 KV,1024.0,102,noord,False,Markengouw-Zuid,AMSTERDAM,,2026.0,N/A
1907,475000.0,85.0,3.0,5.0,0.0,5588.235294117647,L,1065 LT,1065.0,106,nieuw_west,False,Louis Crispijnbuurt,AMSTERDAM,206.0,1984.0,C
1909,955000.0,91.0,2.0,3.0,1.0,10494.505494505494,L,1096 GV,1096.0,109,oost,False,Amstelkwartier-Noord,AMSTERDAM,,2021.0,A+++
1910,285000.0,28.0,1.0,1.0,0.0,10178.57142857143,XS,1096 GJ,1096.0,109,oost,False,Amstelkwartier-Noord,AMSTERDAM,59.0,2014.0,A
1911,830000.0,90.0,3.0,4.0,0.0,9222.222222222223,L,1058 KV,1058.0,105,west,False,Westlandgrachtbuurt,AMSTERDAM,89.0,1931.0,C
1912,285250.0,55.0,1.0,2.0,1.0,5186.363636363636,S,1103 AM,1103.0,110,zuidoost,False,E-buurt,AMSTERDAM,,2026.0,N/A
1913,867500.0,100.0,3.0,4.0,0.0,8675.0,L,1061 AV,1061.0,106,nieuw_west,False,Overtoomse Veld-Noord,AMSTERDAM,,2027.0,A+++
1914,495000.0,56.0,1.0,2.0,0.0,8839.285714285714,S,1094 GL,1094.0,109,oost,False,Timorpleinbuurt-Noord,AMSTERDAM,,1902.0,B
1915,425000.0,61.0,1.0,2.0,0.0,6967.213114754099,S,1036 KN,1036.0,103,noord,False,De Bongerd,AMSTERDAM,,2020.0,A
1916,545000.0,57.0,1.0,2.0,1.0,9561.40350877193,S,1031 KN,1031.0,103,noord,False,Overhoeks,AMSTERDAM,,2025.0,N/A
1917,485000.0,66.0,2.0,3.0,0.0,7348.484848484848,S,1056 SG,1056.0,105,west,False,Jan Maijenbuurt,AMSTERDAM,125.0,,D
1918,395000.0,49.0,1.0,2.0,0.0,8061.224489795918,XS,1055 RZ,1055.0,105,west,False,Bedrijventerrein Landlust,AMSTERDAM,106.28,2017.0,A+
1919,749000.0,100.0,2.0,3.0,0.0,7490.0,L,1013 WJ,1013.0,101,west,False,Spaarndammerbuurt-Noordwest,AMSTERDAM,225.13,1918.0,A
1920,650000.0,70.0,2.0,3.0,0.0,9285.714285714286,M,1052 HZ,1052.0,105,west,False,Frederik Hendrikbuurt-Zuidoost,AMSTERDAM,100.0,1905.0,A
1921,3975000.0,260.0,2.0,6.0,2.5,15288.461538461539,XL,1077 AV,1077.0,107,zuid,False,Minervabuurt-Noord,AMSTERDAM,,1930.0,C
1922,845000.0,94.0,3.0,4.0,0.0,8989.36170212766,L,1018 CA,1018.0,101,centrum,False,Oostenburg,AMSTERDAM,,2021.0,A+++
1923,565000.0,90.0,3.0,4.0,1.0,6277.777777777777,L,1024 XR,1024.0,102,noord,False,Markengouw-Midden,AMSTERDAM,135.0,2023.0,A++
1924,495000.0,55.0,1.0,3.0,0.0,9000.0,S,1079 KS,1079.0,107,zuid,False,Kromme Mijdrechtbuurt,AMSTERDAM,200.0,1926.0,D
1926,2700000.0,209.0,3.0,4.0,2.5,12918.66028708134,XL,1015 KD,1015.0,101,centrum,True,Anjeliersbuurt-Noord,AMSTERDAM,183.24,1860.0,N/A
1927,775000.0,101.0,2.0,3.0,2.0,7673.267326732674,L,1011 TV,1011.0,101,centrum,False,Rapenburg,AMSTERDAM,348.45,1796.0,C
1928,410000.0,79.0,2.0,3.0,0.0,5189.873417721519,M,1069 HM,1069.0,106,nieuw_west,False,Zuidwestkwadrant-Noord,AMSTERDAM,163.08,1963.0,N/A
1929,575000.0,62.0,1.0,2.0,1.0,9274.193548387097,S,1031 KN,1031.0,103,noord,False,Overhoeks,AMSTERDAM,,2025.0,N/A
1930,595000.0,107.0,2.0,4.0,0.0,5560.747663551402,XL,1056 HJ,1056.0,105,west,False,Landlust-Zuid,AMSTERDAM,,1926.0,C
1931,649500.0,72.0,2.0,3.0,1.0,9020.833333333334,M,1018 LL,1018.0,101,centrum,False,Oostenburg,AMSTERDAM,196.0,2022.0,A++
1932,971781.0,87.0,3.0,4.0,1.0,11169.896551724138,L,1013 SG,1013.0,101,west,False,Spaarndammerbuurt-Noordwest,AMSTERDAM,,2024.0,N/A
1933,570000.0,59.0,1.0,2.0,1.0,9661.016949152543,S,1031 KN,1031.0,103,noord,False,Overhoeks,AMSTERDAM,,2025.0,N/A
1935,950000.0,109.0,3.0,5.0,0.0,8715.59633027523,XL,1078 JX,1078.0,107,zuid,False,Wielingenbuurt,AMSTERDAM,183.38,1929.0,D
1936,400000.0,82.0,2.0,3.0,1.0,4878.048780487805,L,1068 EN,1068.0,106,nieuw_west,False,Osdorpplein e.o.,AMSTERDAM,,1998.0,A
1937,649000.0,78.0,2.0,3.0,0.0,8320.51282051282,M,1051 JX,1051.0,105,west,False,Westerstaatsman,AMSTERDAM,300.0,1916.0,N/A
1938,1090000.0,125.0,3.0,4.0,1.0,8720.0,XL,1061 AV,1061.0,106,nieuw_west,False,Overtoomse Veld-Noord,AMSTERDAM,,2027.0,A+++
1940,330000.0,70.0,2.0,3.0,1.0,4714.285714285715,M,1103 GZ,1103.0,110,zuidoost,False,Bijlmermuseum-Noord,AMSTERDAM,,1974.0,D
1941,780000.0,89.0,1.0,2.0,0.0,8764.044943820225,L,1018 CA,1018.0,101,centrum,False,Oostenburg,AMSTERDAM,0.0,2021.0,A+++
1942,639000.0,80.0,2.0,3.0,1.0,7987.5,L,1051 NV,1051.0,105,west,False,GWL-terrein,AMSTERDAM,203.0,1997.0,B
1943,595000.0,82.0,2.0,3.0,1.0,7256.09756097561,L,1062 CG,1062.0,106,nieuw_west,False,Overtoomse Veld-Zuid,AMSTERDAM,164.0,2015.0,A
1945,500000.0,66.0,3.0,4.0,0.0,7575.757575757576,S,1075 SH,1075.0,107,zuid,False,Schinkelbuurt-Noord,AMSTERDAM,135.0,1912.0,D
1946,425000.0,47.0,2.0,3.0,0.0,9042.553191489362,XS,1056 JV,1056.0,105,west,False,Geuzenhofbuurt,AMSTERDAM,111.0,1934.0,F
1947,553725.0,86.0,3.0,4.0,1.0,6438.662790697675,L,1101 DA,1101.0,110,zuidoost,False,Amstel III deel A/B-Noord,AMSTERDAM,,2022.0,N/A
1949,290000.0,62.0,1.0,2.0,1.0,4677.419354838709,S,1108 CG,1108.0,110,zuidoost,False,L-buurt,AMSTERDAM,191.46,1979.0,C
1950,1050000.0,103.0,3.0,4.0,0.0,10194.174757281553,XL,1072 KX,1072.0,107,zuid,False,Cornelis Troostbuurt,AMSTERDAM,,1923.0,A
1951,875000.0,121.0,4.0,5.0,0.0,7231.4049586776855,XL,1056 VA,1056.0,105,west,False,Pieter van der Doesbuurt,AMSTERDAM,267.0,1932.0,D
1954,385000.0,50.0,1.0,2.0,1.0,7700.0,XS,1062 HE,1062.0,106,nieuw_west,False,Schipluidenbuurt,AMSTERDAM,,2026.0,A++++
1955,525000.0,55.0,3.0,4.0,0.0,9545.454545454546,S,1058 CL,1058.0,105,west,False,Postjeskade e.o.,AMSTERDAM,106.59,1935.0,C
1956,400000.0,49.0,2.0,3.0,0.0,8163.265306122449,XS,1055 HN,1055.0,105,west,False,Bosleeuw,AMSTERDAM,149.0,1941.0,C
1957,545000.0,68.0,2.0,5.0,0.0,8014.705882352941,M,1075 SB,1075.0,107,zuid,False,Schinkelbuurt-Zuid,AMSTERDAM,264.26,1913.0,E
1958,485000.0,64.0,2.0,3.0,0.0,7578.125,S,1064 AB,1064.0,106,nieuw_west,False,Noordoever Sloterplas,AMSTERDAM,0.0,2024.0,N/A
1959,595000.0,96.0,2.0,3.0,1.0,6197.916666666667,L,1025 WK,1025.0,102,noord,False,Elzenhagen-Zuid,AMSTERDAM,,2027.0,A+++
1960,450000.0,46.0,1.0,2.0,0.0,9782.608695652174,XS,1058 SR,1058.0,105,west,False,Westlandgrachtbuurt,AMSTERDAM,112.0,1935.0,D
1961,950000.0,111.0,2.0,3.0,0.0,8558.558558558558,XL,1054 BX,1054.0,105,west,False,WG-terrein,AMSTERDAM,266.0,1896.0,C
1962,350000.0,79.0,2.0,3.0,1.0,4430.379746835443,M,1108 BP,1108.0,110,zuidoost,False,L-buurt,AMSTERDAM,341.58,1980.0,A
1963,475000.0,93.0,3.0,4.0,0.0,5107.5268817204305,L,1025 GG,1025.0,102,noord,False,Plan van Gool,AMSTERDAM,151.79,1969.0,A
1965,2750000.0,174.0,3.0,4.0,3.5,15804.597701149425,XL,1015 CP,1015.0,101,centrum,True,Langestraat e.o.,AMSTERDAM,414.84,1905.0,N/A
1966,480000.0,55.0,2.0,3.0,0.0,8727.272727272728,S,1076 SV,1076.0,107,zuid,False,Marathonbuurt-West,AMSTERDAM,156.49,1930.0,D
1967,525000.0,84.0,2.0,3.0,1.0,6250.0,L,1087 EH,1087.0,108,oost,False,Ed Pelsterparkbuurt,AMSTERDAM,174.68,2010.0,A
1968,335779.0,38.0,1.0,2.0,0.0,8836.28947368421,XS,1064 AB,1064.0,106,nieuw_west,False,Noordoever Sloterplas,AMSTERDAM,,2027.0,A++
1969,249500.0,43.0,1.0,2.0,0.0,5802.325581395349,XS,1102 TC,1102.0,110,zuidoost,False,Venserpolder-West,AMSTERDAM,130.32,1984.0,A
1970,525000.0,62.0,3.0,4.0,0.0,8467.741935483871,S,1057 ZJ,1057.0,105,west,False,Kortenaerkwartier,AMSTERDAM,75.0,1925.0,D
1971,700000.0,90.0,1.0,2.0,1.0,7777.777777777777,L,1011 LZ,1011.0,101,centrum,False,Uilenburg,AMSTERDAM,316.0,2000.0,A
1972,525000.0,67.0,1.0,2.0,1.0,7835.820895522388,M,1061 AV,1061.0,106,nieuw_west,False,Overtoomse Veld-Noord,AMSTERDAM,,2027.0,A+++
1973,475000.0,58.0,1.0,3.0,0.0,8189.6551724137935,S,1013 SV,1013.0,101,west,False,Spaarndammerbuurt-Zuidoost,AMSTERDAM,150.89,1912.0,D
1974,398000.0,41.0,2.0,3.0,0.0,9707.317073170732,XS,1018 WZ,1018.0,101,centrum,False,Sarphatistrook,AMSTERDAM,100.0,1914.0,D
1976,994000.0,117.0,3.0,4.0,1.0,8495.726495726496,XL,1095 AM,1095.0,109,oost,False,Makassarpleinbuurt,AMSTERDAM,0.0,2021.0,N/A
1977,750000.0,107.0,2.0,4.0,1.0,7009.345794392523,XL,1077 KW,1077.0,107,zuid,False,Prinses Irenebuurt,AMSTERDAM,360.0,1956.0,F
1978,350000.0,43.0,1.0,2.0,0.0,8139.53488372093,XS,1094 AG,1094.0,109,oost,False,Timorpleinbuurt-Noord,AMSTERDAM,156.8,1913.0,C
1979,750000.0,77.0,2.0,3.0,0.0,9740.25974025974,M,1058 JK,1058.0,105,west,False,Surinamepleinbuurt,AMSTERDAM,85.0,1932.0,D
1980,395000.0,50.0,1.0,2.0,1.0,7900.0,XS,1062 HE,1062.0,106,nieuw_west,False,Schipluidenbuurt,AMSTERDAM,,2026.0,A++++
1981,1395000.0,187.0,2.0,6.0,0.0,7459.893048128342,XL,1018 TL,1018.0,101,centrum,False,Plantage,AMSTERDAM,150.0,1887.0,G
1982,825000.0,90.0,2.0,3.0,0.0,9166.666666666666,L,1012 DX,1012.0,101,centrum,False,BG-terrein e.o.,AMSTERDAM,89.0,1938.0,N/A
1983,325000.0,32.0,1.0,1.0,0.0,10156.25,XS,1016 PJ,1016.0,101,centrum,True,Elandsgrachtbuurt,AMSTERDAM,129.0,1897.0,C
1984,455000.0,67.0,1.0,2.0,1.0,6791.044776119403,M,1025 WK,1025.0,102,noord,False,Elzenhagen-Zuid,AMSTERDAM,,2027.0,A+++
1985,599000.0,110.0,1.0,2.0,0.0,5445.454545454545,XL,1061 AX,1061.0,106,nieuw_west,False,Overtoomse Veld-Noord,AMSTERDAM,151.86,2019.0,A
1986,925000.0,120.0,3.0,5.0,0.0,7708.333333333333,XL,1058 VD,1058.0,105,west,False,Paramariboplein e.o.,AMSTERDAM,,1927.0,N/A
1987,440000.0,47.0,1.0,2.0,0.0,9361.702127659575,XS,1053 ZE,1053.0,105,west,False,Da Costabuurt-Noord,AMSTERDAM,70.0,1894.0,C
1988,375000.0,34.0,1.0,2.0,0.0,11029.411764705883,XS,1072 XL,1072.0,107,zuid,False,Gerard Doubuurt,AMSTERDAM,,1876.0,A
1989,465000.0,58.0,2.0,3.0,0.0,8017.241379310345,S,1079 VG,1079.0,107,zuid,False,Kromme Mijdrechtbuurt,AMSTERDAM,,1937.0,D
1991,1220000.0,114.0,3.0,4.0,1.0,10701.754385964912,XL,1031 HX,1031.0,103,noord,False,Buiksloterham-Zuid,AMSTERDAM,,2021.0,A+++
1992,675000.0,69.0,2.0,4.0,0.0,9782.608695652174,M,1076 CH,1076.0,107,zuid,False,Van Tuyllbuurt,AMSTERDAM,236.0,1931.0,C
1993,450000.0,62.0,1.0,2.0,0.0,7258.064516129032,S,1013 HC,1013.0,101,west,False,Haarlemmerbuurt-West,AMSTERDAM,80.0,1625.0,N/A
1994,650000.0,65.0,2.0,4.0,0.0,10000.0,S,1073 SM,1073.0,107,zuid,False,Van der Helstpleinbuurt,AMSTERDAM,127.5,1911.0,B
1995,650000.0,78.0,2.0,3.0,1.0,8333.333333333334,M,1011 EG,1011.0,101,centrum,False,Lastage,AMSTERDAM,180.0,,B
1997,335779.0,40.0,1.0,2.0,0.0,8394.475,XS,1064 AB,1064.0,106,nieuw_west,False,Noordoever Sloterplas,AMSTERDAM,,2027.0,A++
1999,395000.0,53.0,1.0,2.0,1.0,7452.830188679245,S,1036 LH,1036.0,103,noord,False,De Bongerd,AMSTERDAM,117.89,2024.0,A+
2000,785000.0,82.0,2.0,4.0,0.0,9573.170731707318,L,1078 JZ,1078.0,107,zuid,False,Wielingenbuurt,AMSTERDAM,334.0,1928.0,D
2002,840000.0,87.0,2.0,3.0,1.0,9655.172413793103,L,1096 AM,1096.0,109,oost,False,De Omval,AMSTERDAM,,2021.0,A+
2003,310000.0,34.0,1.0,2.0,0.0,9117.64705882353,XS,1056 KS,1056.0,105,west,False,Geuzenhofbuurt,AMSTERDAM,230.23,1942.0,N/A
2004,1125000.0,117.0,3.0,4.0,0.0,9615.384615384615,XL,1018 CA,1018.0,101,centrum,False,Oostenburg,AMSTERDAM,0.0,2021.0,A+++
2005,465000.0,61.0,2.0,3.0,0.0,7622.950819672131,S,1058 CS,1058.0,105,west,False,Postjeskade e.o.,AMSTERDAM,,,F
2006,575000.0,66.0,1.0,2.0,0.0,8712.121212121212,S,1071 VD,1071.0,107,zuid,False,Duivelseiland,AMSTERDAM,125.0,1888.0,B
2008,745000.0,126.0,3.0,5.0,0.0,5912.6984126984125,XL,1015 HE,1015.0,101,centrum,True,Bloemgrachtbuurt,AMSTERDAM,,1871.0,A
2009,675000.0,66.0,1.0,2.0,0.0,10227.272727272728,S,1016 HG,1016.0,101,centrum,True,Elandsgrachtbuurt,AMSTERDAM,,1870.0,B
2010,3250000.0,240.0,3.0,5.0,2.0,13541.666666666666,XL,1031 KC,1031.0,103,noord,False,Overhoeks,AMSTERDAM,564.0,2012.0,A
2011,481000.0,72.0,2.0,3.0,1.0,6680.555555555556,M,1101 DA,1101.0,110,zuidoost,False,Amstel III deel A/B-Noord,AMSTERDAM,,2022.0,N/A
2012,375000.0,82.0,3.0,4.0,0.0,4573.170731707317,L,1102 XM,1102.0,110,zuidoost,False,Venserpolder-Oost,AMSTERDAM,207.0,1984.0,A
2014,899500.0,117.0,2.0,3.0,0.0,7688.034188034188,XL,1012 JD,1012.0,101,centrum,False,Kop Zeedijk,AMSTERDAM,90.99,1673.0,A+
2015,400000.0,50.0,2.0,3.0,0.0,8000.0,XS,1057 TD,1057.0,105,west,False,Balboaplein e.o.,AMSTERDAM,,1926.0,D
2016,490000.0,71.0,2.0,3.0,1.0,6901.408450704225,M,1101 BA,1101.0,110,zuidoost,False,Amstel III deel A/B-Noord,AMSTERDAM,0.0,2024.0,N/A
2017,575000.0,86.0,3.0,4.0,1.0,6686.046511627907,L,1061 AX,1061.0,106,nieuw_west,False,Overtoomse Veld-Noord,AMSTERDAM,182.0,2009.0,A+
2018,350000.0,62.0,2.0,3.0,1.0,5645.1612903225805,S,1064 AL,1064.0,106,nieuw_west,False,Louis Couperusbuurt,AMSTERDAM,110.73,1957.0,C
2019,425000.0,51.0,2.0,3.0,0.0,8333.333333333334,S,1013 PW,1013.0,101,west,False,Spaarndammerbuurt-Noordoost,AMSTERDAM,99.0,1938.0,D
2020,995000.0,135.0,3.0,6.0,0.0,7370.37037037037,XL,1013 HC,1013.0,101,west,False,Haarlemmerbuurt-West,AMSTERDAM,,1905.0,N/A
2021,500000.0,51.0,2.0,3.0,0.0,9803.921568627451,S,1057 VB,1057.0,105,west,False,Columbusplein e.o.,AMSTERDAM,72.0,1929.0,B
2022,450000.0,53.0,1.0,1.0,0.0,8490.566037735849,S,1054 VT,1054.0,105,west,False,Cremerbuurt-Oost,AMSTERDAM,75.0,1899.0,F
2023,645000.0,76.0,2.0,3.0,0.0,8486.842105263158,M,1079 JG,1079.0,107,zuid,False,Rijnbuurt-Oost,AMSTERDAM,70.0,1934.0,D
2025,429000.0,59.0,1.0,2.0,1.0,7271.186440677966,S,1101 BA,1101.0,110,zuidoost,False,Amstel III deel A/B-Noord,AMSTERDAM,0.0,2024.0,N/A
2026,1790000.0,156.0,3.0,4.0,0.0,11474.358974358975,XL,1071 HE,1071.0,107,zuid,False,Concertgebouwbuurt,AMSTERDAM,258.0,1889.0,A+
2027,400000.0,41.0,1.0,2.0,0.0,9756.09756097561,XS,1076 XS,1076.0,107,zuid,False,Marathonbuurt-Oost,AMSTERDAM,93.6,1926.0,A
2029,550000.0,61.0,2.0,3.0,0.0,9016.393442622952,S,1073 BP,1073.0,107,zuid,False,Sarphatiparkbuurt,AMSTERDAM,195.66,1890.0,D
2030,547000.0,60.0,1.0,2.0,0.0,9116.666666666666,S,1095 AM,1095.0,109,oost,False,Makassarpleinbuurt,AMSTERDAM,0.0,2021.0,N/A
2031,494000.0,79.0,2.0,3.0,1.0,6253.164556962025,M,1101 DA,1101.0,110,zuidoost,False,Amstel III deel A/B-Noord,AMSTERDAM,,2022.0,N/A
2033,565000.0,63.0,1.0,2.0,0.0,8968.253968253968,S,1072 VZ,1072.0,107,zuid,False,Frans Halsbuurt,AMSTERDAM,103.0,1880.0,B
2034,300414.0,39.0,1.0,2.0,1.0,7702.923076923077,XS,1032 KW,1032.0,103,noord,False,Klaprozenbuurt,AMSTERDAM,,2025.0,N/A
2035,650000.0,70.0,2.0,3.0,0.0,9285.714285714286,M,1018 CA,1018.0,101,centrum,False,Oostenburg,AMSTERDAM,,2021.0,A+++
2036,400000.0,45.0,1.0,2.0,0.0,8888.888888888889,XS,1052 TR,1052.0,105,west,False,Frederik Hendrikbuurt-Zuidoost,AMSTERDAM,176.0,1905.0,N/A
2037,375000.0,42.0,1.0,2.0,0.0,8928.57142857143,XS,1056 WZ,1056.0,105,west,False,Landlust-Zuid,AMSTERDAM,98.98,1923.0,G
2038,1095000.0,79.0,2.0,3.0,1.0,13860.759493670887,M,1071 RW,1071.0,107,zuid,False,Hondecoeterbuurt,AMSTERDAM,169.0,1906.0,A
2040,785000.0,77.0,2.0,3.0,1.0,10194.805194805194,M,1096 AM,1096.0,109,oost,False,De Omval,AMSTERDAM,,2021.0,A+
2041,450000.0,48.0,1.0,2.0,0.0,9375.0,XS,1018 CA,1018.0,101,centrum,False,Oostenburg,AMSTERDAM,,2021.0,A+++
2043,335779.0,40.0,1.0,2.0,0.0,8394.475,XS,1064 AB,1064.0,106,nieuw_west,False,Noordoever Sloterplas,AMSTERDAM,,2027.0,A+
2044,625000.0,65.0,2.0,3.0,0.0,9615.384615384615,S,1054 EC,1054.0,105,west,False,Cremerbuurt-West,AMSTERDAM,,1912.0,C
2045,600000.0,65.0,1.0,2.0,0.0,9230.76923076923,S,1018 CA,1018.0,101,centrum,False,Oostenburg,AMSTERDAM,,2021.0,A+++
2046,485000.0,64.0,2.0,3.0,0.0,7578.125,S,1064 AB,1064.0,106,nieuw_west,False,Noordoever Sloterplas,AMSTERDAM,0.0,2024.0,N/A
2047,1045000.0,123.0,3.0,5.0,0.0,8495.934959349594,XL,1015 RV,1015.0,101,centrum,True,Anjeliersbuurt-Zuid,AMSTERDAM,254.1,1876.0,E
2049,515000.0,74.0,2.0,3.0,0.0,6959.459459459459,M,1062 HE,1062.0,106,nieuw_west,False,Schipluidenbuurt,AMSTERDAM,,2027.0,N/A
2050,475000.0,60.0,1.0,2.0,0.0,7916.666666666667,S,1053 NE,1053.0,105,west,False,Borgerbuurt,AMSTERDAM,150.76,1988.0,A
2051,421500.0,59.0,1.0,2.0,1.0,7144.067796610169,S,1101 BA,1101.0,110,zuidoost,False,Amstel III deel A/B-Noord,AMSTERDAM,0.0,2024.0,N/A
2052,800000.0,98.0,2.0,3.0,0.0,8163.265306122449,L,1077 KB,1077.0,107,zuid,False,Minervabuurt-Midden,AMSTERDAM,240.48,1939.0,N/A
2053,585000.0,74.0,2.0,4.0,0.0,7905.405405405405,M,1059 TC,1059.0,105,west,False,Aalsmeerwegbuurt-West,AMSTERDAM,130.0,,C
2054,525000.0,63.0,2.0,3.0,0.0,8333.333333333334,S,1057 VP,1057.0,105,west,False,Columbusplein e.o.,AMSTERDAM,,1929.0,A
2057,452500.0,71.0,2.0,3.0,0.0,6373.239436619719,M,1102 AK,1102.0,110,zuidoost,False,D-buurt,AMSTERDAM,,2021.0,A++
2058,700000.0,84.0,3.0,6.0,0.0,8333.333333333334,L,1055 ES,1055.0,105,west,False,Bosleeuw,AMSTERDAM,121.0,1940.0,C
2059,575000.0,71.0,2.0,3.0,0.0,8098.591549295775,M,1078 AK,1078.0,107,zuid,False,IJselbuurt-West,AMSTERDAM,127.06,1924.0,D
2060,683100.0,103.0,2.0,3.0,1.0,6632.038834951456,XL,1101 DA,1101.0,110,zuidoost,False,Amstel III deel A/B-Noord,AMSTERDAM,,2021.0,N/A
2061,720000.0,72.0,2.0,3.0,0.0,10000.0,M,1018 CA,1018.0,101,centrum,False,Oostenburg,AMSTERDAM,0.0,2021.0,A+++
2062,1195000.0,118.0,2.0,3.0,0.0,10127.118644067798,XL,1013 MM,1013.0,101,west,False,Westerdokseiland,AMSTERDAM,314.71,2012.0,A+
2063,285000.0,78.0,2.0,3.0,1.0,3653.846153846154,M,1104 TR,1104.0,110,zuidoost,False,Bijlmermuseum-Zuid,AMSTERDAM,298.05,1970.0,A
2065,275000.0,72.0,3.0,4.0,1.0,3819.4444444444443,M,1069 EE,1069.0,106,nieuw_west,False,Dijkgraafpleinbuurt,AMSTERDAM,,1966.0,D
2068,475000.0,53.0,1.0,2.0,0.0,8962.264150943396,S,1012 HX,1012.0,101,centrum,False,Oude Kerk e.o.,AMSTERDAM,,1760.0,C
2070,395000.0,85.0,2.0,3.0,1.0,4647.058823529412,L,1025 ZW,1025.0,102,noord,False,Buikslotermeer-Noord,AMSTERDAM,,1966.0,A
2072,1150000.0,132.0,3.0,4.0,0.0,8712.121212121212,XL,1072 HG,1072.0,107,zuid,False,Lizzy Ansinghbuurt,AMSTERDAM,,1904.0,A
2073,675000.0,77.0,2.0,3.0,1.0,8766.233766233767,M,1077 TH,1077.0,107,zuid,False,Minervabuurt-Midden,AMSTERDAM,,1957.0,N/A
2074,399000.0,65.0,2.0,3.0,1.0,6138.461538461538,S,1024 PW,1024.0,102,noord,False,Werengouw-Midden,AMSTERDAM,101.92,1966.0,C
2075,375000.0,40.0,1.0,2.0,0.0,9375.0,XS,1013 RV,1013.0,101,west,False,Spaarndammerbuurt-Zuidwest,AMSTERDAM,253.0,,C
2076,280000.0,28.0,1.0,1.0,0.0,10000.0,XS,1096 GJ,1096.0,109,oost,False,Amstelkwartier-Noord,AMSTERDAM,52.92,2014.0,N/A
2078,795000.0,120.0,2.0,3.0,1.0,6625.0,XL,1013 LM,1013.0,101,west,False,Westelijke eilanden,AMSTERDAM,264.78,1650.0,N/A
2079,440000.0,42.0,2.0,3.0,0.0,10476.190476190477,XS,1073 VD,1073.0,107,zuid,False,Van der Helstpleinbuurt,AMSTERDAM,21.25,2007.0,A
2081,515000.0,81.0,2.0,3.0,1.0,6358.024691358025,L,1087 VA,1087.0,108,oost,False,Centrumeiland,AMSTERDAM,,2026.0,A++
2082,750000.0,104.0,2.0,3.0,1.0,7211.538461538462,XL,1019 LJ,1019.0,101,oost,False,KNSM-eiland,AMSTERDAM,254.0,1993.0,A
2083,385000.0,47.0,2.0,3.0,0.0,8191.489361702128,XS,1012 EV,1012.0,101,centrum,False,Burgwallen-Oost,AMSTERDAM,,1769.0,N/A
2084,1375000.0,190.0,2.0,4.0,0.0,7236.8421052631575,XL,1012 SC,1012.0,101,centrum,False,Spuistraat-Noord,AMSTERDAM,416.37,1913.0,E
2085,450000.0,48.0,1.0,2.0,0.0,9375.0,XS,1018 CA,1018.0,101,centrum,False,Oostenburg,AMSTERDAM,0.0,2021.0,A+++
2086,285000.0,53.0,1.0,1.0,1.0,5377.358490566037,S,1103 NA,1103.0,110,zuidoost,False,G-buurt-Oost,AMSTERDAM,153.75,1976.0,C
2088,399000.0,50.0,1.0,2.0,1.0,7980.0,XS,1062 HE,1062.0,106,nieuw_west,False,Schipluidenbuurt,AMSTERDAM,,2026.0,A++++
2089,518000.0,65.0,2.0,3.0,0.0,7969.2307692307695,S,1064 AB,1064.0,106,nieuw_west,False,Noordoever Sloterplas,AMSTERDAM,0.0,2024.0,N/A
2090,770000.0,74.0,2.0,3.0,1.0,10405.405405405405,M,1096 GS,1096.0,109,oost,False,Amstelkwartier-Noord,AMSTERDAM,,2022.0,A+++
2091,955000.0,91.0,2.0,3.0,1.0,10494.505494505494,L,1096 GV,1096.0,109,oost,False,Amstelkwartier-Noord,AMSTERDAM,,2021.0,A+++
2092,899000.0,121.0,3.0,4.0,0.0,7429.752066115702,XL,1015 BR,1015.0,101,centrum,True,Langestraat e.o.,AMSTERDAM,425.0,1633.0,N/A
2093,325000.0,60.0,2.0,3.0,0.0,5416.666666666667,S,1102 TJ,1102.0,110,zuidoost,False,Venserpolder-West,AMSTERDAM,,1985.0,C
2095,405000.0,58.0,2.0,3.0,0.0,6982.758620689655,S,1024 KV,1024.0,102,noord,False,Markengouw-Zuid,AMSTERDAM,,2026.0,N/A
2096,395000.0,50.0,1.0,2.0,1.0,7900.0,XS,1062 HE,1062.0,106,nieuw_west,False,Schipluidenbuurt,AMSTERDAM,,2026.0,A++++
2097,1075000.0,62.0,2.0,3.0,2.0,17338.709677419356,S,1071 ZN,1071.0,107,zuid,False,Cornelis Schuytbuurt,AMSTERDAM,,1903.0,A
2098,1090000.0,131.0,4.0,5.0,0.0,8320.610687022901,XL,1014 ZJ,1014.0,101,west,False,Houthavens-West,AMSTERDAM,,2019.0,A
2099,799000.0,85.0,3.0,4.0,1.0,9400.0,L,1011 EG,1011.0,101,centrum,False,Lastage,AMSTERDAM,279.25,1932.0,B
2100,515500.0,71.0,2.0,3.0,1.0,7260.56338028169,M,1101 BK,1101.0,110,zuidoost,False,Amstel III deel A/B-Noord,AMSTERDAM,,2025.0,N/A
2101,350000.0,49.0,2.0,3.0,0.0,7142.857142857143,XS,1057 SV,1057.0,105,west,False,Balboaplein e.o.,AMSTERDAM,162.0,1925.0,C
2102,598500.0,93.0,2.0,3.0,1.0,6435.4838709677415,L,1101 DA,1101.0,110,zuidoost,False,Amstel III deel A/B-Noord,AMSTERDAM,,2021.0,A++
2103,680000.0,77.0,2.0,3.0,0.0,8831.16883116883,M,1096 DS,1096.0,109,oost,False,Weespertrekvaart,AMSTERDAM,,2024.0,N/A
2104,699000.0,81.0,3.0,4.0,0.0,8629.62962962963,L,1094 LJ,1094.0,109,oost,False,Timorpleinbuurt-Zuid,AMSTERDAM,137.5,1906.0,C
2105,395000.0,46.0,1.0,2.0,0.0,8586.95652173913,XS,1093 VD,1093.0,109,oost,False,Dapperbuurt-Noord,AMSTERDAM,149.62,1978.0,B
2106,595000.0,72.0,2.0,3.0,0.0,8263.888888888889,M,1013 RJ,1013.0,101,west,False,Spaarndammerbuurt-Noordoost,AMSTERDAM,,1988.0,A
2107,450000.0,92.0,2.0,3.0,1.0,4891.304347826087,L,1069 GA,1069.0,106,nieuw_west,False,Botteskerkbuurt,AMSTERDAM,135.0,2006.0,A
2108,570000.0,73.0,1.0,2.0,0.0,7808.219178082192,M,1057 DB,1057.0,105,west,False,Columbusplein e.o.,AMSTERDAM,150.0,1924.0,B
2109,450000.0,97.0,3.0,4.0,1.0,4639.1752577319585,L,1060 TT,1060.0,106,nieuw_west,False,De Aker-Oost,AMSTERDAM,170.0,1998.0,A
2110,595000.0,57.0,2.0,3.0,0.0,10438.59649122807,S,1054 VK,1054.0,105,west,False,Cremerbuurt-West,AMSTERDAM,109.0,1910.0,C
2112,699000.0,95.0,3.0,4.0,0.0,7357.894736842105,L,1058 XN,1058.0,105,west,False,Paramariboplein e.o.,AMSTERDAM,,1930.0,N/A
2113,2450000.0,212.0,4.0,8.0,1.0,11556.603773584906,XL,1073 CP,1073.0,107,zuid,False,Sarphatiparkbuurt,AMSTERDAM,60.0,1882.0,N/A
2114,600000.0,89.0,3.0,4.0,1.0,6741.573033707865,L,1061 BD,1061.0,106,nieuw_west,False,Kolenkitbuurt-Noord,AMSTERDAM,,2020.0,A
2115,539000.0,73.0,2.0,3.0,0.0,7383.561643835616,M,1098 TS,1098.0,109,oost,False,Middenmeer-Zuid,AMSTERDAM,145.41,1957.0,D
2116,485000.0,49.0,1.0,2.0,0.0,9897.959183673469,XS,1018 CA,1018.0,101,centrum,False,Oostenburg,AMSTERDAM,,2021.0,A++++
2117,850000.0,121.0,4.0,5.0,0.0,7024.793388429752,XL,1065 WB,1065.0,106,nieuw_west,False,Jacob Geelbuurt,AMSTERDAM,215.0,2024.0,A+++
2118,375000.0,65.0,1.0,2.0,1.0,5769.2307692307695,S,1025 CW,1025.0,102,noord,False,De Kleine Wereld,AMSTERDAM,261.04,1981.0,B
2119,1285000.0,132.0,3.0,6.0,1.0,9734.848484848484,XL,1058 HW,1058.0,105,west,False,Legmeerpleinbuurt,AMSTERDAM,116.0,1908.0,B
2120,500000.0,96.0,2.0,3.0,0.0,5208.333333333333,L,1069 KE,1069.0,106,nieuw_west,False,Zuidwestkwadrant-Zuid,AMSTERDAM,,2008.0,A
2121,795000.0,143.0,3.0,4.0,1.0,5559.44055944056,XL,1066 GK,1066.0,106,nieuw_west,False,Park Haagseweg,AMSTERDAM,378.0,1993.0,C
2122,395000.0,50.0,1.0,2.0,1.0,7900.0,XS,1062 HE,1062.0,106,nieuw_west,False,Schipluidenbuurt,AMSTERDAM,,2026.0,A++++
2123,425000.0,48.0,2.0,3.0,0.0,8854.166666666666,XS,1056 JT,1056.0,105,west,False,Geuzenhofbuurt,AMSTERDAM,136.13,,D
2124,1000000.0,122.0,3.0,4.0,1.0,8196.72131147541,XL,1019 VE,1019.0,101,oost,False,Cruquiusbuurt,AMSTERDAM,,2018.0,A
2125,1150000.0,81.0,3.0,4.0,0.0,14197.530864197532,L,1017 DW,1017.0,101,centrum,True,Amstelveldbuurt,AMSTERDAM,,1690.0,C
2127,450000.0,59.0,1.0,2.0,0.0,7627.118644067797,S,1095 MA,1095.0,109,oost,False,Sportheldenbuurt,AMSTERDAM,75.0,2021.0,A+
2128,950000.0,112.0,4.0,5.0,1.0,8482.142857142857,XL,1019 BW,1019.0,101,oost,False,Rietlanden,AMSTERDAM,,2012.0,A+
2129,399000.0,53.0,1.0,2.0,1.0,7528.301886792453,S,1083 GL,1083.0,108,zuid,False,Buitenveldert-Oost-Midden,AMSTERDAM,,1968.0,C
2132,475000.0,65.0,2.0,3.0,0.0,7307.692307692308,S,1055 KP,1055.0,105,west,False,Bosleeuw,AMSTERDAM,198.14,1950.0,E
2134,513000.0,80.0,2.0,3.0,1.0,6412.5,L,1101 DA,1101.0,110,zuidoost,False,Amstel III deel A/B-Noord,AMSTERDAM,,2022.0,N/A
2135,400000.0,81.0,2.0,3.0,1.0,4938.271604938272,L,1060 RG,1060.0,106,nieuw_west,False,De Aker-West,AMSTERDAM,232.42,2000.0,N/A
2136,725000.0,84.0,2.0,3.0,1.0,8630.952380952382,L,1058 GD,1058.0,105,west,False,Andreasterrein,AMSTERDAM,221.18,2010.0,A
2137,390000.0,51.0,1.0,2.0,1.0,7647.058823529412,S,1062 MX,1062.0,106,nieuw_west,False,Schipluidenbuurt,AMSTERDAM,75.73,2021.0,A+++
2138,349000.0,60.0,1.0,2.0,0.0,5816.666666666667,S,1106 DL,1106.0,110,zuidoost,False,Gein 1,AMSTERDAM,109.0,1983.0,C
2139,575000.0,60.0,3.0,4.0,0.0,9583.333333333334,S,1054 ZT,1054.0,105,west,False,Cremerbuurt-West,AMSTERDAM,150.0,1906.0,A
2140,425000.0,48.0,2.0,3.0,0.0,8854.166666666666,XS,1079 ES,1079.0,107,zuid,False,Kromme Mijdrechtbuurt,AMSTERDAM,188.0,1925.0,D
2141,980000.0,162.0,4.0,5.0,1.0,6049.382716049383,XL,1025 WK,1025.0,102,noord,False,Elzenhagen-Zuid,AMSTERDAM,,2027.0,A++
2142,395000.0,50.0,1.0,2.0,1.0,7900.0,XS,1062 HE,1062.0,106,nieuw_west,False,Schipluidenbuurt,AMSTERDAM,,2026.0,A++++
2143,765000.0,98.0,3.0,4.0,0.0,7806.122448979592,L,1075 VZ,1075.0,107,zuid,False,Valeriusbuurt-West,AMSTERDAM,100.0,,A
2144,625000.0,70.0,2.0,3.0,1.0,8928.57142857143,M,1095 AM,1095.0,109,oost,False,Makassarpleinbuurt,AMSTERDAM,0.0,2021.0,N/A
2145,1140000.0,126.0,2.0,4.0,0.0,9047.619047619048,XL,1072 AE,1072.0,107,zuid,False,Frans Halsbuurt,AMSTERDAM,109.0,1879.0,B
2146,395000.0,50.0,1.0,2.0,1.0,7900.0,XS,1062 HE,1062.0,106,nieuw_west,False,Schipluidenbuurt,AMSTERDAM,,2026.0,A++++
2148,399000.0,94.0,2.0,3.0,1.0,4244.68085106383,L,1063 PW,1063.0,106,nieuw_west,False,Jan de Louterbuurt,AMSTERDAM,195.32,1997.0,B
2149,283250.0,55.0,1.0,2.0,1.0,5150.0,S,1103 AM,1103.0,110,zuidoost,False,E-buurt,AMSTERDAM,,2026.0,N/A
2151,283377.0,31.0,1.0,2.0,1.0,9141.193548387097,XS,1095 PA,1095.0,109,oost,False,Sluisbuurt,AMSTERDAM,,2025.0,N/A
2152,925000.0,115.0,2.0,5.0,0.0,8043.478260869565,XL,1079 AG,1079.0,107,zuid,False,Scheldebuurt-Midden,AMSTERDAM,205.0,1934.0,C
2153,283377.0,30.0,1.0,2.0,1.0,9445.9,XS,1095 PA,1095.0,109,oost,False,Sluisbuurt,AMSTERDAM,,2025.0,N/A
2154,420000.0,48.0,1.0,2.0,0.0,8750.0,XS,1058 JR,1058.0,105,west,False,Surinamepleinbuurt,AMSTERDAM,118.04,1928.0,C
2156,690000.0,69.0,1.0,2.0,0.0,10000.0,M,1071 KE,1071.0,107,zuid,False,Concertgebouwbuurt,AMSTERDAM,252.43,1905.0,A
2157,385000.0,45.0,1.0,2.0,0.0,8555.555555555555,XS,1018 ZP,1018.0,101,centrum,False,Kadijken,AMSTERDAM,,1902.0,B
2159,395000.0,54.0,1.0,2.0,1.0,7314.814814814815,S,1034 BM,1034.0,103,noord,False,Banne-Zuidoost,AMSTERDAM,134.55,2019.0,A
2160,755000.0,77.0,2.0,3.0,1.0,9805.194805194806,M,1096 AM,1096.0,109,oost,False,De Omval,AMSTERDAM,,2021.0,A+
2162,400000.0,58.0,2.0,3.0,0.0,6896.551724137931,S,1056 EH,1056.0,105,west,False,Jan Maijenbuurt,AMSTERDAM,125.0,,D
2164,450000.0,47.0,1.0,2.0,0.0,9574.468085106382,XS,1058 DK,1058.0,105,west,False,Postjeskade e.o.,AMSTERDAM,139.61,1935.0,D
2165,630000.0,113.0,3.0,4.0,0.0,5575.221238938053,XL,1097 VE,1097.0,109,oost,False,Betondorp,AMSTERDAM,340.43,1925.0,E
2167,580000.0,55.0,2.0,3.0,0.0,10545.454545454546,S,1079 ST,1079.0,107,zuid,False,Rijnbuurt-Oost,AMSTERDAM,92.02,1934.0,B
2168,685688.0,103.0,3.0,4.0,1.0,6657.165048543689,XL,1101 DA,1101.0,110,zuidoost,False,Amstel III deel A/B-Noord,AMSTERDAM,,2022.0,N/A
2169,410000.0,92.0,3.0,4.0,1.0,4456.521739130435,L,1069 LG,1069.0,106,nieuw_west,False,Zuidwestkwadrant-Zuid,AMSTERDAM,459.0,1965.0,C
2170,875000.0,91.0,2.0,3.0,0.0,9615.384615384615,L,1017 SV,1017.0,101,centrum,True,Weteringbuurt,AMSTERDAM,200.0,1905.0,C
2171,230000.0,24.0,1.0,1.0,1.0,9583.333333333334,XS,1083 CN,1083.0,108,zuid,False,Buitenveldert-Zuidoost,AMSTERDAM,84.63,1977.0,C
2172,675000.0,71.0,2.0,3.0,0.0,9507.042253521127,M,1078 XC,1078.0,107,zuid,False,Scheldebuurt-West,AMSTERDAM,100.0,1931.0,C
2173,595000.0,80.0,2.0,3.0,1.0,7437.5,L,1062 BM,1062.0,106,nieuw_west,False,Overtoomse Veld-Zuid,AMSTERDAM,242.0,2017.0,A
2174,799000.0,92.0,3.0,4.0,0.0,8684.782608695652,L,1078 MJ,1078.0,107,zuid,False,Scheldebuurt-Midden,AMSTERDAM,175.19,,C
2176,480000.0,55.0,2.0,3.0,0.0,8727.272727272728,S,1055 XT,1055.0,105,west,False,Gibraltarbuurt,AMSTERDAM,111.11,1934.0,C
2177,575000.0,70.0,2.0,3.0,0.0,8214.285714285714,M,1055 LW,1055.0,105,west,False,Erasmusparkbuurt-Oost,AMSTERDAM,180.0,1922.0,C
2178,375000.0,40.0,1.0,2.0,0.0,9375.0,XS,1051 BV,1051.0,105,west,False,Fannius Scholtenbuurt,AMSTERDAM,72.0,1900.0,A
2179,512000.0,69.0,2.0,3.0,0.0,7420.289855072464,M,1064 AB,1064.0,106,nieuw_west,False,Noordoever Sloterplas,AMSTERDAM,0.0,2024.0,N/A
2180,665000.0,76.0,2.0,3.0,0.0,8750.0,M,1018 CA,1018.0,101,centrum,False,Oostenburg,AMSTERDAM,,2021.0,A+++
2181,775000.0,118.0,3.0,5.0,0.0,6567.796610169492,XL,1021 EM,1021.0,102,noord,False,Vogelbuurt-Zuid,AMSTERDAM,150.0,1914.0,D
2182,335000.0,69.0,2.0,3.0,1.0,4855.072463768116,M,1104 EA,1104.0,110,zuidoost,False,Bijlmermuseum-Zuid,AMSTERDAM,,2014.0,A
2183,695000.0,81.0,3.0,4.0,0.0,8580.246913580248,L,1097 NT,1097.0,109,oost,False,De Wetbuurt,AMSTERDAM,83.45,1939.0,C
2184,775000.0,76.0,2.0,3.0,1.0,10197.368421052632,M,1096 AM,1096.0,109,oost,False,De Omval,AMSTERDAM,,2021.0,A+
2186,297895.0,48.0,1.0,2.0,1.0,6206.145833333333,XS,1032 KW,1032.0,103,noord,False,Klaprozenbuurt,AMSTERDAM,,2025.0,N/A
2187,785000.0,113.0,3.0,4.0,0.0,6946.902654867256,XL,1058 KH,1058.0,105,west,False,Westlandgrachtbuurt,AMSTERDAM,166.0,1930.0,E
2188,650000.0,71.0,2.0,3.0,1.0,9154.929577464789,M,1073 TB,1073.0,107,zuid,False,Van der Helstpleinbuurt,AMSTERDAM,241.0,2000.0,A
2190,500000.0,61.0,2.0,4.0,0.0,8196.72131147541,S,1055 PE,1055.0,105,west,False,Gibraltarbuurt,AMSTERDAM,120.0,1937.0,B
2191,625000.0,59.0,1.0,2.0,0.0,10593.22033898305,S,1054 VT,1054.0,105,west,False,Cremerbuurt-Oost,AMSTERDAM,128.0,1899.0,B
2192,491840.0,71.0,2.0,3.0,1.0,6927.3239436619715,M,1024 SP,1024.0,102,noord,False,Werengouw-Midden,AMSTERDAM,,2024.0,A+++
2193,495000.0,40.0,1.0,2.0,2.0,12375.0,XS,1077 TH,1077.0,107,zuid,False,Minervabuurt-Midden,AMSTERDAM,,,C
2194,1400000.0,151.0,3.0,4.0,0.0,9271.523178807947,XL,1082 MP,1082.0,108,zuid,False,Zuidas-Zuid,AMSTERDAM,453.0,,A++
2195,350000.0,87.0,2.0,3.0,1.0,4022.9885057471265,L,1025 EA,1025.0,102,noord,False,Buikslotermeer-Noord,AMSTERDAM,,1974.0,D
2196,475000.0,54.0,2.0,3.0,0.0,8796.296296296296,S,1059 TJ,1059.0,105,west,False,Aalsmeerwegbuurt-West,AMSTERDAM,164.77,1933.0,E
2197,875000.0,75.0,3.0,4.0,0.0,11666.666666666666,M,1054 LP,1054.0,105,west,False,Vondelparkbuurt-West,AMSTERDAM,,1917.0,A+
2198,395000.0,40.0,1.0,2.0,0.0,9875.0,XS,1054 HX,1054.0,105,west,False,WG-terrein,AMSTERDAM,97.41,1888.0,A
2199,515000.0,67.0,1.0,2.0,0.0,7686.567164179104,M,1013 NT,1013.0,101,west,False,Zeeheldenbuurt,AMSTERDAM,250.0,1883.0,C
2200,360000.0,93.0,3.0,4.0,1.0,3870.967741935484,L,1108 BW,1108.0,110,zuidoost,False,L-buurt,AMSTERDAM,415.89,1979.0,C
2201,1495000.0,158.0,3.0,4.0,0.0,9462.025316455696,XL,1074 CK,1074.0,107,zuid,False,Hemonybuurt,AMSTERDAM,236.0,1887.0,A
2202,1395000.0,102.0,2.0,3.0,0.0,13676.470588235294,L,1071 PK,1071.0,107,zuid,False,Cornelis Schuytbuurt,AMSTERDAM,60.0,1917.0,A
2204,657500.0,104.0,2.0,3.0,1.0,6322.115384615385,XL,1087 VA,1087.0,108,oost,False,Centrumeiland,AMSTERDAM,,2026.0,A++
2205,750000.0,145.0,4.0,6.0,0.0,5172.413793103448,XL,1095 DP,1095.0,109,oost,False,Zeeburgerdijk-Oost,AMSTERDAM,,2002.0,A
2206,1500000.0,136.0,3.0,5.0,0.0,11029.411764705883,XL,1071 MB,1071.0,107,zuid,False,Cornelis Schuytbuurt,AMSTERDAM,150.0,1906.0,C
2207,615000.0,63.0,1.0,2.0,1.0,9761.904761904761,S,1079 RK,1079.0,107,zuid,False,Kop Zuidas,AMSTERDAM,140.0,2020.0,A+++
2208,1465000.0,170.0,6.0,8.0,0.0,8617.64705882353,XL,1077 MC,1077.0,107,zuid,False,Minervabuurt-Midden,AMSTERDAM,,1932.0,G
2210,489000.0,74.0,2.0,3.0,1.0,6608.108108108108,M,1025 WK,1025.0,102,noord,False,Elzenhagen-Zuid,AMSTERDAM,,2027.0,A++
2211,296557.0,51.0,1.0,2.0,1.0,5814.843137254902,S,1032 KN,1032.0,103,noord,False,Klaprozenbuurt,AMSTERDAM,,2025.0,N/A
2212,675000.0,73.0,2.0,3.0,0.0,9246.575342465754,M,1091 NA,1091.0,109,oost,False,Transvaalbuurt-West,AMSTERDAM,,1927.0,A
2213,400000.0,58.0,1.0,2.0,1.0,6896.551724137931,S,1058 EJ,1058.0,105,west,False,Rembrandtpark-Zuid,AMSTERDAM,172.55,1974.0,C
2214,1050000.0,136.0,4.0,5.0,0.0,7720.588235294118,XL,1074 CZ,1074.0,107,zuid,False,Hemonybuurt,AMSTERDAM,198.0,1880.0,D
2215,375000.0,57.0,2.0,3.0,0.0,6578.9473684210525,S,1065 EK,1065.0,106,nieuw_west,False,Jacques Veldmanbuurt,AMSTERDAM,183.1,1956.0,C
2216,1900000.0,250.0,4.0,6.0,1.0,7600.0,XL,1013 LR,1013.0,101,west,False,Westelijke eilanden,AMSTERDAM,350.0,1905.0,B
2218,625000.0,80.0,2.0,3.0,0.0,7812.5,L,1011 KK,1011.0,101,centrum,False,Zuiderkerkbuurt,AMSTERDAM,150.68,1985.0,C
2219,538000.0,65.0,2.0,3.0,0.0,8276.923076923076,S,1064 AB,1064.0,106,nieuw_west,False,Noordoever Sloterplas,AMSTERDAM,0.0,2024.0,N/A
2220,540788.0,75.0,3.0,4.0,1.0,7210.506666666667,M,1101 DA,1101.0,110,zuidoost,False,Amstel III deel A/B-Noord,AMSTERDAM,,2022.0,N/A
2221,425000.0,49.0,1.0,2.0,0.0,8673.469387755102,XS,1051 LA,1051.0,105,west,False,Fannius Scholtenbuurt,AMSTERDAM,136.9,1904.0,C
2223,1200000.0,94.0,2.0,4.0,1.0,12765.95744680851,L,1016 GD,1016.0,101,centrum,True,Leidsegracht-Noord,AMSTERDAM,295.8,1720.0,D
2224,895000.0,118.0,3.0,4.0,1.0,7584.745762711865,XL,1096 DV,1096.0,109,oost,False,Weespertrekvaart,AMSTERDAM,192.0,2021.0,A+++
2225,550000.0,58.0,1.0,2.0,0.0,9482.758620689656,S,1053 EC,1053.0,105,west,False,Da Costabuurt-Noord,AMSTERDAM,,1893.0,N/A
2226,550000.0,73.0,1.0,2.0,1.0,7534.246575342466,M,1011 TB,1011.0,101,centrum,False,Rapenburg,AMSTERDAM,396.24,1735.0,B
2227,895000.0,86.0,1.0,2.0,1.0,10406.976744186046,L,1082 MS,1082.0,108,zuid,False,Zuidas-Zuid,AMSTERDAM,283.0,2010.0,A
2228,695000.0,76.0,2.0,4.0,0.0,9144.736842105263,M,1018 BN,1018.0,101,centrum,False,Kadijken,AMSTERDAM,,1905.0,N/A
2229,450000.0,59.0,1.0,2.0,0.0,7627.118644067797,S,1013 GE,1013.0,101,west,False,Haarlemmerbuurt-Oost,AMSTERDAM,,1770.0,A+
2230,525000.0,81.0,2.0,3.0,0.0,6481.481481481482,L,1061 MK,1061.0,106,nieuw_west,False,Laan van Spartaan,AMSTERDAM,,2016.0,A
2231,525000.0,86.0,2.0,3.0,1.0,6104.6511627906975,L,1082 GV,1082.0,108,zuid,False,Buitenveldert-Zuid-Midden,AMSTERDAM,208.9,1966.0,C
2232,795000.0,109.0,3.0,4.0,0.0,7293.577981651376,XL,1075 XN,1075.0,107,zuid,False,Schinkelbuurt-Noord,AMSTERDAM,270.0,1913.0,D
2233,795000.0,100.0,3.0,4.0,0.0,7950.0,L,1077 CT,1077.0,107,zuid,False,Minervabuurt-Zuid,AMSTERDAM,395.0,1931.0,E
2235,425000.0,45.0,1.0,2.0,0.0,9444.444444444445,XS,1058 KZ,1058.0,105,west,False,Westlandgrachtbuurt,AMSTERDAM,125.0,1932.0,A
2236,595000.0,55.0,2.0,3.0,0.0,10818.181818181818,S,1054 DC,1054.0,105,west,False,WG-terrein,AMSTERDAM,100.0,1927.0,C
2237,1575000.0,132.0,4.0,5.0,0.0,11931.818181818182,XL,1031 HX,1031.0,103,noord,False,Buiksloterham-Zuid,AMSTERDAM,,2021.0,A+++
2238,750000.0,90.0,2.0,3.0,1.0,8333.333333333334,L,1058 GD,1058.0,105,west,False,Andreasterrein,AMSTERDAM,125.36,2009.0,A++
2239,315000.0,35.0,1.0,1.0,0.0,9000.0,XS,1051 HR,1051.0,105,west,False,Westerstaatsman,AMSTERDAM,,1912.0,E
2240,450000.0,50.0,2.0,3.0,1.0,9000.0,XS,1057 BK,1057.0,105,west,False,Orteliusbuurt-Midden,AMSTERDAM,130.93,1926.0,B
2242,450000.0,65.0,2.0,3.0,0.0,6923.076923076923,S,1055 KT,1055.0,105,west,False,Bosleeuw,AMSTERDAM,,1950.0,C
2243,450000.0,66.0,3.0,4.0,0.0,6818.181818181818,S,1082 VG,1082.0,108,zuid,False,Gelderlandpleinbuurt,AMSTERDAM,189.39,1963.0,E
2244,1195000.0,138.0,3.0,6.0,0.0,8659.420289855072,XL,1012 WN,1012.0,101,centrum,False,Spuistraat-Zuid,AMSTERDAM,360.0,1749.0,N/A
2245,385000.0,50.0,1.0,2.0,1.0,7700.0,XS,1062 HE,1062.0,106,nieuw_west,False,Schipluidenbuurt,AMSTERDAM,,2026.0,A++++
2246,500000.0,69.0,3.0,4.0,0.0,7246.376811594203,M,1024 KV,1024.0,102,noord,False,Markengouw-Zuid,AMSTERDAM,,2026.0,N/A
2248,462500.0,71.0,2.0,3.0,0.0,6514.084507042254,M,1102 AK,1102.0,110,zuidoost,False,D-buurt,AMSTERDAM,,2021.0,A++
2249,575000.0,60.0,2.0,3.0,0.0,9583.333333333334,S,1092 GG,1092.0,109,oost,False,Transvaalbuurt-Oost,AMSTERDAM,99.53,1908.0,C
2250,550000.0,71.0,2.0,4.0,0.0,7746.478873239436,M,1013 CS,1013.0,101,west,False,Spaarndammerbuurt-Zuidoost,AMSTERDAM,,1988.0,C
2251,565000.0,93.0,2.0,3.0,1.0,6075.268817204301,L,1061 XZ,1061.0,106,nieuw_west,False,Overtoomse Veld-Noord,AMSTERDAM,140.0,2008.0,A
2253,1150000.0,85.0,2.0,3.0,1.0,13529.411764705883,L,1054 ET,1054.0,105,west,False,Vondelparkbuurt-Oost,AMSTERDAM,466.86,1884.0,N/A
2254,840000.0,97.0,2.0,3.0,0.0,8659.79381443299,L,1095 AM,1095.0,109,oost,False,Makassarpleinbuurt,AMSTERDAM,0.0,2021.0,N/A
2255,425000.0,77.0,3.0,4.0,0.0,5519.480519480519,M,1025 WT,1025.0,102,noord,False,Buikslotermeerplein,AMSTERDAM,175.0,,B
2256,430500.0,58.0,1.0,2.0,1.0,7422.413793103448,S,1101 BK,1101.0,110,zuidoost,False,Amstel III deel A/B-Noord,AMSTERDAM,,2025.0,N/A
2257,425000.0,64.0,1.0,2.0,1.0,6640.625,S,1061 MJ,1061.0,106,nieuw_west,False,Laan van Spartaan,AMSTERDAM,106.0,2016.0,A
2258,550000.0,60.0,2.0,3.0,0.0,9166.666666666666,S,1053 LN,1053.0,105,west,False,Da Costabuurt-Noord,AMSTERDAM,90.0,1891.0,A
2260,575000.0,59.0,2.0,3.0,0.0,9745.762711864407,S,1074 CL,1074.0,107,zuid,False,Hemonybuurt,AMSTERDAM,,1886.0,A
2261,339000.0,69.0,2.0,3.0,1.0,4913.04347826087,M,1104 EA,1104.0,110,zuidoost,False,Bijlmermuseum-Zuid,AMSTERDAM,,2015.0,A
2262,590000.0,102.0,2.0,3.0,1.0,5784.313725490196,L,1083 JN,1083.0,108,zuid,False,Buitenveldert-Oost-Midden,AMSTERDAM,194.83,1986.0,C
2263,625000.0,84.0,2.0,3.0,1.0,7440.476190476191,L,1011 MJ,1011.0,101,centrum,False,Valkenburg,AMSTERDAM,175.12,1999.0,A+
2264,457500.0,52.0,1.0,2.0,0.0,8798.076923076924,S,1013 KP,1013.0,101,west,False,Westelijke eilanden,AMSTERDAM,142.28,1935.0,E
2265,500000.0,62.0,1.0,2.0,1.0,8064.5161290322585,S,1018 LL,1018.0,101,centrum,False,Oostenburg,AMSTERDAM,175.37,2022.0,A+++
2266,395000.0,44.0,2.0,3.0,0.0,8977.272727272728,XS,1057 VL,1057.0,105,west,False,Columbusplein e.o.,AMSTERDAM,,1929.0,C
2267,945000.0,104.0,3.0,4.0,1.0,9086.538461538461,XL,1033 WW,1033.0,103,noord,False,NDSM terrein,AMSTERDAM,238.62,2020.0,A
2268,620000.0,103.0,3.0,4.0,1.0,6019.417475728155,XL,1025 WK,1025.0,102,noord,False,Elzenhagen-Zuid,AMSTERDAM,,2027.0,A+++
2269,445000.0,58.0,1.0,3.0,0.0,7672.413793103448,S,1094 KT,1094.0,109,oost,False,Timorpleinbuurt-Zuid,AMSTERDAM,,1905.0,B
2270,725000.0,120.0,2.0,4.0,1.0,6041.666666666667,XL,1087 HN,1087.0,108,oost,False,Havenkwartier IJburg,AMSTERDAM,274.0,2008.0,A
2271,950000.0,130.0,3.0,5.0,0.0,7307.692307692308,XL,1078 DR,1078.0,107,zuid,False,Scheldebuurt-West,AMSTERDAM,209.78,1928.0,E
2272,1950000.0,174.0,2.0,3.0,0.0,11206.896551724138,XL,1015 LS,1015.0,101,centrum,True,Anjeliersbuurt-Noord,AMSTERDAM,338.3,2002.0,A
2273,670000.0,103.0,3.0,4.0,1.0,6504.854368932039,XL,1087 VA,1087.0,108,oost,False,Centrumeiland,AMSTERDAM,,2026.0,A++
2274,1450000.0,133.0,4.0,6.0,0.0,10902.255639097744,XL,1071 XG,1071.0,107,zuid,False,Johannes Vermeerbuurt,AMSTERDAM,238.0,1911.0,D
2276,750000.0,74.0,2.0,3.0,0.0,10135.135135135135,M,1013 EE,1013.0,101,west,False,Haarlemmerbuurt-Oost,AMSTERDAM,252.7,1905.0,N/A
2278,420000.0,51.0,1.0,2.0,0.0,8235.29411764706,S,1079 LD,1079.0,107,zuid,False,Kromme Mijdrechtbuurt,AMSTERDAM,267.0,1929.0,N/A
2279,650000.0,78.0,2.0,3.0,0.0,8333.333333333334,M,1051 EC,1051.0,105,west,False,Westerstaatsman,AMSTERDAM,240.0,1912.0,B
2280,516000.0,65.0,2.0,3.0,0.0,7938.461538461538,S,1064 AB,1064.0,106,nieuw_west,False,Noordoever Sloterplas,AMSTERDAM,0.0,2024.0,N/A
2281,750000.0,93.0,2.0,3.0,0.0,8064.5161290322585,L,1015 AC,1015.0,101,centrum,True,Langestraat e.o.,AMSTERDAM,85.22,1905.0,N/A
2283,750000.0,134.0,2.0,3.0,0.0,5597.014925373134,XL,1016 KD,1016.0,101,centrum,True,Bloemgrachtbuurt,AMSTERDAM,135.25,1855.0,A
2284,450000.0,71.0,2.0,3.0,0.0,6338.028169014085,M,1102 AK,1102.0,110,zuidoost,False,D-buurt,AMSTERDAM,,2021.0,A++
2285,550000.0,65.0,2.0,3.0,0.0,8461.538461538461,S,1091 GA,1091.0,109,oost,False,Weesperzijde-Midden/Zuid,AMSTERDAM,75.0,1934.0,D
2286,399500.0,46.0,2.0,3.0,0.0,8684.782608695652,XS,1072 JE,1072.0,107,zuid,False,Cornelis Troostbuurt,AMSTERDAM,,1925.0,C
2287,469000.0,44.0,1.0,2.0,0.0,10659.09090909091,XS,1073 BC,1073.0,107,zuid,False,Sarphatiparkbuurt,AMSTERDAM,124.0,2012.0,A
2288,2350000.0,241.0,5.0,8.0,0.0,9751.03734439834,XL,1054 GP,1054.0,105,west,False,Vondelparkbuurt-Oost,AMSTERDAM,361.0,1872.0,C
2289,630000.0,68.0,1.0,2.0,0.0,9264.70588235294,M,1018 CA,1018.0,101,centrum,False,Oostenburg,AMSTERDAM,,2021.0,A+++
2290,399000.0,50.0,1.0,3.0,0.0,7980.0,XS,1033 SM,1033.0,103,noord,False,NDSM terrein,AMSTERDAM,,2021.0,A++
2291,500000.0,73.0,2.0,3.0,0.0,6849.315068493151,M,1095 GA,1095.0,109,oost,False,Sumatraplantsoenbuurt,AMSTERDAM,178.0,1981.0,A
2292,1195000.0,136.0,4.0,5.0,0.0,8786.764705882353,XL,1072 LH,1072.0,107,zuid,False,Lizzy Ansinghbuurt,AMSTERDAM,166.36,1904.0,A
2294,310000.0,62.0,2.0,3.0,0.0,5000.0,S,1031 AL,1031.0,103,noord,False,Van der Pekbuurt,AMSTERDAM,,1925.0,C
2295,385000.0,40.0,1.0,2.0,0.0,9625.0,XS,1051 NL,1051.0,105,west,False,Marcanti,AMSTERDAM,109.0,1984.0,B
2296,1000000.0,156.0,3.0,4.0,1.0,6410.25641025641,XL,1083 HM,1083.0,108,zuid,False,Vivaldi,AMSTERDAM,530.0,2006.0,A+
2297,425000.0,102.0,3.0,3.0,1.0,4166.666666666667,L,1025 JC,1025.0,102,noord,False,Plan van Gool,AMSTERDAM,,1972.0,F
2298,875000.0,141.0,3.0,4.0,1.0,6205.673758865249,XL,1087 VP,1087.0,108,oost,False,Centrumeiland,AMSTERDAM,218.0,2020.0,A+++
2299,2350000.0,193.0,3.0,4.0,0.0,12176.165803108808,XL,1014 ZP,1014.0,101,west,False,Houthavens-West,AMSTERDAM,708.0,2018.0,A+++
2300,660000.0,96.0,2.0,3.0,1.0,6875.0,L,1019 KE,1019.0,101,oost,False,Entrepot-Noordwest,AMSTERDAM,254.68,1997.0,A
2301,590000.0,53.0,1.0,2.0,1.0,11132.075471698114,S,1096 AM,1096.0,109,oost,False,De Omval,AMSTERDAM,,2021.0,A+
2304,640000.0,69.0,1.0,2.0,0.0,9275.36231884058,M,1018 CA,1018.0,101,centrum,False,Oostenburg,AMSTERDAM,0.0,2021.0,A+++
2305,785000.0,101.0,2.0,3.0,0.0,7772.277227722772,L,1017 GN,1017.0,101,centrum,True,Spiegelbuurt,AMSTERDAM,250.0,1980.0,C
2306,1750000.0,154.0,3.0,4.0,0.0,11363.636363636364,XL,1015 RA,1015.0,101,centrum,True,Anjeliersbuurt-Zuid,AMSTERDAM,,1905.0,N/A
2307,700000.0,117.0,4.0,5.0,1.0,5982.9059829059825,XL,1055 AD,1055.0,105,west,False,Robert Scottbuurt-West,AMSTERDAM,153.24,2009.0,A
2309,450000.0,49.0,2.0,3.0,0.0,9183.673469387755,XS,1015 SC,1015.0,101,centrum,True,Anjeliersbuurt-Zuid,AMSTERDAM,216.0,1904.0,N/A
2310,550000.0,66.0,2.0,3.0,1.0,8333.333333333334,S,1031 HZ,1031.0,103,noord,False,Buiksloterham-Zuid,AMSTERDAM,183.75,2024.0,A+
2311,400000.0,39.0,1.0,2.0,0.0,10256.410256410256,XS,1054 HE,1054.0,105,west,False,Vondelparkbuurt-Oost,AMSTERDAM,100.0,1899.0,A
2312,965000.0,106.0,4.0,5.0,0.0,9103.77358490566,XL,1072 EP,1072.0,107,zuid,False,Sarphatiparkbuurt,AMSTERDAM,150.0,,E
2313,525000.0,85.0,4.0,5.0,0.0,6176.470588235294,L,1083 EL,1083.0,108,zuid,False,Buitenveldert-Zuidoost,AMSTERDAM,,1967.0,D
2314,405000.0,56.0,2.0,3.0,0.0,7232.142857142857,S,1024 KV,1024.0,102,noord,False,Markengouw-Zuid,AMSTERDAM,,2026.0,N/A
2315,1175000.0,107.0,2.0,3.0,0.0,10981.308411214954,XL,1078 NE,1078.0,107,zuid,False,Scheldebuurt-Oost,AMSTERDAM,208.17,1931.0,N/A
2317,830000.0,96.0,2.0,4.0,1.0,8645.833333333334,L,1014 ZJ,1014.0,101,west,False,Houthavens-West,AMSTERDAM,175.77,2018.0,A+
2319,505000.0,69.0,3.0,4.0,0.0,7318.840579710145,M,1024 KV,1024.0,102,noord,False,Markengouw-Zuid,AMSTERDAM,,2026.0,N/A
2320,450000.0,55.0,2.0,3.0,0.0,8181.818181818182,S,1057 GM,1057.0,105,west,False,De Wester Quartier,AMSTERDAM,,1925.0,N/A
2321,800000.0,98.0,2.0,3.0,0.0,8163.265306122449,L,1016 VT,1016.0,101,centrum,True,Elandsgrachtbuurt,AMSTERDAM,209.43,1920.0,F
2322,595000.0,77.0,2.0,3.0,0.0,7727.272727272727,M,1053 ZB,1053.0,105,west,False,Da Costabuurt-Noord,AMSTERDAM,100.0,1905.0,D
2323,1650000.0,214.0,2.0,5.0,0.0,7710.280373831775,XL,1092 BL,1092.0,109,oost,False,Oosterparkbuurt-Zuidoost,AMSTERDAM,185.0,1898.0,D
2324,2150000.0,195.0,3.0,4.0,1.0,11025.641025641025,XL,1077 TN,1077.0,107,zuid,False,Minervabuurt-Midden,AMSTERDAM,,,N/A
2325,495000.0,88.0,2.0,3.0,1.0,5625.0,L,1087 KD,1087.0,108,oost,False,Ed Pelsterparkbuurt,AMSTERDAM,185.0,2008.0,A
2326,1650000.0,144.0,5.0,6.0,0.0,11458.333333333334,XL,1075 GA,1075.0,107,zuid,False,Valeriusbuurt-West,AMSTERDAM,126.0,1914.0,C
2327,500000.0,95.0,3.0,4.0,1.0,5263.1578947368425,L,1025 VC,1025.0,102,noord,False,Loenermark,AMSTERDAM,,1973.0,B
2328,1295000.0,178.0,6.0,7.0,0.0,7275.2808988764045,XL,1078 HD,1078.0,107,zuid,False,Scheldebuurt-Midden,AMSTERDAM,508.2,1928.0,D
2329,3500000.0,271.0,4.0,6.0,3.5,12915.129151291512,XL,1077 PX,1077.0,107,zuid,False,Minervabuurt-Midden,AMSTERDAM,,1932.0,A
2330,500000.0,64.0,1.0,2.0,0.0,7812.5,S,1097 WN,1097.0,109,oost,False,Betondorp,AMSTERDAM,221.37,1924.0,C
2331,375000.0,78.0,2.0,3.0,0.0,4807.692307692308,M,1025 SR,1025.0,102,noord,False,Loenermark,AMSTERDAM,277.49,1975.0,E
2332,1090000.0,109.0,3.0,4.0,1.0,10000.0,XL,1096 AM,1096.0,109,oost,False,De Omval,AMSTERDAM,,2021.0,A+
2333,350000.0,33.0,1.0,2.0,0.0,10606.060606060606,XS,1011 JK,1011.0,101,centrum,False,Zuiderkerkbuurt,AMSTERDAM,123.52,1733.0,A
2334,750000.0,85.0,3.0,4.0,0.0,8823.529411764706,L,1076 PR,1076.0,107,zuid,False,Van Tuyllbuurt,AMSTERDAM,138.0,1930.0,B
2335,585000.0,68.0,3.0,4.0,0.0,8602.941176470587,M,1058 TV,1058.0,105,west,False,Legmeerpleinbuurt,AMSTERDAM,107.0,1931.0,D
2337,875000.0,90.0,2.0,3.0,1.0,9722.222222222223,L,1096 DE,1096.0,109,oost,False,Weespertrekvaart,AMSTERDAM,290.0,2022.0,A
2338,850000.0,109.0,3.0,5.0,0.0,7798.165137614679,XL,1016 EP,1016.0,101,centrum,True,Felix Meritisbuurt,AMSTERDAM,,1980.0,G
2339,375000.0,38.0,1.0,1.0,0.0,9868.421052631578,XS,1074 CV,1074.0,107,zuid,False,Hemonybuurt,AMSTERDAM,,1896.0,C
2340,725000.0,87.0,3.0,4.0,0.0,8333.333333333334,L,1013 CL,1013.0,101,west,False,Spaarndammerbuurt-Noordoost,AMSTERDAM,185.0,1984.0,C
2342,669000.0,70.0,2.0,3.0,0.0,9557.142857142857,M,1092 TZ,1092.0,109,oost,False,Oosterparkbuurt-Zuidoost,AMSTERDAM,169.08,1905.0,B
2343,565000.0,52.0,1.0,2.0,1.0,10865.384615384615,S,1057 HL,1057.0,105,west,False,Kortenaerkwartier,AMSTERDAM,280.96,2007.0,A
2344,795000.0,82.0,3.0,4.0,0.0,9695.121951219513,L,1072 KN,1072.0,107,zuid,False,Cornelis Troostbuurt,AMSTERDAM,190.07,1922.0,B
2345,325000.0,42.0,1.0,2.0,0.0,7738.0952380952385,XS,1083 AZ,1083.0,108,zuid,False,Buitenveldert-Zuidoost,AMSTERDAM,177.85,1964.0,D
2346,590000.0,70.0,2.0,3.0,0.0,8428.57142857143,M,1076 PR,1076.0,107,zuid,False,Van Tuyllbuurt,AMSTERDAM,152.94,1930.0,D
2347,400000.0,49.0,1.0,2.0,0.0,8163.265306122449,XS,1056 TD,1056.0,105,west,False,John Franklinbuurt,AMSTERDAM,173.74,1925.0,C
2348,475000.0,61.0,2.0,3.0,0.0,7786.88524590164,S,1017 NN,1017.0,101,centrum,True,Leidsebuurt-Noordoost,AMSTERDAM,,1905.0,C
2349,350000.0,38.0,1.0,2.0,0.0,9210.526315789473,XS,1017 AW,1017.0,101,centrum,True,Geelvinckbuurt,AMSTERDAM,150.96,1905.0,C
2352,475000.0,50.0,2.0,3.0,0.0,9500.0,XS,1072 VA,1072.0,107,zuid,False,Sarphatiparkbuurt,AMSTERDAM,100.0,1905.0,C
2353,450000.0,51.0,1.0,2.0,1.0,8823.529411764706,S,1093 NH,1093.0,109,oost,False,Oostpoort,AMSTERDAM,,2018.0,A
2356,925000.0,121.0,3.0,4.0,0.0,7644.628099173554,XL,1058 JH,1058.0,105,west,False,Surinamepleinbuurt,AMSTERDAM,186.67,1931.0,C
2358,1650000.0,160.0,3.0,6.0,0.0,10312.5,XL,1071 HM,1071.0,107,zuid,False,Cornelis Schuytbuurt,AMSTERDAM,225.0,1892.0,C
2359,710000.0,76.0,3.0,4.0,0.0,9342.105263157895,M,1018 CA,1018.0,101,centrum,False,Oostenburg,AMSTERDAM,0.0,2021.0,A+++
2360,785000.0,137.0,4.0,5.0,1.0,5729.92700729927,XL,1087 VA,1087.0,108,oost,False,Centrumeiland,AMSTERDAM,148.0,2020.0,A++
2361,405000.0,58.0,2.0,3.0,0.0,6982.758620689655,S,1024 KV,1024.0,102,noord,False,Markengouw-Zuid,AMSTERDAM,,2026.0,N/A
2363,965000.0,104.0,2.0,3.0,0.0,9278.846153846154,XL,1018 CA,1018.0,101,centrum,False,Oostenburg,AMSTERDAM,0.0,2021.0,A+++
2364,325000.0,59.0,1.0,2.0,0.0,5508.474576271186,S,1102 ZS,1102.0,110,zuidoost,False,Venserpolder-Oost,AMSTERDAM,154.54,1984.0,B
2365,625000.0,71.0,2.0,3.0,0.0,8802.81690140845,M,1013 GE,1013.0,101,west,False,Haarlemmerbuurt-Oost,AMSTERDAM,,1770.0,A+
2366,425000.0,125.0,4.0,6.0,1.0,3400.0,XL,1108 CH,1108.0,110,zuidoost,False,L-buurt,AMSTERDAM,308.79,1979.0,C
2368,280646.0,31.0,1.0,2.0,1.0,9053.09677419355,XS,1095 PA,1095.0,109,oost,False,Sluisbuurt,AMSTERDAM,,2025.0,N/A
2369,525000.0,59.0,1.0,2.0,0.0,8898.305084745763,S,1058 AW,1058.0,105,west,False,Postjeskade e.o.,AMSTERDAM,100.0,1927.0,C
2370,983750.0,109.0,3.0,4.0,1.0,9025.229357798165,XL,1061 AV,1061.0,106,nieuw_west,False,Overtoomse Veld-Noord,AMSTERDAM,,2027.0,A+++
2371,400000.0,40.0,1.0,2.0,0.0,10000.0,XS,1094 EC,1094.0,109,oost,False,Timorpleinbuurt-Noord,AMSTERDAM,100.0,1912.0,D
2372,525000.0,58.0,2.0,3.0,0.0,9051.724137931034,S,1091 TP,1091.0,109,oost,False,Weesperzijde-Midden/Zuid,AMSTERDAM,,1934.0,C
2373,365000.0,39.0,1.0,1.0,0.0,9358.97435897436,XS,1018 CA,1018.0,101,centrum,False,Oostenburg,AMSTERDAM,0.0,2021.0,A+++
2375,429500.0,84.0,3.0,4.0,1.0,5113.0952380952385,L,1069 LK,1069.0,106,nieuw_west,False,Zuidwestkwadrant-Noord,AMSTERDAM,193.6,1992.0,A
2376,395000.0,101.0,3.0,4.0,0.0,3910.891089108911,L,1106 BB,1106.0,110,zuidoost,False,Reigersbos 1,AMSTERDAM,118.0,1982.0,B
2377,1645000.0,184.0,4.0,7.0,1.0,8940.217391304348,XL,1031 KA,1031.0,103,noord,False,Overhoeks,AMSTERDAM,,2019.0,A++
2379,425000.0,56.0,2.0,3.0,0.0,7589.285714285715,S,1057 AA,1057.0,105,west,False,Orteliusbuurt-Zuid,AMSTERDAM,148.7,1941.0,F
2380,512000.0,80.0,2.0,3.0,1.0,6400.0,L,1101 DA,1101.0,110,zuidoost,False,Amstel III deel A/B-Noord,AMSTERDAM,,2022.0,N/A
2381,950000.0,104.0,2.0,3.0,0.0,9134.615384615385,XL,1015 BT,1015.0,101,centrum,True,Leliegracht e.o.,AMSTERDAM,279.32,1905.0,N/A
2382,650000.0,71.0,2.0,3.0,0.0,9154.929577464789,M,1077 ZW,1077.0,107,zuid,False,Minervabuurt-Zuid,AMSTERDAM,188.0,1951.0,A
2384,570000.0,68.0,2.0,3.0,0.0,8382.35294117647,M,1058 XJ,1058.0,105,west,False,Paramariboplein e.o.,AMSTERDAM,,1930.0,D
2385,895000.0,107.0,2.0,3.0,1.0,8364.485981308411,XL,1077 HX,1077.0,107,zuid,False,Diepenbrockbuurt,AMSTERDAM,319.0,1930.0,B
2386,1050000.0,103.0,3.0,4.0,0.0,10194.174757281553,XL,1018 CA,1018.0,101,centrum,False,Oostenburg,AMSTERDAM,,2021.0,A+++
2387,350000.0,90.0,3.0,4.0,0.0,3888.8888888888887,L,1034 TA,1034.0,103,noord,False,Banne-Noordwest,AMSTERDAM,175.34,1977.0,C
2388,770000.0,76.0,2.0,3.0,0.0,10131.578947368422,M,1018 CA,1018.0,101,centrum,False,Oostenburg,AMSTERDAM,0.0,2021.0,A+++
2390,595000.0,69.0,1.0,2.0,1.0,8623.188405797102,M,1031 KN,1031.0,103,noord,False,Overhoeks,AMSTERDAM,,2025.0,A++
2391,705000.0,83.0,2.0,3.0,0.0,8493.975903614459,L,1061 AV,1061.0,106,nieuw_west,False,Overtoomse Veld-Noord,AMSTERDAM,,2027.0,A+++
2393,399000.0,45.0,1.0,2.0,0.0,8866.666666666666,XS,1052 SX,1052.0,105,west,False,Frederik Hendrikbuurt-Zuidoost,AMSTERDAM,,1900.0,C
2394,375000.0,92.0,3.0,4.0,1.0,4076.086956521739,L,1108 BD,1108.0,110,zuidoost,False,L-buurt,AMSTERDAM,,1980.0,A
2395,1050000.0,113.0,2.0,3.0,6.0,9292.035398230088,XL,1016 BE,1016.0,101,centrum,True,Leliegracht e.o.,AMSTERDAM,,1900.0,D
2396,399000.0,50.0,1.0,2.0,1.0,7980.0,XS,1062 HE,1062.0,106,nieuw_west,False,Schipluidenbuurt,AMSTERDAM,,2026.0,A++++
2397,340000.0,76.0,3.0,4.0,0.0,4473.684210526316,M,1064 AE,1064.0,106,nieuw_west,False,Noordoever Sloterplas,AMSTERDAM,289.87,1957.0,C
2398,1150000.0,92.0,2.0,3.0,2.0,12500.0,L,1017 DN,1017.0,101,centrum,True,Spiegelbuurt,AMSTERDAM,194.3,1909.0,N/A
2399,950000.0,128.0,3.0,4.0,1.0,7421.875,XL,1096 DV,1096.0,109,oost,False,Weespertrekvaart,AMSTERDAM,226.54,2021.0,A++
2401,4950000.0,330.0,3.0,5.0,4.5,15000.0,XL,1014 ZP,1014.0,101,west,False,Houthavens-West,AMSTERDAM,1019.13,2019.0,A
2402,1775000.0,211.0,5.0,8.0,0.0,8412.322274881517,XL,1015 NB,1015.0,101,centrum,True,Anjeliersbuurt-Noord,AMSTERDAM,,1880.0,B
2403,300000.0,31.0,2.0,3.0,0.0,9677.41935483871,XS,1091 TT,1091.0,109,oost,False,Weesperzijde-Midden/Zuid,AMSTERDAM,78.96,1907.0,E
2405,702500.0,83.0,2.0,3.0,0.0,8463.855421686747,L,1096 DS,1096.0,109,oost,False,Weespertrekvaart,AMSTERDAM,,2024.0,N/A
2406,425000.0,51.0,1.0,2.0,1.0,8333.333333333334,S,1032 LK,1032.0,103,noord,False,Buiksloterham-Noord,AMSTERDAM,199.27,2017.0,A
2407,455000.0,45.0,1.0,2.0,0.0,10111.111111111111,XS,1018 CA,1018.0,101,centrum,False,Oostenburg,AMSTERDAM,0.0,2021.0,A+++
2408,450000.0,48.0,1.0,2.0,0.0,9375.0,XS,1018 CA,1018.0,101,centrum,False,Oostenburg,AMSTERDAM,,2021.0,A+++
2410,277250.0,55.0,1.0,2.0,1.0,5040.909090909091,S,1103 AM,1103.0,110,zuidoost,False,E-buurt,AMSTERDAM,,2026.0,N/A
2411,845000.0,102.0,2.0,3.0,1.0,8284.313725490196,L,1062 LE,1062.0,106,nieuw_west,False,Koningin Wilhelminaplein,AMSTERDAM,143.29,2025.0,A++
2413,1100000.0,120.0,2.0,4.0,0.0,9166.666666666666,XL,1074 BN,1074.0,107,zuid,False,Hemonybuurt,AMSTERDAM,87.0,1887.0,B
2414,850000.0,108.0,3.0,4.0,0.0,7870.37037037037,XL,1079 JJ,1079.0,107,zuid,False,Rijnbuurt-Oost,AMSTERDAM,100.0,1934.0,C
2415,710000.0,126.0,3.0,4.0,1.0,5634.920634920635,XL,1068 PH,1068.0,106,nieuw_west,False,Meer en Oever,AMSTERDAM,168.0,2007.0,A
2416,450000.0,48.0,1.0,2.0,0.0,9375.0,XS,1014 ZB,1014.0,101,west,False,Houthavens-West,AMSTERDAM,7.9,2015.0,A
2417,280000.0,28.0,1.0,1.0,1.0,10000.0,XS,1096 GJ,1096.0,109,oost,False,Amstelkwartier-Noord,AMSTERDAM,,,A
2418,495000.0,64.0,2.0,3.0,0.0,7734.375,S,1064 AB,1064.0,106,nieuw_west,False,Noordoever Sloterplas,AMSTERDAM,0.0,2024.0,N/A
2419,815000.0,82.0,2.0,3.0,0.0,9939.024390243903,L,1096 GV,1096.0,109,oost,False,Amstelkwartier-Noord,AMSTERDAM,,2021.0,A+++
2420,449000.0,50.0,1.0,2.0,0.0,8980.0,XS,1018 TS,1018.0,101,centrum,False,Plantage,AMSTERDAM,,1900.0,D
2421,425000.0,78.0,2.0,3.0,1.0,5448.717948717948,M,1062 ES,1062.0,106,nieuw_west,False,Delflandpleinbuurt-West,AMSTERDAM,,1961.0,B
2423,380000.0,99.0,3.0,4.0,1.0,3838.3838383838383,L,1069 ES,1069.0,106,nieuw_west,False,Dijkgraafpleinbuurt,AMSTERDAM,296.0,,A
2424,650000.0,68.0,1.0,2.0,2.0,9558.823529411764,M,1017 WV,1017.0,101,centrum,True,Frederikspleinbuurt,AMSTERDAM,,1878.0,C
2425,875000.0,88.0,3.0,4.0,0.0,9943.181818181818,L,1017 HW,1017.0,101,centrum,True,Amstelveldbuurt,AMSTERDAM,225.0,1869.0,B
2426,515000.0,52.0,1.0,2.0,0.0,9903.846153846154,S,1054 WX,1054.0,105,west,False,Cremerbuurt-Oost,AMSTERDAM,100.0,1901.0,A
2427,425000.0,49.0,2.0,3.0,0.0,8673.469387755102,XS,1057 VJ,1057.0,105,west,False,Balboaplein e.o.,AMSTERDAM,104.0,1927.0,C
2428,540000.0,80.0,3.0,4.0,0.0,6750.0,L,1024 KV,1024.0,102,noord,False,Markengouw-Zuid,AMSTERDAM,,2026.0,N/A
2430,395000.0,93.0,2.0,3.0,1.0,4247.311827956989,L,1011 NA,1011.0,101,centrum,False,Uilenburg,AMSTERDAM,,2015.0,A
2431,420000.0,49.0,1.0,2.0,0.0,8571.42857142857,XS,1056 KP,1056.0,105,west,False,Geuzenhofbuurt,AMSTERDAM,126.07,,N/A
2432,595000.0,131.0,3.0,4.0,1.0,4541.984732824428,XL,1069 DA,1069.0,106,nieuw_west,False,Zuidwestkwadrant-Noord,AMSTERDAM,,2004.0,A
2433,440000.0,78.0,2.0,3.0,0.0,5641.025641025641,M,1066 SC,1066.0,106,nieuw_west,False,Belgiëplein e.o.,AMSTERDAM,,1994.0,A
2434,1850000.0,213.0,5.0,9.0,0.0,8685.44600938967,XL,1075 CT,1075.0,107,zuid,False,Valeriusbuurt-West,AMSTERDAM,,1905.0,B
2435,550000.0,75.0,2.0,4.0,0.0,7333.333333333333,M,1056 EM,1056.0,105,west,False,Erasmusparkbuurt-Oost,AMSTERDAM,,1939.0,B
2436,1275000.0,133.0,3.0,4.0,0.0,9586.466165413534,XL,1018 DJ,1018.0,101,centrum,False,Plantage,AMSTERDAM,285.0,1886.0,C
2438,349000.0,47.0,1.0,2.0,1.0,7425.531914893617,XS,1094 GC,1094.0,109,oost,False,Timorpleinbuurt-Noord,AMSTERDAM,88.02,1986.0,D
2440,870000.0,100.0,2.0,3.0,0.0,8700.0,L,1018 CA,1018.0,101,centrum,False,Oostenburg,AMSTERDAM,,2021.0,A+++
2442,500000.0,63.0,2.0,3.0,1.0,7936.507936507936,S,1051 TW,1051.0,105,west,False,Fannius Scholtenbuurt,AMSTERDAM,125.0,1904.0,D
2443,400000.0,47.0,1.0,2.0,0.0,8510.63829787234,XS,1013 CA,1013.0,101,west,False,Spaarndammerbuurt-Noordoost,AMSTERDAM,104.56,1984.0,C
2444,3480000.0,241.0,3.0,4.0,5.5,14439.834024896265,XL,1071 ED,1071.0,107,zuid,False,Johannes Vermeerbuurt,AMSTERDAM,988.82,2022.0,A+
2445,885000.0,100.0,3.0,4.0,0.0,8850.0,L,1092 CS,1092.0,109,oost,False,Oosterparkbuurt-Zuidoost,AMSTERDAM,212.0,1899.0,A
2446,400000.0,40.0,1.0,2.0,0.0,10000.0,XS,1015 RZ,1015.0,101,centrum,True,Anjeliersbuurt-Zuid,AMSTERDAM,100.0,1882.0,B
2447,550000.0,63.0,1.0,2.0,0.0,8730.15873015873,S,1095 AM,1095.0,109,oost,False,Makassarpleinbuurt,AMSTERDAM,0.0,2021.0,N/A
2448,375000.0,68.0,2.0,3.0,0.0,5514.705882352941,M,1025 GE,1025.0,102,noord,False,Plan van Gool,AMSTERDAM,,1968.0,D
2449,925000.0,120.0,3.0,4.0,1.0,7708.333333333333,XL,1011 NC,1011.0,101,centrum,False,Uilenburg,AMSTERDAM,235.08,2007.0,A
2450,475000.0,55.0,2.0,3.0,0.0,8636.363636363636,S,1093 XR,1093.0,109,oost,False,Dapperbuurt-Zuid,AMSTERDAM,191.31,1985.0,B
2451,850000.0,130.0,3.0,4.0,0.0,6538.461538461538,XL,1055 DT,1055.0,105,west,False,Erasmusparkbuurt-Oost,AMSTERDAM,222.0,,B
2452,1500000.0,180.0,2.0,3.0,1.0,8333.333333333334,XL,1059 EB,1059.0,105,west,False,Aalsmeerwegbuurt-Oost,AMSTERDAM,482.0,1999.0,A
2453,795000.0,85.0,2.0,3.0,1.0,9352.941176470587,L,1082 MR,1082.0,108,zuid,False,Zuidas-Zuid,AMSTERDAM,254.31,2017.0,A
2454,655000.0,76.0,2.0,3.0,0.0,8618.421052631578,M,1096 DS,1096.0,109,oost,False,Weespertrekvaart,AMSTERDAM,,2021.0,N/A
2456,2350000.0,231.0,4.0,6.0,1.0,10173.160173160173,XL,1031 HS,1031.0,103,noord,False,Buiksloterham-Zuid,AMSTERDAM,497.0,2019.0,A+
2457,425000.0,76.0,3.0,4.0,0.0,5592.105263157895,M,1034 CC,1034.0,103,noord,False,Banne-Zuidwest,AMSTERDAM,139.04,1967.0,C
2458,450000.0,61.0,2.0,3.0,0.0,7377.049180327869,S,1075 XL,1075.0,107,zuid,False,Schinkelbuurt-Noord,AMSTERDAM,154.79,1955.0,N/A
2459,1295000.0,130.0,3.0,5.0,0.0,9961.538461538461,XL,1018 GW,1018.0,101,centrum,False,Alexanderplein e.o.,AMSTERDAM,293.0,1888.0,N/A
2460,280000.0,24.0,1.0,1.0,0.0,11666.666666666666,XS,1013 TE,1013.0,101,west,False,Spaarndammerbuurt-Midden,AMSTERDAM,88.0,1884.0,G
2462,525000.0,78.0,2.0,3.0,0.0,6730.7692307692305,M,1013 SN,1013.0,101,west,False,Spaarndammerbuurt-Zuidwest,AMSTERDAM,195.45,1980.0,B
2465,550000.0,56.0,2.0,3.0,0.0,9821.42857142857,S,1091 HV,1091.0,109,oost,False,Oosterparkbuurt-Zuidwest,AMSTERDAM,100.48,1895.0,A
2466,635000.0,71.0,2.0,3.0,0.0,8943.661971830987,M,1056 CP,1056.0,105,west,False,Orteliusbuurt-Noord,AMSTERDAM,150.0,1927.0,C
2468,385000.0,41.0,1.0,2.0,0.0,9390.243902439024,XS,1051 KB,1051.0,105,west,False,Buyskade e.o.,AMSTERDAM,,1924.0,C
2469,440000.0,127.0,3.0,5.0,1.0,3464.566929133858,XL,1025 DS,1025.0,102,noord,False,Buikslotermeer-Noord,AMSTERDAM,591.94,1974.0,D
2470,425000.0,41.0,1.0,2.0,0.0,10365.853658536585,XS,1057 PW,1057.0,105,west,False,Orteliusbuurt-Zuid,AMSTERDAM,,1924.0,N/A
2471,635000.0,82.0,1.0,3.0,0.0,7743.90243902439,L,1056 GB,1056.0,105,west,False,Pieter van der Doesbuurt,AMSTERDAM,150.0,1912.0,C
2472,850000.0,97.0,2.0,3.0,0.0,8762.886597938144,L,1095 AM,1095.0,109,oost,False,Makassarpleinbuurt,AMSTERDAM,0.0,2021.0,N/A
2474,882579.0,79.0,2.0,3.0,0.0,11171.886075949367,M,1014 ZM,1014.0,101,west,False,Houthavens-West,AMSTERDAM,,2025.0,A++
2475,985000.0,105.0,3.0,4.0,1.0,9380.952380952382,XL,1096 AM,1096.0,109,oost,False,De Omval,AMSTERDAM,,2021.0,A+
2476,375000.0,65.0,2.0,3.0,0.0,5769.2307692307695,S,1024 SM,1024.0,102,noord,False,Werengouw-Midden,AMSTERDAM,176.0,1965.0,D
2477,490000.0,77.0,3.0,4.0,0.0,6363.636363636364,M,1066 AB,1066.0,106,nieuw_west,False,Staalmanbuurt,AMSTERDAM,155.0,1959.0,A
2478,320000.0,60.0,2.0,3.0,0.0,5333.333333333333,S,1102 RZ,1102.0,110,zuidoost,False,Venserpolder-West,AMSTERDAM,173.0,1986.0,C
2479,475000.0,72.0,3.0,5.0,0.0,6597.222222222223,M,1073 RM,1073.0,107,zuid,False,Burgemeester Tellegenbuurt-Oost,AMSTERDAM,363.36,1923.0,F
2480,335779.0,42.0,1.0,2.0,0.0,7994.738095238095,XS,1064 AB,1064.0,106,nieuw_west,False,Noordoever Sloterplas,AMSTERDAM,,2027.0,A++
2483,745000.0,116.0,2.0,4.0,0.0,6422.413793103448,XL,1082 NE,1082.0,108,zuid,False,De Klenckebuurt,AMSTERDAM,331.37,1987.0,A
2484,500000.0,59.0,1.0,3.0,0.0,8474.57627118644,S,1013 SV,1013.0,101,west,False,Spaarndammerbuurt-Zuidoost,AMSTERDAM,149.03,1912.0,D
2485,675000.0,74.0,1.0,2.0,0.0,9121.621621621622,M,1059 TH,1059.0,105,west,False,Aalsmeerwegbuurt-West,AMSTERDAM,50.0,1933.0,C
2486,495000.0,50.0,2.0,4.0,0.0,9900.0,XS,1058 BL,1058.0,105,west,False,Postjeskade e.o.,AMSTERDAM,100.0,1935.0,A
2488,325000.0,79.0,2.0,3.0,0.0,4113.9240506329115,M,1107 TC,1107.0,110,zuidoost,False,Reigersbos 4,AMSTERDAM,233.16,1983.0,C
2489,1140000.0,122.0,3.0,4.0,0.0,9344.262295081968,XL,1018 TB,1018.0,101,centrum,False,Plantage,AMSTERDAM,125.0,1835.0,A
2491,1370000.0,114.0,2.0,3.0,2.5,12017.543859649122,XL,1014 ZP,1014.0,101,west,False,Houthavens-West,AMSTERDAM,355.0,2019.0,A
2492,630000.0,58.0,1.0,2.0,1.0,10862.068965517241,S,1096 AM,1096.0,109,oost,False,De Omval,AMSTERDAM,,2021.0,A+
2493,515000.0,93.0,2.0,3.0,1.0,5537.634408602151,L,1069 LW,1069.0,106,nieuw_west,False,De Aker-West,AMSTERDAM,,2002.0,N/A
2495,395000.0,78.0,2.0,3.0,1.0,5064.102564102564,M,1060 PJ,1060.0,106,nieuw_west,False,De Aker-West,AMSTERDAM,212.41,1998.0,A
2496,975000.0,122.0,3.0,4.0,0.0,7991.803278688524,XL,1015 TP,1015.0,101,centrum,True,Bloemgrachtbuurt,AMSTERDAM,242.78,1903.0,E
2498,1400000.0,121.0,3.0,4.0,1.0,11570.247933884297,XL,1018 PM,1018.0,101,centrum,False,Oostenburg,AMSTERDAM,240.31,2023.0,A+++
2499,750000.0,73.0,1.0,3.0,1.0,10273.972602739726,M,1096 GS,1096.0,109,oost,False,Amstelkwartier-Noord,AMSTERDAM,,2021.0,A+++
2500,435000.0,45.0,1.0,2.0,0.0,9666.666666666666,XS,1073 TS,1073.0,107,zuid,False,Van der Helstpleinbuurt,AMSTERDAM,140.0,1901.0,C
2501,550000.0,91.0,3.0,5.0,0.0,6043.956043956044,L,1063 CH,1063.0,106,nieuw_west,False,Coronelbuurt,AMSTERDAM,215.0,1955.0,E
2502,639000.0,131.0,3.0,4.0,0.0,4877.862595419847,XL,1066 PW,1066.0,106,nieuw_west,False,Belgiëplein e.o.,AMSTERDAM,327.7,1993.0,C
2505,295000.0,61.0,2.0,3.0,1.0,4836.065573770492,S,1069 EG,1069.0,106,nieuw_west,False,Dijkgraafpleinbuurt,AMSTERDAM,,1969.0,C
2507,575000.0,92.0,4.0,5.0,0.0,6250.0,L,1094 XZ,1094.0,109,oost,False,Timorpleinbuurt-Zuid,AMSTERDAM,261.0,1979.0,A
2508,281375.0,57.0,1.0,2.0,1.0,4936.403508771929,S,1032 KW,1032.0,103,noord,False,Klaprozenbuurt,AMSTERDAM,,2025.0,N/A
2509,1875000.0,201.0,4.0,6.0,3.0,9328.358208955224,XL,1077 JP,1077.0,107,zuid,False,Minervabuurt-Zuid,AMSTERDAM,350.0,1931.0,D
2510,950000.0,98.0,3.0,5.0,1.0,9693.877551020409,L,1052 HX,1052.0,105,west,False,Frederik Hendrikbuurt-Noord,AMSTERDAM,138.0,2014.0,A
2511,925000.0,117.0,2.0,4.0,0.0,7905.982905982906,XL,1017 RK,1017.0,101,centrum,True,Leidsebuurt-Noordoost,AMSTERDAM,271.42,1906.0,D
2512,625000.0,78.0,2.0,3.0,0.0,8012.820512820513,M,1018 RN,1018.0,101,centrum,False,Czaar Peterbuurt,AMSTERDAM,199.0,2015.0,A
2513,450000.0,52.0,2.0,3.0,0.0,8653.846153846154,S,1013 SC,1013.0,101,west,False,Spaarndammerbuurt-Noordwest,AMSTERDAM,218.3,1919.0,C
2515,680513.0,103.0,2.0,3.0,1.0,6606.922330097087,XL,1101 DA,1101.0,110,zuidoost,False,Amstel III deel A/B-Noord,AMSTERDAM,,2021.0,N/A
2516,525000.0,56.0,1.0,2.0,0.0,9375.0,S,1079 SX,1079.0,107,zuid,False,Rijnbuurt-Oost,AMSTERDAM,186.1,1934.0,E
2517,415000.0,58.0,2.0,3.0,0.0,7155.172413793103,S,1024 KV,1024.0,102,noord,False,Markengouw-Zuid,AMSTERDAM,,2026.0,N/A
2518,495000.0,72.0,1.0,3.0,0.0,6875.0,M,1082 KN,1082.0,108,zuid,False,Gelderlandpleinbuurt,AMSTERDAM,227.48,1971.0,F
2519,452500.0,71.0,2.0,3.0,0.0,6373.239436619719,M,1102 AK,1102.0,110,zuidoost,False,D-buurt,AMSTERDAM,,2021.0,A++
2521,625000.0,94.0,3.0,5.0,0.0,6648.936170212766,L,1098 NL,1098.0,109,oost,False,Middenmeer-Zuid,AMSTERDAM,150.0,1931.0,D
2524,415000.0,51.0,1.0,2.0,0.0,8137.254901960784,S,1097 VE,1097.0,109,oost,False,Betondorp,AMSTERDAM,,1924.0,C
2525,1475000.0,153.0,3.0,5.0,1.0,9640.522875816994,XL,1016 PM,1016.0,101,centrum,True,Elandsgrachtbuurt,AMSTERDAM,155.5,1871.0,A
2527,375000.0,50.0,1.0,2.0,1.0,7500.0,XS,1055 RZ,1055.0,105,west,False,Bedrijventerrein Landlust,AMSTERDAM,89.04,1991.0,B
2528,575000.0,82.0,2.0,3.0,0.0,7012.195121951219,L,1068 HV,1068.0,106,nieuw_west,False,Osdorpplein e.o.,AMSTERDAM,180.0,2023.0,A++
2529,795000.0,89.0,3.0,4.0,0.0,8932.58426966292,L,1078 DT,1078.0,107,zuid,False,Scheldebuurt-West,AMSTERDAM,95.0,1928.0,C
2530,395000.0,52.0,1.0,2.0,1.0,7596.153846153846,S,1082 LJ,1082.0,108,zuid,False,Gelderlandpleinbuurt,AMSTERDAM,122.62,2017.0,A
2531,483000.0,71.0,2.0,3.0,1.0,6802.816901408451,M,1101 DA,1101.0,110,zuidoost,False,Amstel III deel A/B-Noord,AMSTERDAM,,2021.0,A++
2532,449000.0,65.0,1.0,2.0,1.0,6907.692307692308,S,1081 GR,1081.0,108,zuid,False,Buitenveldert-Zuidwest,AMSTERDAM,120.0,1985.0,A
2533,2695000.0,204.0,5.0,12.0,1.0,13210.78431372549,XL,1071 DH,1071.0,107,zuid,False,Johannes Vermeerbuurt,AMSTERDAM,200.0,1905.0,B
2534,595000.0,89.0,3.0,4.0,1.0,6685.393258426966,L,1066 XT,1066.0,106,nieuw_west,False,Staalmanbuurt,AMSTERDAM,274.82,2010.0,A
2535,985000.0,91.0,2.0,3.0,1.0,10824.175824175823,L,1096 GV,1096.0,109,oost,False,Amstelkwartier-Noord,AMSTERDAM,,2021.0,A+++
2536,620000.0,70.0,2.0,3.0,1.0,8857.142857142857,M,1095 AM,1095.0,109,oost,False,Makassarpleinbuurt,AMSTERDAM,0.0,2021.0,N/A
2537,499000.0,79.0,2.0,3.0,1.0,6316.455696202532,M,1101 DA,1101.0,110,zuidoost,False,Amstel III deel A/B-Noord,AMSTERDAM,,2022.0,N/A
2538,1090000.0,136.0,4.0,5.0,1.0,8014.705882352941,XL,1076 JB,1076.0,107,zuid,False,Van Tuyllbuurt,AMSTERDAM,,1930.0,C
2540,400000.0,94.0,2.0,3.0,1.0,4255.31914893617,L,1104 VA,1104.0,110,zuidoost,False,K-buurt-Zuidwest,AMSTERDAM,140.78,2007.0,A+
2541,1057500.0,125.0,3.0,4.0,1.0,8460.0,XL,1061 AR,1061.0,106,nieuw_west,False,Overtoomse Veld-Noord,AMSTERDAM,,2027.0,A+++
2542,475000.0,50.0,1.0,2.0,0.0,9500.0,XS,1011 CX,1011.0,101,centrum,False,Lastage,AMSTERDAM,200.0,1936.0,E
2546,450000.0,41.0,1.0,2.0,0.0,10975.609756097561,XS,1052 LL,1052.0,105,west,False,Frederik Hendrikbuurt-Zuidoost,AMSTERDAM,110.16,1895.0,A
2547,575000.0,72.0,3.0,4.0,0.0,7986.111111111111,M,1018 RA,1018.0,101,centrum,False,Czaar Peterbuurt,AMSTERDAM,,1907.0,A
2548,485000.0,55.0,2.0,3.0,0.0,8818.181818181818,S,1092 TX,1092.0,109,oost,False,Oosterparkbuurt-Zuidoost,AMSTERDAM,130.0,1905.0,N/A
2549,325000.0,67.0,2.0,3.0,0.0,4850.746268656716,M,1066 EG,1066.0,106,nieuw_west,False,Dorp Sloten,AMSTERDAM,187.55,1982.0,C
2550,635000.0,66.0,2.0,3.0,0.0,9621.212121212122,S,1016 TA,1016.0,101,centrum,True,Groenmarktkadebuurt,AMSTERDAM,150.0,1930.0,C
2552,327350.0,66.0,1.0,2.0,1.0,4959.848484848485,S,1103 BA,1103.0,110,zuidoost,False,E-buurt,AMSTERDAM,,2026.0,N/A
2553,425000.0,49.0,2.0,3.0,0.0,8673.469387755102,XS,1056 JT,1056.0,105,west,False,Geuzenhofbuurt,AMSTERDAM,,1935.0,D
2554,425000.0,51.0,1.0,2.0,0.0,8333.333333333334,S,1013 RJ,1013.0,101,west,False,Spaarndammerbuurt-Noordoost,AMSTERDAM,119.35,1984.0,C
2555,795000.0,87.0,2.0,3.0,0.0,9137.931034482759,L,1073 TW,1073.0,107,zuid,False,Van der Helstpleinbuurt,AMSTERDAM,,1929.0,C
2557,490000.0,51.0,2.0,3.0,1.0,9607.843137254902,S,1062 LE,1062.0,106,nieuw_west,False,Koningin Wilhelminaplein,AMSTERDAM,143.29,2025.0,A++
2559,900000.0,96.0,3.0,5.0,0.0,9375.0,L,1072 XX,1072.0,107,zuid,False,Gerard Doubuurt,AMSTERDAM,75.0,1905.0,C
2560,760000.0,77.0,2.0,3.0,1.0,9870.12987012987,M,1096 AM,1096.0,109,oost,False,De Omval,AMSTERDAM,,2021.0,A+
2561,1100000.0,81.0,2.0,3.0,2.0,13580.246913580248,L,1074 BJ,1074.0,107,zuid,False,Hemonybuurt,AMSTERDAM,,1882.0,A++
2562,283377.0,30.0,1.0,2.0,1.0,9445.9,XS,1095 PA,1095.0,109,oost,False,Sluisbuurt,AMSTERDAM,,2025.0,N/A
2563,800000.0,97.0,2.0,3.0,1.0,8247.422680412372,L,1061 AV,1061.0,106,nieuw_west,False,Overtoomse Veld-Noord,AMSTERDAM,,2027.0,A+++
2564,1999995.0,157.0,3.0,4.0,1.0,12738.821656050955,XL,1018 LL,1018.0,101,centrum,False,Oostenburg,AMSTERDAM,,2026.0,A+++
2565,400000.0,49.0,1.0,2.0,0.0,8163.265306122449,XS,1092 XP,1092.0,109,oost,False,Transvaalbuurt-Oost,AMSTERDAM,200.35,1915.0,A
2566,495000.0,62.0,1.0,4.0,0.0,7983.870967741936,S,1017 EW,1017.0,101,centrum,True,Amstelveldbuurt,AMSTERDAM,240.0,1672.0,N/A
2567,1870000.0,189.0,3.0,5.0,0.0,9894.179894179893,XL,1011 DL,1011.0,101,centrum,False,Oosterdokseiland,AMSTERDAM,415.66,2012.0,A
2568,575000.0,60.0,2.0,4.0,0.0,9583.333333333334,S,1072 LH,1072.0,107,zuid,False,Lizzy Ansinghbuurt,AMSTERDAM,95.0,,A
2571,1080000.0,109.0,3.0,4.0,1.0,9908.256880733945,XL,1096 AM,1096.0,109,oost,False,De Omval,AMSTERDAM,,2021.0,A+
2572,745000.0,78.0,2.0,3.0,0.0,9551.28205128205,M,1091 CS,1091.0,109,oost,False,Weesperzijde-Noord,AMSTERDAM,140.0,1884.0,A
2573,495000.0,64.0,2.0,3.0,0.0,7734.375,S,1064 AB,1064.0,106,nieuw_west,False,Noordoever Sloterplas,AMSTERDAM,0.0,2024.0,N/A
2574,849000.0,113.0,3.0,4.0,0.0,7513.274336283186,XL,1098 NJ,1098.0,109,oost,False,Middenmeer-Zuid,AMSTERDAM,153.89,1956.0,E
2575,355000.0,84.0,2.0,3.0,1.0,4226.190476190476,L,1106 BK,1106.0,110,zuidoost,False,Reigersbos 1,AMSTERDAM,,1991.0,A
2576,570000.0,44.0,1.0,1.0,0.0,12954.545454545454,XS,1017 DS,1017.0,101,centrum,True,Vijzelstraatbuurt,AMSTERDAM,,1700.0,N/A
2578,459000.0,76.0,2.0,3.0,1.0,6039.473684210527,M,1064 AG,1064.0,106,nieuw_west,False,Noordoever Sloterplas,AMSTERDAM,260.23,1957.0,C
2579,495000.0,111.0,3.0,4.0,0.0,4459.459459459459,XL,1103 DV,1103.0,110,zuidoost,False,G-buurt-West,AMSTERDAM,140.22,1999.0,A
2580,385000.0,50.0,1.0,2.0,0.0,7700.0,XS,1062 MX,1062.0,106,nieuw_west,False,Schipluidenbuurt,AMSTERDAM,,2025.0,N/A
2581,545000.0,88.0,3.0,4.0,1.0,6193.181818181818,L,1025 WK,1025.0,102,noord,False,Elzenhagen-Zuid,AMSTERDAM,,2027.0,A++
2582,399000.0,50.0,2.0,3.0,0.0,7980.0,XS,1017 NN,1017.0,101,centrum,True,Leidsebuurt-Noordoost,AMSTERDAM,,1932.0,D
2584,395000.0,49.0,1.0,2.0,0.0,8061.224489795918,XS,1095 MD,1095.0,109,oost,False,Sportheldenbuurt,AMSTERDAM,120.0,2020.0,A
2587,1300000.0,94.0,2.0,3.0,0.0,13829.787234042553,L,1015 DR,1015.0,101,centrum,True,Langestraat e.o.,AMSTERDAM,286.27,1980.0,B
2590,445000.0,89.0,3.0,4.0,1.0,5000.0,L,1068 CT,1068.0,106,nieuw_west,False,Meer en Oever,AMSTERDAM,,1967.0,C
2591,1250000.0,110.0,2.0,4.0,0.0,11363.636363636364,XL,1016 EJ,1016.0,101,centrum,True,Felix Meritisbuurt,AMSTERDAM,250.0,1618.0,N/A
2592,1200000.0,146.0,4.0,6.0,0.0,8219.17808219178,XL,1059 XC,1059.0,105,west,False,Aalsmeerwegbuurt-West,AMSTERDAM,187.5,1933.0,C
2593,379000.0,44.0,2.0,3.0,0.0,8613.636363636364,XS,1052 SR,1052.0,105,west,False,Frederik Hendrikbuurt-Zuidoost,AMSTERDAM,185.0,1900.0,N/A
2594,675000.0,63.0,1.0,2.0,0.0,10714.285714285714,S,1015 CV,1015.0,101,centrum,True,Leliegracht e.o.,AMSTERDAM,141.0,1905.0,N/A
2596,550000.0,87.0,2.0,3.0,1.0,6321.83908045977,L,1082 JG,1082.0,108,zuid,False,Buitenveldert-Zuid-Midden,AMSTERDAM,380.3,1964.0,C
2597,514000.0,69.0,2.0,3.0,0.0,7449.275362318841,M,1064 AB,1064.0,106,nieuw_west,False,Noordoever Sloterplas,AMSTERDAM,0.0,2024.0,N/A
2599,475000.0,60.0,2.0,4.0,0.0,7916.666666666667,S,1055 PE,1055.0,105,west,False,Gibraltarbuurt,AMSTERDAM,80.0,1937.0,D
2600,425000.0,84.0,2.0,3.0,1.0,5059.523809523809,L,1064 LG,1064.0,106,nieuw_west,False,Confuciusbuurt,AMSTERDAM,,2007.0,A
2602,975000.0,122.0,3.0,4.0,0.0,7991.803278688524,XL,1054 ZL,1054.0,105,west,False,Cremerbuurt-Oost,AMSTERDAM,337.75,1899.0,C
2603,1100000.0,225.0,4.0,8.0,0.0,4888.888888888889,XL,1058 AH,1058.0,105,west,False,Paramariboplein e.o.,AMSTERDAM,99.54,1930.0,C
2604,850000.0,113.0,3.0,5.0,0.0,7522.123893805309,XL,1015 DR,1015.0,101,centrum,True,Langestraat e.o.,AMSTERDAM,,1760.0,D
2605,475000.0,56.0,1.0,3.0,0.0,8482.142857142857,S,1093 AG,1093.0,109,oost,False,Dapperbuurt-Noord,AMSTERDAM,150.65,1880.0,A
2606,350000.0,71.0,3.0,4.0,0.0,4929.577464788732,M,1068 GA,1068.0,106,nieuw_west,False,Osdorpplein e.o.,AMSTERDAM,133.8,1962.0,E
2607,495000.0,69.0,3.0,4.0,0.0,7173.913043478261,M,1024 KV,1024.0,102,noord,False,Markengouw-Zuid,AMSTERDAM,,2026.0,N/A
2608,510000.0,62.0,2.0,3.0,1.0,8225.806451612903,S,1013 BD,1013.0,101,west,False,Houthavens-West,AMSTERDAM,113.53,2018.0,A
2611,545000.0,84.0,2.0,3.0,1.0,6488.0952380952385,L,1061 SE,1061.0,106,nieuw_west,False,Overtoomse Veld-Noord,AMSTERDAM,204.19,2009.0,A
2612,980000.0,102.0,3.0,4.0,1.0,9607.843137254902,L,1096 AM,1096.0,109,oost,False,De Omval,AMSTERDAM,,2021.0,A+
2613,295000.0,24.0,1.0,1.0,1.0,12291.666666666666,XS,1019 AT,1019.0,101,oost,False,Cruquiusbuurt,AMSTERDAM,95.78,2023.0,A
2614,395000.0,50.0,1.0,2.0,1.0,7900.0,XS,1062 HE,1062.0,106,nieuw_west,False,Schipluidenbuurt,AMSTERDAM,,2026.0,A++++
2615,525000.0,60.0,1.0,3.0,0.0,8750.0,S,1016 TM,1016.0,101,centrum,True,Elandsgrachtbuurt,AMSTERDAM,133.0,1882.0,C
2616,500000.0,58.0,2.0,3.0,0.0,8620.689655172413,S,1076 PS,1076.0,107,zuid,False,Van Tuyllbuurt,AMSTERDAM,164.1,1930.0,D
2617,640000.0,68.0,2.0,3.0,0.0,9411.764705882353,M,1097 CH,1097.0,109,oost,False,Don Bosco,AMSTERDAM,100.75,1902.0,C
2618,300000.0,41.0,1.0,2.0,0.0,7317.073170731707,XS,1063 ZS,1063.0,106,nieuw_west,False,Dobbebuurt,AMSTERDAM,244.0,1953.0,D
2619,399000.0,39.0,1.0,2.0,0.0,10230.76923076923,XS,1015 GH,1015.0,101,centrum,True,Driehoekbuurt,AMSTERDAM,75.0,1905.0,N/A
2621,1650000.0,193.0,3.0,6.0,1.0,8549.222797927461,XL,1012 XK,1012.0,101,centrum,False,Kalverdriehoek,AMSTERDAM,505.0,1900.0,N/A
2622,710000.0,78.0,2.0,3.0,0.0,9102.564102564103,M,1053 XW,1053.0,105,west,False,Da Costabuurt-Noord,AMSTERDAM,150.0,1905.0,C
2623,800000.0,85.0,2.0,3.0,1.0,9411.764705882353,L,1053 VN,1053.0,105,west,False,Bellamybuurt-Zuid,AMSTERDAM,218.54,2015.0,A
2624,595000.0,63.0,2.0,3.0,0.0,9444.444444444445,S,1015 GS,1015.0,101,centrum,True,Anjeliersbuurt-Noord,AMSTERDAM,100.0,1905.0,A
2625,550000.0,62.0,1.0,2.0,0.0,8870.967741935483,S,1072 CL,1072.0,107,zuid,False,Hercules Seghersbuurt,AMSTERDAM,143.72,1884.0,A
2626,495000.0,101.0,3.0,4.0,0.0,4900.990099009901,L,1067 EM,1067.0,106,nieuw_west,False,Ruys de Beerenbrouckbuurt,AMSTERDAM,236.15,2006.0,A
2627,550000.0,124.0,3.0,4.0,0.0,4435.4838709677415,XL,1068 ZT,1068.0,106,nieuw_west,False,Meer en Oever,AMSTERDAM,111.15,2009.0,A+
2630,1385000.0,132.0,2.0,5.0,2.0,10492.424242424242,XL,1077 PH,1077.0,107,zuid,False,Minervabuurt-Zuid,AMSTERDAM,350.0,1931.0,N/A
2631,283377.0,30.0,1.0,2.0,1.0,9445.9,XS,1095 PA,1095.0,109,oost,False,Sluisbuurt,AMSTERDAM,,2025.0,N/A
2632,400000.0,70.0,2.0,3.0,0.0,5714.285714285715,M,1068 RL,1068.0,106,nieuw_west,False,Calandlaan/Lelylaan,AMSTERDAM,255.39,1987.0,B
2633,745000.0,75.0,1.0,3.0,0.0,9933.333333333334,M,1018 CA,1018.0,101,centrum,False,Oostenburg,AMSTERDAM,0.0,2021.0,A+++
2634,425000.0,41.0,1.0,2.0,0.0,10365.853658536585,XS,1017 RC,1017.0,101,centrum,True,Leidsebuurt-Noordwest,AMSTERDAM,158.0,1981.0,B
2635,499000.0,49.0,1.0,2.0,1.0,10183.673469387755,XS,1095 AM,1095.0,109,oost,False,Makassarpleinbuurt,AMSTERDAM,0.0,2021.0,N/A
2636,285000.0,28.0,1.0,2.0,0.0,10178.57142857143,XS,1094 CW,1094.0,109,oost,False,Timorpleinbuurt-Noord,AMSTERDAM,66.0,1903.0,C
2637,750000.0,112.0,3.0,4.0,0.0,6696.428571428572,XL,1032 LS,1032.0,103,noord,False,Buiksloterham-Noord,AMSTERDAM,106.0,2019.0,A
2638,1595000.0,130.0,3.0,4.0,0.0,12269.23076923077,XL,1071 PA,1071.0,107,zuid,False,Concertgebouwbuurt,AMSTERDAM,130.0,1918.0,C
2639,750000.0,84.0,2.0,3.0,0.0,8928.57142857143,L,1079 TD,1079.0,107,zuid,False,Rijnbuurt-Oost,AMSTERDAM,100.0,1934.0,B
2640,550000.0,75.0,2.0,3.0,0.0,7333.333333333333,M,1098 SV,1098.0,109,oost,False,Middenmeer-Zuid,AMSTERDAM,,1956.0,N/A
2641,1880000.0,186.0,4.0,6.0,2.5,10107.52688172043,XL,1071 KL,1071.0,107,zuid,False,Cornelis Schuytbuurt,AMSTERDAM,110.0,1898.0,A
2642,516000.0,69.0,2.0,3.0,0.0,7478.260869565217,M,1064 AB,1064.0,106,nieuw_west,False,Noordoever Sloterplas,AMSTERDAM,,2024.0,N/A
2643,665000.0,77.0,2.0,3.0,0.0,8636.363636363636,M,1096 DS,1096.0,109,oost,False,Weespertrekvaart,AMSTERDAM,,2024.0,N/A
2644,350000.0,57.0,1.0,2.0,0.0,6140.350877192983,S,1025 WS,1025.0,102,noord,False,Buikslotermeerplein,AMSTERDAM,149.0,1987.0,C
2645,725000.0,94.0,2.0,3.0,1.0,7712.765957446809,L,1077 TK,1077.0,107,zuid,False,Minervabuurt-Zuid,AMSTERDAM,266.16,1957.0,C
2647,1150000.0,110.0,2.0,3.0,2.5,10454.545454545454,XL,1013 AK,1013.0,101,west,False,Houthavens-West,AMSTERDAM,,2018.0,A+
2648,300414.0,39.0,1.0,2.0,1.0,7702.923076923077,XS,1032 KW,1032.0,103,noord,False,Klaprozenbuurt,AMSTERDAM,,2025.0,N/A
2649,375000.0,85.0,2.0,3.0,1.0,4411.764705882353,L,1024 BB,1024.0,102,noord,False,Markengouw-Noord,AMSTERDAM,,,C
2650,395000.0,20.0,1.0,1.0,0.0,19750.0,XS,1054 GB,1054.0,105,west,False,Vondelparkbuurt-Oost,AMSTERDAM,256.48,1942.0,G
2651,690000.0,83.0,2.0,3.0,1.0,8313.253012048193,L,1031 KN,1031.0,103,noord,False,Overhoeks,AMSTERDAM,,2025.0,N/A
2652,550000.0,67.0,1.0,2.0,1.0,8208.955223880597,M,1061 AV,1061.0,106,nieuw_west,False,Overtoomse Veld-Noord,AMSTERDAM,,2027.0,A+++
2653,950000.0,88.0,2.0,3.0,0.0,10795.454545454546,L,1071 CS,1071.0,107,zuid,False,P.C. Hooftbuurt,AMSTERDAM,142.87,1903.0,D
2654,335779.0,39.0,1.0,2.0,0.0,8609.71794871795,XS,1064 AB,1064.0,106,nieuw_west,False,Noordoever Sloterplas,AMSTERDAM,,2027.0,A+
2655,800000.0,120.0,3.0,4.0,1.0,6666.666666666667,XL,1087 VA,1087.0,108,oost,False,Centrumeiland,AMSTERDAM,,2026.0,A++
2656,400000.0,54.0,1.0,2.0,0.0,7407.407407407408,S,1059 AE,1059.0,105,west,False,Aalsmeerwegbuurt-Oost,AMSTERDAM,167.25,1929.0,E
2657,1200000.0,123.0,2.0,3.0,0.0,9756.09756097561,XL,1018 CA,1018.0,101,centrum,False,Oostenburg,AMSTERDAM,0.0,2021.0,A+++
2660,449000.0,50.0,2.0,3.0,0.0,8980.0,XS,1079 VK,1079.0,107,zuid,False,Kromme Mijdrechtbuurt,AMSTERDAM,95.0,1924.0,N/A
2662,900000.0,117.0,2.0,3.0,0.0,7692.307692307692,XL,1017 RW,1017.0,101,centrum,True,Leidsebuurt-Zuidoost,AMSTERDAM,120.0,1892.0,C
2663,395000.0,99.0,3.0,4.0,1.0,3989.89898989899,L,1069 EL,1069.0,106,nieuw_west,False,Dijkgraafpleinbuurt,AMSTERDAM,439.8,1970.0,B
2664,499500.0,58.0,2.0,3.0,0.0,8612.068965517241,S,1058 CK,1058.0,105,west,False,Postjeskade e.o.,AMSTERDAM,,,B
2665,450000.0,65.0,2.0,2.0,0.0,6923.076923076923,S,1012 CM,1012.0,101,centrum,False,BG-terrein e.o.,AMSTERDAM,,2014.0,C
2667,485000.0,48.0,1.0,2.0,0.0,10104.166666666666,XS,1054 WN,1054.0,105,west,False,Cremerbuurt-West,AMSTERDAM,129.0,1899.0,B
2668,500000.0,68.0,2.0,3.0,0.0,7352.941176470588,M,1098 TL,1098.0,109,oost,False,Middenmeer-Zuid,AMSTERDAM,166.0,1955.0,C
2669,550000.0,60.0,1.0,2.0,1.0,9166.666666666666,S,1031 KE,1031.0,103,noord,False,Overhoeks,AMSTERDAM,129.0,2019.0,A++
2670,945000.0,126.0,4.0,7.0,0.0,7500.0,XL,1058 JL,1058.0,105,west,False,Surinamepleinbuurt,AMSTERDAM,224.0,1932.0,C
2673,985000.0,109.0,2.0,3.0,0.0,9036.697247706423,XL,1018 ZV,1018.0,101,centrum,False,Plantage,AMSTERDAM,392.0,1990.0,A
2674,675000.0,87.0,3.0,4.0,1.0,7758.620689655172,L,1052 WJ,1052.0,105,west,False,Frederik Hendrikbuurt-Zuidwest,AMSTERDAM,,1990.0,A
2675,475000.0,100.0,3.0,4.0,0.0,4750.0,L,1024 PL,1024.0,102,noord,False,Werengouw-Noord,AMSTERDAM,,1967.0,C
2676,710000.0,87.0,2.0,3.0,0.0,8160.919540229885,L,1079 ET,1079.0,107,zuid,False,Scheldebuurt-Oost,AMSTERDAM,187.06,1932.0,B
2678,445000.0,51.0,1.0,2.0,0.0,8725.490196078432,S,1072 LG,1072.0,107,zuid,False,Lizzy Ansinghbuurt,AMSTERDAM,267.0,1993.0,A
2680,1395000.0,103.0,2.0,3.0,1.0,13543.68932038835,XL,1071 RM,1071.0,107,zuid,False,Hondecoeterbuurt,AMSTERDAM,202.0,1901.0,A
2683,599000.0,78.0,3.0,3.0,0.0,7679.48717948718,M,1079 HH,1079.0,107,zuid,False,Rijnbuurt-Oost,AMSTERDAM,125.0,1934.0,G
2684,1585000.0,141.0,2.0,4.0,1.0,11241.13475177305,XL,1015 RE,1015.0,101,centrum,True,Bloemgrachtbuurt,AMSTERDAM,230.21,1929.0,C
2685,1150000.0,117.0,3.0,4.0,0.0,9829.059829059828,XL,1077 DX,1077.0,107,zuid,False,Minervabuurt-Midden,AMSTERDAM,128.94,1927.0,B
2686,565000.0,64.0,2.0,3.0,0.0,8828.125,S,1073 GP,1073.0,107,zuid,False,BurgemeesterTellegenbuurt-West,AMSTERDAM,267.0,1921.0,D
2688,5475000.0,331.0,4.0,5.0,1.5,16540.785498489426,XL,1071 LR,1071.0,107,zuid,False,Hondecoeterbuurt,AMSTERDAM,311.0,1906.0,A++
2689,725000.0,76.0,2.0,3.0,0.0,9539.473684210527,M,1018 CA,1018.0,101,centrum,False,Oostenburg,AMSTERDAM,,2021.0,A+++
2690,595000.0,108.0,3.0,4.0,1.0,5509.259259259259,XL,1023 XS,1023.0,102,noord,False,Tuindorp Nieuwendam-West,AMSTERDAM,184.15,1950.0,A++
2691,440200.0,63.0,2.0,3.0,0.0,6987.3015873015875,S,1064 AB,1064.0,106,nieuw_west,False,Noordoever Sloterplas,AMSTERDAM,,2027.0,A++
2692,375000.0,40.0,1.0,2.0,0.0,9375.0,XS,1018 CA,1018.0,101,centrum,False,Oostenburg,AMSTERDAM,,2021.0,A+++
2693,400000.0,50.0,1.0,2.0,0.0,8000.0,XS,1095 AX,1095.0,109,oost,False,Makassarpleinbuurt,AMSTERDAM,111.6,1912.0,D
2694,700000.0,106.0,1.0,2.0,0.0,6603.773584905661,XL,1012 TA,1012.0,101,centrum,False,Hemelrijk,AMSTERDAM,,1730.0,N/A
2695,498000.0,79.0,2.0,3.0,1.0,6303.797468354431,M,1101 DA,1101.0,110,zuidoost,False,Amstel III deel A/B-Noord,AMSTERDAM,,2022.0,N/A
2696,425000.0,56.0,2.0,3.0,0.0,7589.285714285715,S,1056 DD,1056.0,105,west,False,Jan Maijenbuurt,AMSTERDAM,220.83,1927.0,D
2697,935000.0,103.0,3.0,4.0,0.0,9077.669902912621,XL,1095 AM,1095.0,109,oost,False,Makassarpleinbuurt,AMSTERDAM,0.0,2021.0,N/A
2698,350000.0,49.0,2.0,3.0,0.0,7142.857142857143,XS,1055 ZT,1055.0,105,west,False,Gibraltarbuurt,AMSTERDAM,198.54,1934.0,D
2699,980000.0,112.0,3.0,4.0,0.0,8750.0,XL,1016 HM,1016.0,101,centrum,True,Felix Meritisbuurt,AMSTERDAM,150.28,1781.0,N/A
2700,549000.0,79.0,3.0,4.0,0.0,6949.367088607595,M,1073 BT,1073.0,107,zuid,False,Sarphatiparkbuurt,AMSTERDAM,,1938.0,G
2702,296557.0,39.0,1.0,2.0,1.0,7604.025641025641,XS,1032 KW,1032.0,103,noord,False,Klaprozenbuurt,AMSTERDAM,,2025.0,N/A
2704,450000.0,54.0,2.0,3.0,0.0,8333.333333333334,S,1058 XK,1058.0,105,west,False,Paramariboplein e.o.,AMSTERDAM,,1930.0,D
2705,365000.0,66.0,2.0,3.0,1.0,5530.30303030303,S,1025 SP,1025.0,102,noord,False,Loenermark,AMSTERDAM,192.57,1975.0,B
2706,425000.0,76.0,2.0,3.0,1.0,5592.105263157895,M,1067 MX,1067.0,106,nieuw_west,False,Van Tijenbuurt,AMSTERDAM,152.29,2018.0,A
2707,549000.0,57.0,2.0,3.0,0.0,9631.578947368422,S,1076 JR,1076.0,107,zuid,False,Van Tuyllbuurt,AMSTERDAM,270.0,1931.0,C
2708,650000.0,71.0,1.0,2.0,0.0,9154.929577464789,M,1072 HM,1072.0,107,zuid,False,Cornelis Troostbuurt,AMSTERDAM,150.0,1899.0,C
2709,525000.0,60.0,2.0,3.0,0.0,8750.0,S,1072 VC,1072.0,107,zuid,False,Sarphatiparkbuurt,AMSTERDAM,80.0,1891.0,C
2710,730000.0,120.0,3.0,4.0,1.0,6083.333333333333,XL,1025 WK,1025.0,102,noord,False,Elzenhagen-Zuid,AMSTERDAM,,2027.0,A+++
2711,595000.0,79.0,3.0,4.0,0.0,7531.645569620253,M,1012 XL,1012.0,101,centrum,False,Kalverdriehoek,AMSTERDAM,250.0,1769.0,C
2712,399000.0,50.0,1.0,2.0,1.0,7980.0,XS,1062 HE,1062.0,106,nieuw_west,False,Schipluidenbuurt,AMSTERDAM,,2026.0,A++++
2713,425000.0,106.0,2.0,3.0,1.0,4009.433962264151,XL,1103 JL,1103.0,110,zuidoost,False,G-buurt-West,AMSTERDAM,271.0,2001.0,A
2714,960000.0,92.0,2.0,3.0,1.0,10434.782608695652,L,1016 HL,1016.0,101,centrum,True,Felix Meritisbuurt,AMSTERDAM,169.0,2006.0,B
2716,350000.0,43.0,1.0,2.0,0.0,8139.53488372093,XS,1051 JK,1051.0,105,west,False,Westerstaatsman,AMSTERDAM,85.0,1915.0,D
2719,900000.0,104.0,2.0,4.0,0.0,8653.846153846154,XL,1094 AG,1094.0,109,oost,False,Timorpleinbuurt-Noord,AMSTERDAM,447.21,1913.0,B
2720,500000.0,78.0,3.0,5.0,0.0,6410.25641025641,M,1083 TD,1083.0,108,zuid,False,Buitenveldert-Oost-Midden,AMSTERDAM,,,B
2721,695000.0,87.0,1.0,2.0,1.0,7988.505747126437,L,1082 MT,1082.0,108,zuid,False,Zuidas-Zuid,AMSTERDAM,182.6,2011.0,A
2722,550000.0,114.0,3.0,4.0,0.0,4824.561403508772,XL,1069 RT,1069.0,106,nieuw_west,False,Zuidwestkwadrant-Zuid,AMSTERDAM,210.0,2003.0,A+
2723,695000.0,76.0,2.0,3.0,0.0,9144.736842105263,M,1018 CA,1018.0,101,centrum,False,Oostenburg,AMSTERDAM,,2021.0,A+++
2724,315000.0,70.0,2.0,3.0,0.0,4500.0,M,1107 RB,1107.0,110,zuidoost,False,Reigersbos 3,AMSTERDAM,,1984.0,A
2725,350000.0,27.0,1.0,2.0,0.0,12962.962962962964,XS,1091 GT,1091.0,109,oost,False,Weesperzijde-Noord,AMSTERDAM,82.0,1883.0,C
2726,397000.0,50.0,1.0,3.0,0.0,7940.0,XS,1033 SM,1033.0,103,noord,False,NDSM terrein,AMSTERDAM,,2021.0,A++
2727,375000.0,73.0,1.0,2.0,1.0,5136.986301369863,M,1068 CM,1068.0,106,nieuw_west,False,Meer en Oever,AMSTERDAM,,1968.0,B
2728,845000.0,116.0,3.0,4.0,0.0,7284.482758620689,XL,1033 RD,1033.0,103,noord,False,NDSM terrein,AMSTERDAM,216.05,2020.0,A
2730,529000.0,52.0,1.0,2.0,0.0,10173.076923076924,S,1059 CZ,1059.0,105,west,False,Aalsmeerwegbuurt-West,AMSTERDAM,91.0,1933.0,D
2732,630840.0,91.0,3.0,4.0,1.0,6932.307692307692,L,1024 SN,1024.0,102,noord,False,Werengouw-Midden,AMSTERDAM,,2024.0,N/A
2734,1650000.0,191.0,5.0,7.0,1.0,8638.743455497382,XL,1077 MC,1077.0,107,zuid,False,Minervabuurt-Midden,AMSTERDAM,439.17,1931.0,C
2735,1195000.0,130.0,3.0,4.0,1.0,9192.307692307691,XL,1096 AM,1096.0,109,oost,False,De Omval,AMSTERDAM,,2021.0,A+
2736,495000.0,64.0,2.0,3.0,0.0,7734.375,S,1064 AB,1064.0,106,nieuw_west,False,Noordoever Sloterplas,AMSTERDAM,0.0,2024.0,N/A
2738,750000.0,85.0,2.0,3.0,1.0,8823.529411764706,L,1014 ZB,1014.0,101,west,False,Houthavens-West,AMSTERDAM,,2018.0,A
2739,350000.0,71.0,3.0,4.0,0.0,4929.577464788732,M,1068 GB,1068.0,106,nieuw_west,False,Osdorpplein e.o.,AMSTERDAM,142.48,1962.0,C
2741,555555.0,58.0,2.0,2.0,0.0,9578.534482758621,S,1012 EG,1012.0,101,centrum,False,BG-terrein e.o.,AMSTERDAM,35.0,1742.0,E
2742,650000.0,75.0,2.0,3.0,0.0,8666.666666666666,M,1056 GM,1056.0,105,west,False,Trompbuurt,AMSTERDAM,45.0,1910.0,B
2744,283377.0,31.0,1.0,2.0,1.0,9141.193548387097,XS,1095 PA,1095.0,109,oost,False,Sluisbuurt,AMSTERDAM,,2025.0,N/A
2745,400000.0,50.0,2.0,3.0,0.0,8000.0,XS,1055 ER,1055.0,105,west,False,Bosleeuw,AMSTERDAM,121.0,1940.0,C
2746,385000.0,84.0,3.0,4.0,0.0,4583.333333333333,L,1024 BC,1024.0,102,noord,False,Markengouw-Noord,AMSTERDAM,160.0,1968.0,C
2747,485000.0,56.0,2.0,3.0,0.0,8660.714285714286,S,1013 ZX,1013.0,101,west,False,Spaarndammerbuurt-Noordwest,AMSTERDAM,231.9,1919.0,B
2749,425000.0,53.0,2.0,3.0,0.0,8018.867924528302,S,1059 XW,1059.0,105,west,False,Aalsmeerwegbuurt-West,AMSTERDAM,150.0,1929.0,C
2750,977000.0,105.0,3.0,4.0,1.0,9304.761904761905,XL,1095 AM,1095.0,109,oost,False,Makassarpleinbuurt,AMSTERDAM,0.0,2021.0,N/A
2751,1275000.0,145.0,4.0,5.0,0.0,8793.103448275862,XL,1013 BH,1013.0,101,west,False,Westerdokseiland,AMSTERDAM,,2008.0,A
2752,661000.0,74.0,2.0,3.0,1.0,8932.432432432432,M,1095 AM,1095.0,109,oost,False,Makassarpleinbuurt,AMSTERDAM,0.0,2021.0,N/A
2755,645000.0,81.0,2.0,4.0,0.0,7962.962962962963,L,1079 NX,1079.0,107,zuid,False,Scheldebuurt-West,AMSTERDAM,156.63,1930.0,D
2756,675000.0,81.0,2.0,3.0,1.0,8333.333333333334,L,1051 RH,1051.0,105,west,False,Buyskade e.o.,AMSTERDAM,149.0,2001.0,B
2757,677925.0,103.0,3.0,4.0,1.0,6581.796116504855,XL,1101 DA,1101.0,110,zuidoost,False,Amstel III deel A/B-Noord,AMSTERDAM,,2022.0,N/A
2758,925000.0,87.0,2.0,3.0,0.0,10632.183908045978,L,1082 MT,1082.0,108,zuid,False,Zuidas-Zuid,AMSTERDAM,249.57,2017.0,A
2759,395000.0,54.0,2.0,3.0,0.0,7314.814814814815,S,1074 VN,1074.0,107,zuid,False,Diamantbuurt,AMSTERDAM,93.0,1904.0,N/A
2760,995000.0,125.0,3.0,4.0,3.0,7960.0,XL,1031 KV,1031.0,103,noord,False,Overhoeks,AMSTERDAM,,2022.0,A+++
2761,400000.0,58.0,1.0,3.0,0.0,6896.551724137931,S,1093 CN,1093.0,109,oost,False,Dapperbuurt-Noord,AMSTERDAM,,1978.0,B
2762,395000.0,49.0,1.0,2.0,0.0,8061.224489795918,XS,1051 KW,1051.0,105,west,False,Fannius Scholtenbuurt,AMSTERDAM,212.85,1910.0,C
2763,385000.0,50.0,1.0,2.0,0.0,7700.0,XS,1061 TA,1061.0,106,nieuw_west,False,Overtoomse Veld-Noord,AMSTERDAM,148.67,1959.0,B
2764,395000.0,88.0,3.0,4.0,0.0,4488.636363636364,L,1102 XX,1102.0,110,zuidoost,False,Venserpolder-Oost,AMSTERDAM,304.0,1983.0,A
2766,495000.0,59.0,2.0,3.0,0.0,8389.830508474577,S,1058 DN,1058.0,105,west,False,Postjeskade e.o.,AMSTERDAM,,1935.0,D
2767,520000.0,65.0,2.0,3.0,0.0,8000.0,S,1064 AB,1064.0,106,nieuw_west,False,Noordoever Sloterplas,AMSTERDAM,0.0,2024.0,N/A
2769,700000.0,141.0,2.0,3.0,1.0,4964.5390070921985,XL,1065 EG,1065.0,106,nieuw_west,False,Jacques Veldmanbuurt,AMSTERDAM,283.55,2003.0,A
2770,281908.0,42.0,1.0,2.0,1.0,6712.0952380952385,XS,1032 KW,1032.0,103,noord,False,Klaprozenbuurt,AMSTERDAM,,2025.0,N/A
2771,949000.0,96.0,2.0,3.0,1.0,9885.416666666666,L,1016 PM,1016.0,101,centrum,True,Elandsgrachtbuurt,AMSTERDAM,50.0,1871.0,A
2773,590000.0,59.0,1.0,2.0,1.0,10000.0,S,1031 KN,1031.0,103,noord,False,Overhoeks,AMSTERDAM,,2025.0,N/A
2775,125000.0,10.0,1.0,1.0,0.0,12500.0,XS,1056 KZ,1056.0,105,west,False,Geuzenhofbuurt,AMSTERDAM,217.0,,N/A
2776,425000.0,59.0,2.0,3.0,0.0,7203.389830508475,S,1055 ER,1055.0,105,west,False,Bosleeuw,AMSTERDAM,121.0,1940.0,G
2777,285000.0,66.0,2.0,3.0,0.0,4318.181818181818,S,1106 DR,1106.0,110,zuidoost,False,Gein 1,AMSTERDAM,197.0,1983.0,C
2778,350000.0,48.0,1.0,2.0,0.0,7291.666666666667,XS,1065 EH,1065.0,106,nieuw_west,False,Jacques Veldmanbuurt,AMSTERDAM,127.0,1956.0,C
2779,700000.0,80.0,2.0,3.0,0.0,8750.0,L,1072 BT,1072.0,107,zuid,False,Frans Halsbuurt,AMSTERDAM,,1877.0,A
2780,405000.0,56.0,2.0,3.0,0.0,7232.142857142857,S,1024 KV,1024.0,102,noord,False,Markengouw-Zuid,AMSTERDAM,,2026.0,N/A
2782,875000.0,121.0,3.0,4.0,1.0,7231.4049586776855,XL,1061 WB,1061.0,106,nieuw_west,False,Overtoomse Veld-Noord,AMSTERDAM,294.17,2006.0,A
2783,750000.0,81.0,2.0,3.0,0.0,9259.25925925926,L,1017 WB,1017.0,101,centrum,True,Utrechtsebuurt-Zuid,AMSTERDAM,154.0,1779.0,A
2784,535000.0,101.0,3.0,4.0,1.0,5297.029702970297,L,1069 KD,1069.0,106,nieuw_west,False,Zuidwestkwadrant-Zuid,AMSTERDAM,244.0,2009.0,A
2785,283377.0,30.0,1.0,2.0,1.0,9445.9,XS,1095 PA,1095.0,109,oost,False,Sluisbuurt,AMSTERDAM,,2025.0,N/A
2786,580000.0,60.0,1.0,2.0,1.0,9666.666666666666,S,1031 HX,1031.0,103,noord,False,Buiksloterham-Zuid,AMSTERDAM,,2021.0,A+++
2787,4400000.0,339.0,4.0,8.0,0.0,12979.351032448378,XL,1016 GD,1016.0,101,centrum,True,Leidsegracht-Noord,AMSTERDAM,754.9,1720.0,N/A
2788,585000.0,78.0,3.0,4.0,0.0,7500.0,M,1097 WZ,1097.0,109,oost,False,Betondorp,AMSTERDAM,263.14,1924.0,C
2790,385000.0,105.0,3.0,4.0,0.0,3666.6666666666665,XL,1103 LL,1103.0,110,zuidoost,False,G-buurt-Oost,AMSTERDAM,,1975.0,N/A
2791,399999.0,92.0,3.0,4.0,1.0,4347.815217391304,L,1108 CC,1108.0,110,zuidoost,False,L-buurt,AMSTERDAM,290.0,1979.0,C
2792,335000.0,75.0,2.0,3.0,0.0,4466.666666666667,M,1106 DK,1106.0,110,zuidoost,False,Gein 1,AMSTERDAM,288.37,1983.0,A
2793,600000.0,77.0,1.0,3.0,0.0,7792.207792207792,M,1072 KX,1072.0,107,zuid,False,Cornelis Troostbuurt,AMSTERDAM,295.0,,N/A
2794,355000.0,84.0,3.0,4.0,0.0,4226.190476190476,L,1106 DR,1106.0,110,zuidoost,False,Gein 1,AMSTERDAM,235.0,1983.0,B
2795,430000.0,67.0,2.0,3.0,0.0,6417.910447761194,M,1102 AK,1102.0,110,zuidoost,False,D-buurt,AMSTERDAM,,2021.0,A++
2796,315000.0,43.0,1.0,2.0,0.0,7325.581395348837,XS,1102 XM,1102.0,110,zuidoost,False,Venserpolder-Oost,AMSTERDAM,137.0,,A
2797,695000.0,70.0,2.0,3.0,1.0,9928.57142857143,M,1074 EP,1074.0,107,zuid,False,Willibrordusbuurt,AMSTERDAM,93.0,,B
2799,475000.0,45.0,1.0,2.0,0.0,10555.555555555555,XS,1017 JR,1017.0,101,centrum,True,Leidsebuurt-Noordoost,AMSTERDAM,75.0,1856.0,N/A
2800,450000.0,54.0,3.0,5.0,0.0,8333.333333333334,S,1092 GZ,1092.0,109,oost,False,Transvaalbuurt-Oost,AMSTERDAM,161.7,1930.0,D
2801,565000.0,65.0,2.0,3.0,0.0,8692.307692307691,S,1076 JE,1076.0,107,zuid,False,Van Tuyllbuurt,AMSTERDAM,223.12,1930.0,C
2802,450000.0,46.0,1.0,2.0,0.0,9782.608695652174,XS,1016 TP,1016.0,101,centrum,True,Elandsgrachtbuurt,AMSTERDAM,100.0,2005.0,B
2803,525000.0,63.0,2.0,3.0,0.0,8333.333333333334,S,1052 KW,1052.0,105,west,False,Frederik Hendrikbuurt-Zuidoost,AMSTERDAM,249.0,1901.0,D
2804,685688.0,102.0,2.0,3.0,1.0,6722.431372549019,L,1101 DA,1101.0,110,zuidoost,False,Amstel III deel A/B-Noord,AMSTERDAM,,2022.0,N/A
2805,900000.0,106.0,4.0,5.0,0.0,8490.566037735849,XL,1091 AZ,1091.0,109,oost,False,Oosterparkbuurt-Noordwest,AMSTERDAM,,1920.0,A
2806,455000.0,49.0,1.0,2.0,0.0,9285.714285714286,XS,1018 CA,1018.0,101,centrum,False,Oostenburg,AMSTERDAM,0.0,2021.0,A+++
2807,895000.0,105.0,2.0,3.0,1.0,8523.809523809523,XL,1053 LH,1053.0,105,west,False,Da Costabuurt-Noord,AMSTERDAM,348.22,2002.0,A
2808,1250000.0,148.0,2.0,3.0,1.0,8445.945945945947,XL,1082 MT,1082.0,108,zuid,False,Zuidas-Zuid,AMSTERDAM,293.19,2011.0,A++
2810,389000.0,50.0,2.0,3.0,0.0,7780.0,XS,1095 GD,1095.0,109,oost,False,Sumatraplantsoenbuurt,AMSTERDAM,133.45,,C
2811,690000.0,83.0,2.0,3.0,1.0,8313.253012048193,L,1031 KN,1031.0,103,noord,False,Overhoeks,AMSTERDAM,,2025.0,N/A
2812,495000.0,56.0,1.0,2.0,0.0,8839.285714285714,S,1091 VE,1091.0,109,oost,False,Oosterparkbuurt-Zuidwest,AMSTERDAM,130.18,1901.0,B
2813,350000.0,34.0,1.0,2.0,0.0,10294.117647058823,XS,1032 KW,1032.0,103,noord,False,Klaprozenbuurt,AMSTERDAM,,2025.0,A+
2814,475000.0,51.0,2.0,3.0,0.0,9313.725490196079,S,1094 JC,1094.0,109,oost,False,Timorpleinbuurt-Zuid,AMSTERDAM,89.0,1905.0,C
2815,797000.0,86.0,3.0,4.0,0.0,9267.441860465116,L,1095 AM,1095.0,109,oost,False,Makassarpleinbuurt,AMSTERDAM,0.0,2021.0,N/A
2816,485000.0,51.0,2.0,3.0,1.0,9509.803921568628,S,1062 LE,1062.0,106,nieuw_west,False,Koningin Wilhelminaplein,AMSTERDAM,143.29,2025.0,A++
2818,1100000.0,116.0,3.0,4.0,0.0,9482.758620689656,XL,1018 CA,1018.0,101,centrum,False,Oostenburg,AMSTERDAM,0.0,2021.0,A+++
2819,604500.0,93.0,2.0,3.0,1.0,6500.0,L,1101 DA,1101.0,110,zuidoost,False,Amstel III deel A/B-Noord,AMSTERDAM,,2022.0,N/A
2820,425000.0,68.0,2.0,4.0,0.0,6250.0,M,1073 HH,1073.0,107,zuid,False,BurgemeesterTellegenbuurt-West,AMSTERDAM,170.03,1924.0,D
2821,845000.0,92.0,2.0,3.0,0.0,9184.782608695652,L,1095 AM,1095.0,109,oost,False,Makassarpleinbuurt,AMSTERDAM,0.0,2021.0,N/A
2822,500000.0,54.0,2.0,3.0,0.0,9259.25925925926,S,1075 SL,1075.0,107,zuid,False,Schinkelbuurt-Noord,AMSTERDAM,75.0,1911.0,C
2823,1050000.0,121.0,4.0,4.0,0.0,8677.685950413223,XL,1073 VJ,1073.0,107,zuid,False,Sarphatiparkbuurt,AMSTERDAM,200.0,1887.0,A
2824,627500.0,79.0,2.0,3.0,0.0,7943.037974683544,M,1061 AR,1061.0,106,nieuw_west,False,Overtoomse Veld-Noord,AMSTERDAM,,2021.0,A+++
2825,560000.0,61.0,1.0,2.0,0.0,9180.327868852459,S,1018 CA,1018.0,101,centrum,False,Oostenburg,AMSTERDAM,0.0,2021.0,A+++
2827,399000.0,84.0,3.0,4.0,0.0,4750.0,L,1107 CP,1107.0,110,zuidoost,False,Gein 4,AMSTERDAM,165.85,1984.0,A
2831,985000.0,117.0,3.0,4.0,0.0,8418.803418803418,XL,1013 TG,1013.0,101,west,False,Spaarndammerbuurt-Midden,AMSTERDAM,258.0,1894.0,B
2832,349000.0,66.0,2.0,3.0,0.0,5287.878787878788,S,1062 GD,1062.0,106,nieuw_west,False,Delflandpleinbuurt-West,AMSTERDAM,288.87,1964.0,E
2834,1175000.0,163.0,4.0,5.0,2.0,7208.588957055214,XL,1079 PE,1079.0,107,zuid,False,Kop Zuidas,AMSTERDAM,308.1,2008.0,A
2835,405000.0,56.0,2.0,3.0,0.0,7232.142857142857,S,1024 KV,1024.0,102,noord,False,Markengouw-Zuid,AMSTERDAM,,2026.0,N/A
2836,850000.0,124.0,3.0,5.0,1.0,6854.8387096774195,XL,1011 NC,1011.0,101,centrum,False,Uilenburg,AMSTERDAM,271.04,2007.0,A
2838,445000.0,56.0,1.0,2.0,0.0,7946.428571428572,S,1058 XX,1058.0,105,west,False,Paramariboplein e.o.,AMSTERDAM,,,N/A
2839,513000.0,71.0,2.0,3.0,1.0,7225.352112676056,M,1101 BA,1101.0,110,zuidoost,False,Amstel III deel A/B-Noord,AMSTERDAM,,2025.0,A+
2841,625000.0,125.0,2.0,3.0,0.0,5000.0,XL,1087 JJ,1087.0,108,oost,False,Ed Pelsterparkbuurt,AMSTERDAM,393.07,2006.0,A
2842,395000.0,50.0,1.0,2.0,1.0,7900.0,XS,1062 HE,1062.0,106,nieuw_west,False,Schipluidenbuurt,AMSTERDAM,,2026.0,A++++
2844,355000.0,69.0,2.0,3.0,1.0,5144.927536231884,M,1104 EA,1104.0,110,zuidoost,False,Bijlmermuseum-Zuid,AMSTERDAM,279.0,1972.0,C
2845,1700000.0,175.0,2.0,3.0,1.0,9714.285714285714,XL,1016 EJ,1016.0,101,centrum,True,Leidsegracht-Noord,AMSTERDAM,330.0,1938.0,N/A
2846,485000.0,77.0,3.0,4.0,1.0,6298.701298701299,M,1025 WK,1025.0,102,noord,False,Elzenhagen-Zuid,AMSTERDAM,,2027.0,A++
2848,615000.0,85.0,2.0,4.0,0.0,7235.294117647059,L,1054 LT,1054.0,105,west,False,Vondelparkbuurt-West,AMSTERDAM,100.0,1920.0,G
2850,840000.0,86.0,2.0,3.0,1.0,9767.441860465116,L,1096 AM,1096.0,109,oost,False,De Omval,AMSTERDAM,,2021.0,A+
2851,400000.0,68.0,2.0,3.0,0.0,5882.35294117647,M,1069 RS,1069.0,106,nieuw_west,False,Zuidwestkwadrant-Zuid,AMSTERDAM,150.0,2007.0,A
2853,439000.0,53.0,2.0,3.0,0.0,8283.018867924528,S,1056 PP,1056.0,105,west,False,Robert Scottbuurt-Oost,AMSTERDAM,52.0,1932.0,D
2854,349000.0,90.0,3.0,4.0,1.0,3877.777777777778,L,1102 HH,1102.0,110,zuidoost,False,Rechte H-buurt,AMSTERDAM,470.0,1970.0,D
2855,350000.0,39.0,1.0,2.0,0.0,8974.358974358975,XS,1015 WJ,1015.0,101,centrum,True,Zaagpoortbuurt,AMSTERDAM,100.0,1905.0,F
2856,400000.0,38.0,1.0,2.0,0.0,10526.315789473685,XS,1096 DA,1096.0,109,oost,False,Weespertrekvaart,AMSTERDAM,130.37,2024.0,A++
2857,665000.0,71.0,2.0,3.0,0.0,9366.197183098591,M,1018 CA,1018.0,101,centrum,False,Oostenburg,AMSTERDAM,0.0,2021.0,A+++
2858,425000.0,58.0,1.0,2.0,1.0,7327.586206896552,S,1019 HC,1019.0,101,oost,False,Oostelijke Handelskade,AMSTERDAM,195.19,2006.0,A
2859,395000.0,49.0,2.0,3.0,0.0,8061.224489795918,XS,1055 HP,1055.0,105,west,False,Bosleeuw,AMSTERDAM,149.81,1941.0,F
2860,575000.0,61.0,2.0,3.0,0.0,9426.22950819672,S,1018 CC,1018.0,101,centrum,False,Alexanderplein e.o.,AMSTERDAM,210.0,1905.0,C
2861,575000.0,62.0,2.0,3.0,0.0,9274.193548387097,S,1015 XM,1015.0,101,centrum,True,Marnixbuurt-Noord,AMSTERDAM,,1888.0,A
2862,2250000.0,264.0,4.0,5.0,3.5,8522.727272727272,XL,1015 BT,1015.0,101,centrum,True,Leliegracht e.o.,AMSTERDAM,335.0,1726.0,B
2863,395000.0,41.0,1.0,2.0,0.0,9634.146341463415,XS,1018 CA,1018.0,101,centrum,False,Oostenburg,AMSTERDAM,,2021.0,A+++
2864,425000.0,47.0,1.0,3.0,0.0,9042.553191489362,XS,1053 TV,1053.0,105,west,False,Bellamybuurt-Noord,AMSTERDAM,210.0,1912.0,C
2865,532000.0,65.0,2.0,3.0,0.0,8184.615384615385,S,1064 AB,1064.0,106,nieuw_west,False,Noordoever Sloterplas,AMSTERDAM,0.0,2024.0,N/A
2866,495000.0,58.0,2.0,3.0,0.0,8534.48275862069,S,1056 EH,1056.0,105,west,False,Jan Maijenbuurt,AMSTERDAM,151.59,1926.0,B
2867,955000.0,91.0,2.0,3.0,0.0,10494.505494505494,L,1096 GV,1096.0,109,oost,False,Amstelkwartier-Noord,AMSTERDAM,,2021.0,A+++
2868,350000.0,38.0,1.0,1.0,1.0,9210.526315789473,XS,1062 GE,1062.0,106,nieuw_west,False,Delflandpleinbuurt-West,AMSTERDAM,147.08,1965.0,B
2869,925000.0,100.0,2.0,4.0,0.0,9250.0,L,1015 SL,1015.0,101,centrum,True,Bloemgrachtbuurt,AMSTERDAM,183.0,2001.0,A+
2871,647500.0,104.0,2.0,3.0,1.0,6225.961538461538,XL,1087 VA,1087.0,108,oost,False,Centrumeiland,AMSTERDAM,,2026.0,A++
2874,500000.0,57.0,1.0,3.0,0.0,8771.929824561403,S,1054 VZ,1054.0,105,west,False,Cremerbuurt-West,AMSTERDAM,,1904.0,C
2875,400000.0,52.0,1.0,2.0,0.0,7692.307692307692,S,1091 GC,1091.0,109,oost,False,Oosterparkbuurt-Noordwest,AMSTERDAM,109.28,1989.0,A
2876,1500000.0,124.0,2.0,3.0,1.0,12096.774193548386,XL,1082 MK,1082.0,108,zuid,False,Zuidas-Zuid,AMSTERDAM,320.75,2019.0,A
2877,575000.0,87.0,3.0,4.0,1.0,6609.19540229885,L,1061 WB,1061.0,106,nieuw_west,False,Overtoomse Veld-Noord,AMSTERDAM,219.0,2006.0,A+
2878,1095000.0,118.0,3.0,5.0,1.0,9279.661016949152,XL,1072 XZ,1072.0,107,zuid,False,Gerard Doubuurt,AMSTERDAM,180.0,1879.0,B
2879,525000.0,95.0,2.0,3.0,1.0,5526.315789473684,L,1087 GL,1087.0,108,oost,False,Ed Pelsterparkbuurt,AMSTERDAM,,2005.0,A
2880,405000.0,58.0,2.0,3.0,0.0,6982.758620689655,S,1024 KV,1024.0,102,noord,False,Markengouw-Zuid,AMSTERDAM,,2026.0,N/A
2881,860000.0,105.0,2.0,3.0,1.0,8190.476190476191,XL,1031 KD,1031.0,103,noord,False,Overhoeks,AMSTERDAM,267.02,2012.0,A++
2882,970000.0,79.0,2.0,3.0,1.0,12278.481012658227,M,1031 HX,1031.0,103,noord,False,Buiksloterham-Zuid,AMSTERDAM,,2021.0,A+++
2883,1000000.0,94.0,2.0,3.0,0.0,10638.297872340425,L,1015 PE,1015.0,101,centrum,True,Anjeliersbuurt-Zuid,AMSTERDAM,65.0,1744.0,A
2884,695000.0,103.0,2.0,4.0,1.0,6747.57281553398,XL,1083 ME,1083.0,108,zuid,False,Buitenveldert-Zuidoost,AMSTERDAM,272.25,1989.0,C
2885,1000000.0,143.0,6.0,7.0,0.0,6993.006993006993,XL,1072 CJ,1072.0,107,zuid,False,Frans Halsbuurt,AMSTERDAM,,1876.0,D
2887,375000.0,48.0,2.0,3.0,0.0,7812.5,XS,1074 GZ,1074.0,107,zuid,False,Diamantbuurt,AMSTERDAM,258.94,1925.0,C
2888,655000.0,127.0,3.0,4.0,0.0,5157.48031496063,XL,1064 AB,1064.0,106,nieuw_west,False,Noordoever Sloterplas,AMSTERDAM,,2025.0,N/A
2889,450000.0,39.0,1.0,2.0,0.0,11538.461538461539,XS,1072 XL,1072.0,107,zuid,False,Gerard Doubuurt,AMSTERDAM,65.0,1876.0,A
2890,435000.0,56.0,1.0,2.0,0.0,7767.857142857143,S,1019 GX,1019.0,101,oost,False,Architectenbuurt,AMSTERDAM,142.6,1988.0,A
2891,375000.0,39.0,1.0,2.0,0.0,9615.384615384615,XS,1051 LP,1051.0,105,west,False,Marcanti,AMSTERDAM,,1984.0,C
2892,280000.0,28.0,1.0,1.0,1.0,10000.0,XS,1096 GJ,1096.0,109,oost,False,Amstelkwartier-Noord,AMSTERDAM,59.0,2014.0,A
2893,930000.0,108.0,3.0,4.0,1.0,8611.111111111111,XL,1061 AV,1061.0,106,nieuw_west,False,Overtoomse Veld-Noord,AMSTERDAM,,2027.0,A+++
2894,1350000.0,127.0,3.0,4.0,0.0,10629.92125984252,XL,1077 ME,1077.0,107,zuid,False,Minervabuurt-Midden,AMSTERDAM,220.0,1932.0,C
2895,375000.0,82.0,3.0,4.0,0.0,4573.170731707317,L,1069 HK,1069.0,106,nieuw_west,False,Zuidwestkwadrant-Noord,AMSTERDAM,289.0,1963.0,C
2896,395000.0,45.0,1.0,2.0,0.0,8777.777777777777,XS,1095 CH,1095.0,109,oost,False,Makassarpleinbuurt,AMSTERDAM,178.97,1915.0,D
2897,610000.0,83.0,2.0,3.0,0.0,7349.3975903614455,L,1064 AB,1064.0,106,nieuw_west,False,Noordoever Sloterplas,AMSTERDAM,0.0,2024.0,N/A
2898,400000.0,79.0,2.0,3.0,0.0,5063.291139240507,M,1067 DC,1067.0,106,nieuw_west,False,Eendrachtspark,AMSTERDAM,171.23,1994.0,A
2899,1345723.0,128.0,2.0,4.0,1.0,10513.4609375,XL,1013 SG,1013.0,101,west,False,Spaarndammerbuurt-Noordwest,AMSTERDAM,,2024.0,N/A
2900,475000.0,54.0,2.0,3.0,0.0,8796.296296296296,S,1052 LE,1052.0,105,west,False,Frederik Hendrikbuurt-Zuidoost,AMSTERDAM,93.0,1903.0,C
2901,545000.0,88.0,3.0,4.0,1.0,6193.181818181818,L,1025 WK,1025.0,102,noord,False,Elzenhagen-Zuid,AMSTERDAM,,2027.0,A+++
2902,675000.0,98.0,3.0,5.0,0.0,6887.755102040816,L,1058 JN,1058.0,105,west,False,Surinamepleinbuurt,AMSTERDAM,150.0,1933.0,C
2903,585000.0,60.0,1.0,2.0,2.0,9750.0,S,1016 AK,1016.0,101,centrum,True,Leidsegracht-Noord,AMSTERDAM,271.11,1732.0,A
2904,450000.0,53.0,2.0,3.0,0.0,8490.566037735849,S,1054 WE,1054.0,105,west,False,Cremerbuurt-West,AMSTERDAM,86.0,1906.0,F
2905,550000.0,69.0,1.0,2.0,1.0,7971.014492753623,M,1075 XH,1075.0,107,zuid,False,Schinkelbuurt-Noord,AMSTERDAM,370.0,,C
2906,499000.0,57.0,2.0,3.0,0.0,8754.38596491228,S,1057 CX,1057.0,105,west,False,Orteliusbuurt-Midden,AMSTERDAM,131.0,1925.0,D
2907,1070000.0,109.0,3.0,4.0,1.0,9816.51376146789,XL,1096 AM,1096.0,109,oost,False,De Omval,AMSTERDAM,,2021.0,A+
2908,1000000.0,124.0,3.0,4.0,0.0,8064.5161290322585,XL,1098 GC,1098.0,109,oost,False,Linnaeusparkbuurt,AMSTERDAM,195.0,1928.0,A
2909,546000.0,81.0,2.0,3.0,1.0,6740.740740740741,L,1101 DA,1101.0,110,zuidoost,False,Amstel III deel A/B-Noord,AMSTERDAM,,2022.0,N/A
2910,900000.0,103.0,3.0,4.0,0.0,8737.864077669903,XL,1074 CJ,1074.0,107,zuid,False,Hemonybuurt,AMSTERDAM,175.0,1905.0,D
2911,520000.0,73.0,2.0,3.0,1.0,7123.287671232877,M,1083 AX,1083.0,108,zuid,False,Buitenveldert-Zuidoost,AMSTERDAM,276.66,1964.0,C
2913,288908.0,42.0,1.0,2.0,1.0,6878.761904761905,XS,1032 KW,1032.0,103,noord,False,Klaprozenbuurt,AMSTERDAM,,2025.0,N/A
2914,795000.0,79.0,1.0,2.0,0.0,10063.291139240506,M,1058 BT,1058.0,105,west,False,Postjeskade e.o.,AMSTERDAM,110.0,1935.0,B
2915,1300000.0,157.0,2.0,3.0,1.0,8280.254777070064,XL,1082 MS,1082.0,108,zuid,False,Zuidas-Zuid,AMSTERDAM,465.11,2010.0,A+
2916,296557.0,50.0,1.0,2.0,1.0,5931.14,XS,1032 KW,1032.0,103,noord,False,Klaprozenbuurt,AMSTERDAM,,2025.0,N/A
2917,517000.0,70.0,2.0,3.0,0.0,7385.714285714285,M,1064 AB,1064.0,106,nieuw_west,False,Noordoever Sloterplas,AMSTERDAM,0.0,2024.0,N/A
2918,795000.0,86.0,2.0,3.0,0.0,9244.186046511628,L,1072 TT,1072.0,107,zuid,False,Hercules Seghersbuurt,AMSTERDAM,200.0,1895.0,C
2919,556350.0,114.0,4.0,5.0,1.0,4880.263157894737,XL,1103 AM,1103.0,110,zuidoost,False,E-buurt,AMSTERDAM,,2026.0,N/A
2920,375000.0,100.0,3.0,4.0,1.0,3750.0,L,1069 ER,1069.0,106,nieuw_west,False,Dijkgraafpleinbuurt,AMSTERDAM,200.0,1972.0,C
2922,540000.0,121.0,3.0,5.0,0.0,4462.809917355372,XL,1108 HB,1108.0,110,zuidoost,False,L-buurt,AMSTERDAM,395.0,1979.0,B
2923,475000.0,61.0,3.0,4.0,0.0,7786.88524590164,S,1058 CS,1058.0,105,west,False,Postjeskade e.o.,AMSTERDAM,,,C
2924,670000.0,75.0,2.0,3.0,1.0,8933.333333333334,M,1031 KN,1031.0,103,noord,False,Overhoeks,AMSTERDAM,,2025.0,N/A
2925,650000.0,69.0,1.0,2.0,0.0,9420.289855072464,M,1018 CA,1018.0,101,centrum,False,Oostenburg,AMSTERDAM,,2021.0,A+++
2926,375000.0,44.0,1.0,2.0,0.0,8522.727272727272,XS,1051 TT,1051.0,105,west,False,Fannius Scholtenbuurt,AMSTERDAM,162.2,1905.0,C
2927,450000.0,50.0,1.0,2.0,0.0,9000.0,XS,1013 TE,1013.0,101,west,False,Spaarndammerbuurt-Midden,AMSTERDAM,140.0,1884.0,A
2928,619000.0,73.0,2.0,4.0,0.0,8479.452054794521,M,1055 ME,1055.0,105,west,False,Bosleeuw,AMSTERDAM,50.0,1925.0,C
2929,450000.0,50.0,1.0,2.0,0.0,9000.0,XS,1018 CA,1018.0,101,centrum,False,Oostenburg,AMSTERDAM,0.0,2021.0,A+++
2930,875000.0,91.0,2.0,3.0,1.0,9615.384615384615,L,1096 DE,1096.0,109,oost,False,Weespertrekvaart,AMSTERDAM,292.31,2024.0,A
2931,452500.0,71.0,2.0,3.0,0.0,6373.239436619719,M,1102 AK,1102.0,110,zuidoost,False,D-buurt,AMSTERDAM,,2021.0,A++
2932,275000.0,61.0,2.0,3.0,0.0,4508.196721311476,S,1069 EE,1069.0,106,nieuw_west,False,Dijkgraafpleinbuurt,AMSTERDAM,275.46,1966.0,C
2933,1350000.0,134.0,4.0,6.0,0.0,10074.626865671642,XL,1075 SN,1075.0,107,zuid,False,Schinkelbuurt-Noord,AMSTERDAM,,1912.0,C
2934,595000.0,57.0,2.0,3.0,0.0,10438.59649122807,S,1098 HC,1098.0,109,oost,False,Middenmeer-Noord,AMSTERDAM,,1929.0,A
2935,1250000.0,134.0,3.0,5.0,0.0,9328.358208955224,XL,1079 ST,1079.0,107,zuid,False,Rijnbuurt-Oost,AMSTERDAM,165.0,1934.0,B
2938,598500.0,93.0,2.0,3.0,1.0,6435.4838709677415,L,1101 DA,1101.0,110,zuidoost,False,Amstel III deel A/B-Noord,AMSTERDAM,,2022.0,N/A
2939,1280000.0,128.0,2.0,3.0,1.0,10000.0,XL,1016 RG,1016.0,101,centrum,True,Elandsgrachtbuurt,AMSTERDAM,,1923.0,N/A
2940,750000.0,87.0,2.0,4.0,0.0,8620.689655172413,L,1079 KD,1079.0,107,zuid,False,Kromme Mijdrechtbuurt,AMSTERDAM,100.0,1922.0,N/A
2941,1350000.0,131.0,5.0,6.0,0.0,10305.34351145038,XL,1071 NC,1071.0,107,zuid,False,Concertgebouwbuurt,AMSTERDAM,,1897.0,B
2942,570000.0,62.0,1.0,2.0,0.0,9193.548387096775,S,1018 CA,1018.0,101,centrum,False,Oostenburg,AMSTERDAM,0.0,2021.0,A+++
2944,235000.0,24.0,1.0,1.0,1.0,9791.666666666666,XS,1083 CN,1083.0,108,zuid,False,Buitenveldert-Zuidoost,AMSTERDAM,84.63,1977.0,C
2945,900000.0,83.0,2.0,3.0,0.0,10843.373493975903,L,1015 CT,1015.0,101,centrum,True,Langestraat e.o.,AMSTERDAM,206.0,1905.0,N/A
2947,595000.0,75.0,2.0,3.0,0.0,7933.333333333333,M,1052 HV,1052.0,105,west,False,Frederik Hendrikbuurt-Noord,AMSTERDAM,171.69,1911.0,C
2948,705000.0,83.0,2.0,3.0,0.0,8493.975903614459,L,1096 DS,1096.0,109,oost,False,Weespertrekvaart,AMSTERDAM,,2024.0,N/A
2949,515000.0,80.0,2.0,3.0,1.0,6437.5,L,1101 DA,1101.0,110,zuidoost,False,Amstel III deel A/B-Noord,AMSTERDAM,,2022.0,N/A
2950,595000.0,60.0,2.0,3.0,0.0,9916.666666666666,S,1016 PV,1016.0,101,centrum,True,Elandsgrachtbuurt,AMSTERDAM,120.0,1878.0,C
2952,350000.0,39.0,1.0,2.0,0.0,8974.358974358975,XS,1015 RC,1015.0,101,centrum,True,Bloemgrachtbuurt,AMSTERDAM,213.64,1981.0,B
2953,400000.0,49.0,1.0,2.0,0.0,8163.265306122449,XS,1055 PL,1055.0,105,west,False,Gibraltarbuurt,AMSTERDAM,167.0,1934.0,D
2954,600000.0,70.0,2.0,3.0,0.0,8571.42857142857,M,1078 SR,1078.0,107,zuid,False,IJselbuurt-Oost,AMSTERDAM,85.0,1922.0,C
2955,460000.0,49.0,1.0,2.0,0.0,9387.755102040815,XS,1018 CA,1018.0,101,centrum,False,Oostenburg,AMSTERDAM,0.0,2021.0,A+++
2956,475000.0,55.0,1.0,2.0,0.0,8636.363636363636,S,1093 GE,1093.0,109,oost,False,Dapperbuurt-Zuid,AMSTERDAM,98.0,1905.0,A
2957,345000.0,93.0,3.0,4.0,0.0,3709.6774193548385,L,1102 ED,1102.0,110,zuidoost,False,Rechte H-buurt,AMSTERDAM,267.32,1969.0,E
2958,1041010.0,129.0,2.0,5.0,0.0,8069.84496124031,XL,1014 ZK,1014.0,101,west,False,Houthavens-West,AMSTERDAM,406.09,2025.0,A++
2959,469500.0,100.0,2.0,3.0,1.0,4695.0,L,1024 LW,1024.0,102,noord,False,Werengouw-Midden,AMSTERDAM,,2012.0,A+
2960,625000.0,98.0,3.0,4.0,0.0,6377.551020408163,L,1062 HE,1062.0,106,nieuw_west,False,Schipluidenbuurt,AMSTERDAM,,2027.0,N/A
2962,3100000.0,153.0,2.0,4.0,1.0,20261.437908496733,XL,1071 AK,1071.0,107,zuid,False,Concertgebouwbuurt,AMSTERDAM,455.0,1997.0,A
2963,550000.0,71.0,2.0,3.0,0.0,7746.478873239436,M,1093 TP,1093.0,109,oost,False,Dapperbuurt-Noord,AMSTERDAM,172.0,1983.0,B
2964,350000.0,43.0,1.0,2.0,0.0,8139.53488372093,XS,1051 EH,1051.0,105,west,False,Fannius Scholtenbuurt,AMSTERDAM,200.7,1906.0,D
2965,580000.0,61.0,1.0,2.0,0.0,9508.196721311475,S,1018 CA,1018.0,101,centrum,False,Oostenburg,AMSTERDAM,,2021.0,A+++
2966,400000.0,55.0,2.0,3.0,0.0,7272.727272727273,S,1055 TS,1055.0,105,west,False,Landlust-Zuid,AMSTERDAM,,1942.0,A
2967,544555.0,84.0,2.0,3.0,1.0,6482.797619047619,L,1032 KW,1032.0,103,noord,False,Klaprozenbuurt,AMSTERDAM,,2025.0,N/A
2969,695000.0,136.0,3.0,4.0,1.0,5110.294117647059,XL,1083 GH,1083.0,108,zuid,False,Buitenveldert-Oost-Midden,AMSTERDAM,353.46,1968.0,C
2970,500000.0,65.0,2.0,4.0,0.0,7692.307692307692,S,1093 SL,1093.0,109,oost,False,Dapperbuurt-Noord,AMSTERDAM,97.98,1914.0,B
2972,591000.0,89.0,2.0,3.0,1.0,6640.449438202248,L,1101 DA,1101.0,110,zuidoost,False,Amstel III deel A/B-Noord,AMSTERDAM,,2022.0,N/A
2974,750000.0,86.0,2.0,3.0,0.0,8720.93023255814,L,1051 BW,1051.0,105,west,False,Westerstaatsman,AMSTERDAM,100.0,1911.0,C
2975,1185000.0,137.0,4.0,5.0,0.0,8649.635036496351,XL,1059 BV,1059.0,105,west,False,Aalsmeerwegbuurt-Oost,AMSTERDAM,271.52,1926.0,B
2976,283377.0,30.0,1.0,2.0,1.0,9445.9,XS,1095 PA,1095.0,109,oost,False,Sluisbuurt,AMSTERDAM,,2025.0,N/A
2977,675000.0,101.0,1.0,2.0,1.0,6683.168316831683,L,1018 WA,1018.0,101,centrum,False,Wittenburg,AMSTERDAM,246.0,2004.0,A
2978,835000.0,86.0,2.0,3.0,1.0,9709.302325581395,L,1096 AM,1096.0,109,oost,False,De Omval,AMSTERDAM,,2021.0,A+
2979,385000.0,50.0,1.0,2.0,1.0,7700.0,XS,1062 HE,1062.0,106,nieuw_west,False,Schipluidenbuurt,AMSTERDAM,,2026.0,A++++
2980,365000.0,70.0,2.0,3.0,1.0,5214.285714285715,M,1069 GZ,1069.0,106,nieuw_west,False,Zuidwestkwadrant-Noord,AMSTERDAM,168.31,1991.0,B
2981,950000.0,137.0,2.0,3.0,1.0,6934.306569343065,XL,1081 KK,1081.0,108,zuid,False,Buitenveldert-West-Midden,AMSTERDAM,556.6,2001.0,A
2982,525000.0,55.0,2.0,3.0,0.0,9545.454545454546,S,1059 SP,1059.0,105,west,False,Aalsmeerwegbuurt-West,AMSTERDAM,70.0,1933.0,C
2983,375000.0,58.0,2.0,3.0,0.0,6465.517241379311,S,1065 XV,1065.0,106,nieuw_west,False,Jacob Geelbuurt,AMSTERDAM,185.79,1956.0,C
2984,715000.0,83.0,2.0,3.0,0.0,8614.4578313253,L,1096 DS,1096.0,109,oost,False,Weespertrekvaart,AMSTERDAM,,2024.0,N/A
2986,750000.0,75.0,2.0,3.0,0.0,10000.0,M,1075 TG,1075.0,107,zuid,False,Schinkelbuurt-Noord,AMSTERDAM,172.0,1914.0,B
2987,435000.0,50.0,1.0,3.0,0.0,8700.0,XS,1051 XW,1051.0,105,west,False,Fannius Scholtenbuurt,AMSTERDAM,184.68,1906.0,E
2988,1100000.0,118.0,3.0,4.0,0.0,9322.033898305084,XL,1018 CA,1018.0,101,centrum,False,Oostenburg,AMSTERDAM,0.0,2021.0,A+++
2989,1046234.0,94.0,3.0,4.0,1.0,11130.148936170213,L,1013 SG,1013.0,101,west,False,Spaarndammerbuurt-Noordwest,AMSTERDAM,,2024.0,N/A
2990,1645000.0,178.0,3.0,4.0,2.5,9241.573033707866,XL,1014 ZJ,1014.0,101,west,False,Houthavens-West,AMSTERDAM,239.0,2019.0,A
2991,390000.0,49.0,1.0,2.0,0.0,7959.183673469388,XS,1091 JZ,1091.0,109,oost,False,Oosterparkbuurt-Zuidwest,AMSTERDAM,,1982.0,C
2993,450000.0,49.0,1.0,2.0,0.0,9183.673469387755,XS,1056 KN,1056.0,105,west,False,Geuzenhofbuurt,AMSTERDAM,99.0,1934.0,D
2994,970000.0,78.0,2.0,3.0,1.0,12435.897435897436,M,1018 LL,1018.0,101,centrum,False,Oostenburg,AMSTERDAM,,2026.0,A+++
2996,539000.0,55.0,2.0,3.0,0.0,9800.0,S,1092 TZ,1092.0,109,oost,False,Oosterparkbuurt-Zuidoost,AMSTERDAM,142.05,1905.0,B
2997,475000.0,78.0,2.0,3.0,0.0,6089.74358974359,M,1083 TE,1083.0,108,zuid,False,Buitenveldert-Oost-Midden,AMSTERDAM,323.99,1963.0,F
2998,775000.0,104.0,2.0,3.0,1.0,7451.923076923077,XL,1019 LJ,1019.0,101,oost,False,KNSM-eiland,AMSTERDAM,264.2,1993.0,A
2999,519000.0,76.0,2.0,3.0,0.0,6828.9473684210525,M,1082 NM,1082.0,108,zuid,False,Buitenveldert-Oost-Midden,AMSTERDAM,201.63,1986.0,B
3001,400000.0,45.0,1.0,2.0,0.0,8888.888888888889,XS,1052 TS,1052.0,105,west,False,Frederik Hendrikbuurt-Zuidoost,AMSTERDAM,188.08,1879.0,N/A
3002,449000.0,53.0,1.0,2.0,0.0,8471.698113207547,S,1091 CZ,1091.0,109,oost,False,Oosterparkbuurt-Noordwest,AMSTERDAM,118.0,1955.0,C
3003,575000.0,79.0,2.0,3.0,0.0,7278.481012658228,M,1078 CJ,1078.0,107,zuid,False,IJselbuurt-West,AMSTERDAM,219.0,1990.0,A
3005,450000.0,87.0,2.0,3.0,1.0,5172.413793103448,L,1082 RA,1082.0,108,zuid,False,Gelderlandpleinbuurt,AMSTERDAM,435.0,1964.0,C
3006,650000.0,75.0,2.0,3.0,0.0,8666.666666666666,M,1054 XH,1054.0,105,west,False,Cremerbuurt-Oost,AMSTERDAM,190.0,1901.0,B
3008,395000.0,50.0,1.0,2.0,1.0,7900.0,XS,1062 HE,1062.0,106,nieuw_west,False,Schipluidenbuurt,AMSTERDAM,,2026.0,A++++
3009,320000.0,67.0,2.0,3.0,0.0,4776.119402985075,M,1068 XZ,1068.0,106,nieuw_west,False,Wildeman,AMSTERDAM,189.0,1961.0,C
3010,450000.0,73.0,3.0,4.0,0.0,6164.3835616438355,M,1053 GR,1053.0,105,west,False,Lootsbuurt,AMSTERDAM,190.0,1987.0,B
3011,395000.0,50.0,1.0,2.0,1.0,7900.0,XS,1062 HE,1062.0,106,nieuw_west,False,Schipluidenbuurt,AMSTERDAM,,2026.0,A++++
3012,1500000.0,146.0,4.0,6.0,0.0,10273.972602739726,XL,1097 CJ,1097.0,109,oost,False,Don Bosco,AMSTERDAM,190.0,1909.0,C
3013,350000.0,46.0,1.0,2.0,0.0,7608.695652173913,XS,1034 DR,1034.0,103,noord,False,Marjoleinterrein,AMSTERDAM,142.0,1989.0,C
3014,500000.0,57.0,2.0,3.0,0.0,8771.929824561403,S,1055 TA,1055.0,105,west,False,Erasmusparkbuurt-West,AMSTERDAM,140.0,1939.0,C
3016,495000.0,52.0,1.0,2.0,0.0,9519.23076923077,S,1013 GW,1013.0,101,west,False,Haarlemmerbuurt-Oost,AMSTERDAM,100.0,1725.0,N/A
3017,300000.0,68.0,1.0,2.0,0.0,4411.764705882353,M,1107 AJ,1107.0,110,zuidoost,False,Gein 4,AMSTERDAM,103.0,1984.0,C
3018,450000.0,51.0,2.0,3.0,0.0,8823.529411764706,S,1052 TV,1052.0,105,west,False,Frederik Hendrikbuurt-Noord,AMSTERDAM,150.61,1915.0,F
3019,899000.0,102.0,2.0,3.0,0.0,8813.725490196079,L,1013 HG,1013.0,101,west,False,Haarlemmerbuurt-West,AMSTERDAM,74.24,1624.0,B
3021,1350000.0,114.0,4.0,5.0,0.0,11842.105263157895,XL,1017 JJ,1017.0,101,centrum,True,Amstelveldbuurt,AMSTERDAM,569.0,1730.0,N/A
3022,625000.0,70.0,2.0,3.0,1.0,8928.57142857143,M,1031 KN,1031.0,103,noord,False,Overhoeks,AMSTERDAM,,2025.0,A++
3023,1125000.0,143.0,4.0,5.0,0.0,7867.132867132867,XL,1073 EE,1073.0,107,zuid,False,Van der Helstpleinbuurt,AMSTERDAM,99.0,1891.0,C
3025,400000.0,50.0,1.0,3.0,0.0,8000.0,XS,1055 DE,1055.0,105,west,False,Erasmusparkbuurt-West,AMSTERDAM,148.43,1940.0,D
3026,529000.0,60.0,1.0,3.0,0.0,8816.666666666666,S,1056 TW,1056.0,105,west,False,Pieter van der Doesbuurt,AMSTERDAM,70.0,1932.0,D
3027,485000.0,107.0,2.0,3.0,1.0,4532.710280373832,XL,1068 ZZ,1068.0,106,nieuw_west,False,Meer en Oever,AMSTERDAM,193.74,2009.0,A
3028,995000.0,120.0,4.0,5.0,0.0,8291.666666666666,XL,1078 LH,1078.0,107,zuid,False,Scheldebuurt-Midden,AMSTERDAM,,1930.0,F
3031,540000.0,62.0,1.0,2.0,0.0,8709.677419354839,S,1018 CA,1018.0,101,centrum,False,Oostenburg,AMSTERDAM,,2021.0,A+++
3032,750000.0,88.0,2.0,3.0,1.0,8522.727272727272,L,1051 PH,1051.0,105,west,False,GWL-terrein,AMSTERDAM,185.0,1997.0,A
3033,624000.0,83.0,2.0,3.0,0.0,7518.0722891566265,L,1064 AB,1064.0,106,nieuw_west,False,Noordoever Sloterplas,AMSTERDAM,0.0,2024.0,N/A
3034,600000.0,100.0,4.0,5.0,0.0,6000.0,L,1052 EJ,1052.0,105,west,False,Da Costabuurt-Noord,AMSTERDAM,175.0,1898.0,G
3036,835000.0,101.0,3.0,4.0,1.0,8267.326732673268,L,1072 EW,1072.0,107,zuid,False,Hercules Seghersbuurt,AMSTERDAM,,1897.0,B
3037,435000.0,99.0,2.0,3.0,1.0,4393.939393939394,L,1104 VA,1104.0,110,zuidoost,False,K-buurt-Zuidwest,AMSTERDAM,153.3,2008.0,A
3038,349000.0,34.0,1.0,2.0,0.0,10264.70588235294,XS,1017 TK,1017.0,101,centrum,True,Weteringbuurt,AMSTERDAM,70.0,,F
3039,580000.0,74.0,3.0,4.0,0.0,7837.8378378378375,M,1056 DK,1056.0,105,west,False,Robert Scottbuurt-Oost,AMSTERDAM,79.0,,E
3040,500000.0,100.0,2.0,3.0,1.0,5000.0,L,1087 JD,1087.0,108,oost,False,Ed Pelsterparkbuurt,AMSTERDAM,283.24,2006.0,A
3041,283377.0,31.0,1.0,2.0,1.0,9141.193548387097,XS,1095 PA,1095.0,109,oost,False,Sluisbuurt,AMSTERDAM,,2025.0,N/A
3043,425000.0,44.0,2.0,3.0,0.0,9659.09090909091,XS,1094 CR,1094.0,109,oost,False,Timorpleinbuurt-Noord,AMSTERDAM,75.0,,B
3044,650000.0,90.0,2.0,3.0,0.0,7222.222222222223,L,1011 TZ,1011.0,101,centrum,False,Rapenburg,AMSTERDAM,125.0,1882.0,A
3045,725000.0,77.0,2.0,3.0,0.0,9415.584415584415,M,1018 CA,1018.0,101,centrum,False,Oostenburg,AMSTERDAM,,2021.0,A+++
3046,283377.0,30.0,1.0,2.0,1.0,9445.9,XS,1095 PA,1095.0,109,oost,False,Sluisbuurt,AMSTERDAM,,2025.0,N/A
3047,825000.0,89.0,2.0,3.0,0.0,9269.662921348314,L,1016 AD,1016.0,101,centrum,True,Felix Meritisbuurt,AMSTERDAM,274.38,1905.0,N/A
3049,450000.0,54.0,2.0,3.0,0.0,8333.333333333334,S,1051 HP,1051.0,105,west,False,Buyskade e.o.,AMSTERDAM,160.0,,C
3050,550000.0,73.0,2.0,3.0,0.0,7534.246575342466,M,1098 ER,1098.0,109,oost,False,Middenmeer-Zuid,AMSTERDAM,152.96,1953.0,E
3051,590000.0,78.0,2.0,3.0,0.0,7564.102564102564,M,1011 HB,1011.0,101,centrum,False,Zuiderkerkbuurt,AMSTERDAM,200.38,1983.0,A
3052,660000.0,82.0,2.0,3.0,0.0,8048.780487804878,L,1096 DV,1096.0,109,oost,False,Weespertrekvaart,AMSTERDAM,126.4,2021.0,A+++
3053,680000.0,83.0,2.0,3.0,1.0,8192.77108433735,L,1061 AV,1061.0,106,nieuw_west,False,Overtoomse Veld-Noord,AMSTERDAM,,2027.0,A+++
3054,1150000.0,164.0,3.0,4.0,0.0,7012.195121951219,XL,1013 BX,1013.0,101,west,False,Westerdokseiland,AMSTERDAM,385.0,2008.0,A+
3055,588000.0,72.0,1.0,2.0,0.0,8166.666666666667,M,1054 LG,1054.0,105,west,False,Vondelparkbuurt-West,AMSTERDAM,170.0,1916.0,C
3056,542000.0,65.0,2.0,3.0,0.0,8338.461538461539,S,1064 AB,1064.0,106,nieuw_west,False,Noordoever Sloterplas,AMSTERDAM,,2024.0,N/A
3057,225000.0,37.0,1.0,1.0,0.0,6081.081081081081,XS,1107 JS,1107.0,110,zuidoost,False,Reigersbos 2,AMSTERDAM,235.0,1981.0,C
3058,715000.0,75.0,2.0,3.0,0.0,9533.333333333334,M,1078 MX,1078.0,107,zuid,False,Scheldebuurt-Midden,AMSTERDAM,128.0,1929.0,C
3059,1650000.0,216.0,3.0,6.0,0.0,7638.888888888889,XL,1043 NV,1043.0,104,nieuw_west,False,Sloterdijk Stationskwartier,AMSTERDAM,577.0,2023.0,A++
3063,283377.0,30.0,1.0,2.0,1.0,9445.9,XS,1095 PA,1095.0,109,oost,False,Sluisbuurt,AMSTERDAM,,2025.0,N/A
3064,490000.0,73.0,2.0,3.0,0.0,6712.328767123287,M,1092 BH,1092.0,109,oost,False,Oosterparkbuurt-Zuidoost,AMSTERDAM,218.58,1977.0,D
3066,375000.0,48.0,1.0,2.0,0.0,7812.5,XS,1021 LS,1021.0,102,noord,False,IJplein e.o.,AMSTERDAM,97.0,1984.0,C
3067,910000.0,113.0,2.0,3.0,0.0,8053.097345132744,XL,1031 KV,1031.0,103,noord,False,Overhoeks,AMSTERDAM,,2021.0,A+++
3068,620000.0,62.0,2.0,3.0,0.0,10000.0,S,1015 VD,1015.0,101,centrum,True,Marnixbuurt-Noord,AMSTERDAM,175.0,1888.0,A
3069,450000.0,70.0,2.0,3.0,0.0,6428.571428571428,M,1032 AP,1032.0,103,noord,False,Bloemenbuurt-Noord,AMSTERDAM,150.08,1925.0,E
3070,895000.0,140.0,3.0,4.0,0.0,6392.857142857143,XL,1043 EV,1043.0,104,nieuw_west,False,Sloterdijk Stationskwartier,AMSTERDAM,434.31,2023.0,A++
3071,459000.0,72.0,2.0,3.0,1.0,6375.0,M,1025 WK,1025.0,102,noord,False,Elzenhagen-Zuid,AMSTERDAM,,2027.0,A+++
3072,645000.0,69.0,2.0,3.0,0.0,9347.826086956522,M,1018 CA,1018.0,101,centrum,False,Oostenburg,AMSTERDAM,0.0,2021.0,A+++
3073,850000.0,156.0,2.0,5.0,0.0,5448.717948717948,XL,1056 HD,1056.0,105,west,False,Trompbuurt,AMSTERDAM,140.0,1921.0,C
3074,415000.0,42.0,1.0,2.0,0.0,9880.952380952382,XS,1015 EA,1015.0,101,centrum,True,Bloemgrachtbuurt,AMSTERDAM,161.56,1755.0,N/A
3075,600000.0,93.0,2.0,3.0,0.0,6451.612903225807,L,1012 WG,1012.0,101,centrum,False,Spuistraat-Zuid,AMSTERDAM,189.0,1740.0,N/A
3078,415000.0,43.0,2.0,3.0,0.0,9651.162790697674,XS,1078 KG,1078.0,107,zuid,False,Wielingenbuurt,AMSTERDAM,,1928.0,B
3079,1395000.0,138.0,2.0,4.0,0.0,10108.695652173914,XL,1018 ER,1018.0,101,centrum,False,Sarphatistrook,AMSTERDAM,290.0,1788.0,F
3080,910000.0,75.0,2.0,3.0,1.0,12133.333333333334,M,1018 LL,1018.0,101,centrum,False,Oostenburg,AMSTERDAM,,2026.0,A+++
3082,640000.0,68.0,2.0,3.0,1.0,9411.764705882353,M,1031 KN,1031.0,103,noord,False,Overhoeks,AMSTERDAM,,2025.0,N/A
3084,550000.0,64.0,1.0,2.0,0.0,8593.75,S,1018 BB,1018.0,101,centrum,False,Kadijken,AMSTERDAM,160.0,1997.0,A
3085,535000.0,87.0,2.0,3.0,0.0,6149.425287356322,L,1065 DB,1065.0,106,nieuw_west,False,Jacques Veldmanbuurt,AMSTERDAM,,2003.0,A+
3086,485000.0,64.0,2.0,3.0,0.0,7578.125,S,1064 AB,1064.0,106,nieuw_west,False,Noordoever Sloterplas,AMSTERDAM,0.0,2024.0,N/A
3087,375000.0,81.0,2.0,3.0,1.0,4629.62962962963,L,1068 WV,1068.0,106,nieuw_west,False,Osdorpplein e.o.,AMSTERDAM,413.02,1962.0,B
3089,1500000.0,104.0,2.0,3.0,0.0,14423.076923076924,XL,1017 DW,1017.0,101,centrum,True,Amstelveldbuurt,AMSTERDAM,,1690.0,B
3091,250000.0,32.0,1.0,1.0,0.0,7812.5,XS,1055 AA,1055.0,105,west,False,Robert Scottbuurt-West,AMSTERDAM,144.0,1960.0,C
3092,432500.0,67.0,2.0,3.0,0.0,6455.223880597015,M,1102 AK,1102.0,110,zuidoost,False,D-buurt,AMSTERDAM,,2021.0,A++
3093,845000.0,89.0,3.0,4.0,1.0,9494.38202247191,L,1031 KN,1031.0,103,noord,False,Overhoeks,AMSTERDAM,,2025.0,A++
3094,1200000.0,144.0,3.0,4.0,1.0,8333.333333333334,XL,1086 VA,1086.0,108,oost,False,Water,AMSTERDAM,423.0,2022.0,A++++
3095,365000.0,87.0,2.0,3.0,1.0,4195.402298850575,L,1025 EB,1025.0,102,noord,False,Buikslotermeer-Noord,AMSTERDAM,433.79,1974.0,D
3096,595000.0,92.0,2.0,3.0,1.0,6467.391304347826,L,1087 LL,1087.0,108,oost,False,Theo van Goghparkbuurt,AMSTERDAM,206.03,2008.0,A
3098,458000.0,73.0,1.0,2.0,0.0,6273.972602739726,M,1064 AB,1064.0,106,nieuw_west,False,Noordoever Sloterplas,AMSTERDAM,0.0,2024.0,N/A
3100,500000.0,61.0,1.0,3.0,0.0,8196.72131147541,S,1058 HC,1058.0,105,west,False,Postjeskade e.o.,AMSTERDAM,60.0,1935.0,D
3101,1100000.0,152.0,4.0,6.0,0.0,7236.8421052631575,XL,1013 ER,1013.0,101,west,False,Haarlemmerbuurt-Oost,AMSTERDAM,289.0,,A
3103,360000.0,39.0,1.0,2.0,0.0,9230.76923076923,XS,1051 EB,1051.0,105,west,False,Westerstaatsman,AMSTERDAM,105.0,1912.0,B
3104,325000.0,62.0,1.0,2.0,1.0,5241.935483870968,S,1025 JE,1025.0,102,noord,False,Plan van Gool,AMSTERDAM,166.76,1972.0,D
3105,545000.0,42.0,1.0,3.0,0.0,12976.190476190477,XS,1015 SN,1015.0,101,centrum,True,Bloemgrachtbuurt,AMSTERDAM,126.06,1869.0,A+
3106,335779.0,40.0,1.0,2.0,0.0,8394.475,XS,1064 AB,1064.0,106,nieuw_west,False,Noordoever Sloterplas,AMSTERDAM,,2027.0,A++
3107,550000.0,83.0,2.0,3.0,1.0,6626.506024096386,L,1095 MP,1095.0,109,oost,False,Sportheldenbuurt,AMSTERDAM,136.39,2019.0,A
3108,325000.0,71.0,2.0,3.0,1.0,4577.4647887323945,M,1069 DV,1069.0,106,nieuw_west,False,Botteskerkbuurt,AMSTERDAM,288.07,1961.0,D
3110,395000.0,48.0,2.0,3.0,0.0,8229.166666666666,XS,1074 GZ,1074.0,107,zuid,False,Diamantbuurt,AMSTERDAM,258.94,1925.0,C
3111,1150000.0,157.0,4.0,5.0,1.0,7324.84076433121,XL,1019 HD,1019.0,101,oost,False,Oostelijke Handelskade,AMSTERDAM,398.2,2006.0,A+
3112,1100000.0,108.0,2.0,3.0,0.0,10185.185185185184,XL,1015 AD,1015.0,101,centrum,True,Langestraat e.o.,AMSTERDAM,370.0,1743.0,N/A
3113,680000.0,103.0,3.0,4.0,1.0,6601.941747572816,XL,1087 VA,1087.0,108,oost,False,Centrumeiland,AMSTERDAM,,2026.0,A++
3114,385000.0,90.0,3.0,4.0,0.0,4277.777777777777,L,1102 XE,1102.0,110,zuidoost,False,Venserpolder-Oost,AMSTERDAM,273.01,1984.0,B
3115,425000.0,46.0,2.0,3.0,0.0,9239.130434782608,XS,1011 KE,1011.0,101,centrum,False,Zuiderkerkbuurt,AMSTERDAM,150.0,1905.0,A
3116,1100000.0,116.0,3.0,4.0,0.0,9482.758620689656,XL,1018 CA,1018.0,101,centrum,False,Oostenburg,AMSTERDAM,,2021.0,A+++
3117,720000.0,83.0,2.0,3.0,0.0,8674.698795180722,L,1096 DS,1096.0,109,oost,False,Weespertrekvaart,AMSTERDAM,,2021.0,N/A
3118,385000.0,41.0,1.0,2.0,0.0,9390.243902439024,XS,1051 LP,1051.0,105,west,False,Marcanti,AMSTERDAM,104.98,1984.0,A
3119,349000.0,29.0,1.0,2.0,0.0,12034.48275862069,XS,1053 LK,1053.0,105,west,False,Da Costabuurt-Noord,AMSTERDAM,114.83,1899.0,A
3120,475000.0,49.0,2.0,3.0,0.0,9693.877551020409,XS,1073 GL,1073.0,107,zuid,False,Van der Helstpleinbuurt,AMSTERDAM,,1905.0,B
3121,425000.0,46.0,1.0,2.0,0.0,9239.130434782608,XS,1076 VP,1076.0,107,zuid,False,Marathonbuurt-Oost,AMSTERDAM,175.0,1931.0,D
3122,585000.0,76.0,2.0,3.0,1.0,7697.368421052632,M,1019 HS,1019.0,101,oost,False,Architectenbuurt,AMSTERDAM,267.49,1905.0,B
3123,750000.0,102.0,3.0,4.0,1.0,7352.941176470588,L,1019 NA,1019.0,101,oost,False,KNSM-eiland,AMSTERDAM,319.01,1995.0,A
3124,1495000.0,134.0,3.0,5.0,0.0,11156.716417910447,XL,1054 WZ,1054.0,105,west,False,Cremerbuurt-Oost,AMSTERDAM,234.0,1906.0,A
3125,438000.0,69.0,2.0,3.0,1.0,6347.826086956522,M,1025 WK,1025.0,102,noord,False,Elzenhagen-Zuid,AMSTERDAM,,2027.0,A++
3126,899000.0,131.0,3.0,6.0,0.0,6862.595419847328,XL,1091 DP,1091.0,109,oost,False,Oosterparkbuurt-Noordwest,AMSTERDAM,134.0,,A
3127,695000.0,110.0,3.0,5.0,1.0,6318.181818181818,XL,1083 GC,1083.0,108,zuid,False,Buitenveldert-Oost-Midden,AMSTERDAM,280.33,1968.0,C
3129,339000.0,43.0,2.0,3.0,0.0,7883.720930232558,XS,1055 DZ,1055.0,105,west,False,Erasmusparkbuurt-West,AMSTERDAM,110.25,,G
3130,965000.0,112.0,3.0,4.0,0.0,8616.07142857143,XL,1057 HP,1057.0,105,west,False,De Wester Quartier,AMSTERDAM,201.0,1923.0,A
3131,450000.0,61.0,2.0,3.0,0.0,7377.049180327869,S,1094 SG,1094.0,109,oost,False,Ambonpleinbuurt,AMSTERDAM,,1986.0,C
3132,600000.0,99.0,2.0,3.0,0.0,6060.606060606061,L,1062 KV,1062.0,106,nieuw_west,False,Koningin Wilhelminaplein,AMSTERDAM,217.2,1998.0,B
3133,400000.0,38.0,1.0,2.0,0.0,10526.315789473685,XS,1012 VT,1012.0,101,centrum,False,Spuistraat-Zuid,AMSTERDAM,100.0,1718.0,A
3134,1000000.0,140.0,4.0,5.0,0.0,7142.857142857143,XL,1078 RL,1078.0,107,zuid,False,IJselbuurt-Oost,AMSTERDAM,200.0,1922.0,A
3135,283377.0,30.0,1.0,2.0,1.0,9445.9,XS,1095 PA,1095.0,109,oost,False,Sluisbuurt,AMSTERDAM,,2025.0,N/A
3137,445000.0,48.0,2.0,3.0,0.0,9270.833333333334,XS,1074 GC,1074.0,107,zuid,False,Diamantbuurt,AMSTERDAM,305.0,1925.0,C
3138,283377.0,31.0,1.0,2.0,1.0,9141.193548387097,XS,1095 PA,1095.0,109,oost,False,Sluisbuurt,AMSTERDAM,,2025.0,N/A
3139,598000.0,93.0,2.0,3.0,1.0,6430.10752688172,L,1101 DA,1101.0,110,zuidoost,False,Amstel III deel A/B-Noord,AMSTERDAM,,2022.0,N/A
3140,550000.0,80.0,3.0,4.0,0.0,6875.0,L,1024 KV,1024.0,102,noord,False,Markengouw-Zuid,AMSTERDAM,,2026.0,N/A
3141,525000.0,75.0,2.0,3.0,1.0,7000.0,M,1019 HR,1019.0,101,oost,False,Architectenbuurt,AMSTERDAM,319.66,1990.0,B
3142,415000.0,49.0,1.0,2.0,0.0,8469.387755102041,XS,1018 CA,1018.0,101,centrum,False,Oostenburg,AMSTERDAM,,2021.0,A+++
3143,475000.0,110.0,2.0,4.0,1.0,4318.181818181818,XL,1068 GV,1068.0,106,nieuw_west,False,Osdorpplein e.o.,AMSTERDAM,231.95,2002.0,A
3146,725000.0,94.0,3.0,4.0,0.0,7712.765957446809,L,1094 LH,1094.0,109,oost,False,Timorpleinbuurt-Zuid,AMSTERDAM,167.14,1905.0,B
3147,505000.0,78.0,2.0,3.0,1.0,6474.358974358975,M,1025 WK,1025.0,102,noord,False,Elzenhagen-Zuid,AMSTERDAM,,2027.0,A+++
3148,795000.0,115.0,3.0,4.0,0.0,6913.04347826087,XL,1094 CV,1094.0,109,oost,False,Timorpleinbuurt-Noord,AMSTERDAM,177.39,2005.0,A
3149,600000.0,92.0,2.0,3.0,1.0,6521.739130434783,L,1055 AB,1055.0,105,west,False,Erasmusparkbuurt-West,AMSTERDAM,,2008.0,A
3151,1310000.0,139.0,3.0,5.0,1.0,9424.460431654676,XL,1096 AM,1096.0,109,oost,False,De Omval,AMSTERDAM,,2021.0,A+
3152,525000.0,61.0,2.0,3.0,0.0,8606.557377049181,S,1058 SW,1058.0,105,west,False,Westlandgrachtbuurt,AMSTERDAM,170.01,1930.0,D
3154,440500.0,58.0,1.0,2.0,1.0,7594.827586206897,S,1101 BA,1101.0,110,zuidoost,False,Amstel III deel A/B-Noord,AMSTERDAM,,2025.0,A+
3155,450000.0,57.0,1.0,2.0,1.0,7894.736842105263,S,1095 ME,1095.0,109,oost,False,Sportheldenbuurt,AMSTERDAM,120.51,2016.0,A+
3156,390000.0,64.0,1.0,2.0,2.0,6093.75,S,1094 MH,1094.0,109,oost,False,Ambonpleinbuurt,AMSTERDAM,,1981.0,C
3157,499000.0,73.0,2.0,3.0,1.0,6835.6164383561645,M,1067 EM,1067.0,106,nieuw_west,False,Ruys de Beerenbrouckbuurt,AMSTERDAM,,2014.0,A
3158,405000.0,58.0,2.0,3.0,0.0,6982.758620689655,S,1024 KV,1024.0,102,noord,False,Markengouw-Zuid,AMSTERDAM,,2026.0,N/A
3159,825000.0,89.0,2.0,3.0,1.0,9269.662921348314,L,1096 AM,1096.0,109,oost,False,De Omval,AMSTERDAM,,2021.0,A+
3160,395000.0,41.0,1.0,2.0,0.0,9634.146341463415,XS,1018 CA,1018.0,101,centrum,False,Oostenburg,AMSTERDAM,0.0,2021.0,A+++
3161,425000.0,55.0,2.0,3.0,0.0,7727.272727272727,S,1055 AZ,1055.0,105,west,False,Erasmusparkbuurt-West,AMSTERDAM,60.0,1940.0,B
3164,925000.0,125.0,4.0,5.0,0.0,7400.0,XL,1056 PC,1056.0,105,west,False,Robert Scottbuurt-Oost,AMSTERDAM,209.0,,B
3165,625000.0,89.0,2.0,3.0,1.0,7022.471910112359,L,1098 XA,1098.0,109,oost,False,Science Park-Noord,AMSTERDAM,239.08,2011.0,A
3166,475000.0,53.0,2.0,3.0,1.0,8962.264150943396,S,1055 RC,1055.0,105,west,False,Landlust-Noord,AMSTERDAM,116.82,1934.0,D
3167,400000.0,81.0,2.0,3.0,0.0,4938.271604938272,L,1061 GM,1061.0,106,nieuw_west,False,Kolenkitbuurt-Noord,AMSTERDAM,281.0,1961.0,F
3168,419500.0,48.0,3.0,4.0,0.0,8739.583333333334,XS,1055 PD,1055.0,105,west,False,Gibraltarbuurt,AMSTERDAM,,1936.0,D
3169,1650000.0,162.0,4.0,5.0,1.0,10185.185185185184,XL,1054 AK,1054.0,105,west,False,Helmersbuurt-Oost,AMSTERDAM,200.0,1895.0,A
3170,575000.0,132.0,3.0,4.0,1.0,4356.060606060606,XL,1068 ZZ,1068.0,106,nieuw_west,False,Meer en Oever,AMSTERDAM,,2009.0,A+
3172,950000.0,105.0,2.0,3.0,1.0,9047.619047619048,XL,1082 ME,1082.0,108,zuid,False,Zuidas-Zuid,AMSTERDAM,559.49,2008.0,A
3173,350000.0,48.0,1.0,2.0,0.0,7291.666666666667,XS,1102 AK,1102.0,110,zuidoost,False,D-buurt,AMSTERDAM,,2021.0,A++
3174,672500.0,121.0,3.0,5.0,1.0,5557.851239669421,XL,1062 CG,1062.0,106,nieuw_west,False,Overtoomse Veld-Zuid,AMSTERDAM,249.35,2003.0,N/A
3175,625000.0,76.0,1.0,2.0,0.0,8223.684210526315,M,1013 HG,1013.0,101,west,False,Haarlemmerbuurt-West,AMSTERDAM,174.0,1998.0,B
3176,850000.0,133.0,3.0,5.0,1.0,6390.977443609023,XL,1083 GP,1083.0,108,zuid,False,Buitenveldert-Oost-Midden,AMSTERDAM,,1969.0,C
3177,375000.0,81.0,3.0,4.0,0.0,4629.62962962963,L,1069 DW,1069.0,106,nieuw_west,False,Botteskerkbuurt,AMSTERDAM,472.73,1961.0,D
3178,445000.0,91.0,2.0,3.0,0.0,4890.10989010989,L,1068 GL,1068.0,106,nieuw_west,False,Osdorpplein e.o.,AMSTERDAM,211.08,2002.0,A
3179,550000.0,67.0,1.0,2.0,1.0,8208.955223880597,M,1031 KE,1031.0,103,noord,False,Overhoeks,AMSTERDAM,141.42,2022.0,A++
3180,449000.0,63.0,2.0,3.0,0.0,7126.984126984127,S,1056 JW,1056.0,105,west,False,Geuzenhofbuurt,AMSTERDAM,149.35,1934.0,D
3182,420000.0,59.0,1.0,1.0,0.0,7118.64406779661,S,1012 DG,1012.0,101,centrum,False,Burgwallen-Oost,AMSTERDAM,,1737.0,N/A
3183,429000.0,93.0,3.0,4.0,1.0,4612.903225806452,L,1069 LD,1069.0,106,nieuw_west,False,Zuidwestkwadrant-Zuid,AMSTERDAM,459.61,1965.0,B
3184,550000.0,63.0,2.0,3.0,0.0,8730.15873015873,S,1072 VK,1072.0,107,zuid,False,Frans Halsbuurt,AMSTERDAM,85.0,1876.0,D
3185,525000.0,77.0,2.0,3.0,0.0,6818.181818181818,M,1094 XK,1094.0,109,oost,False,Timorpleinbuurt-Zuid,AMSTERDAM,234.0,1985.0,A
3186,550000.0,77.0,2.0,3.0,0.0,7142.857142857143,M,1082 EH,1082.0,108,zuid,False,Buitenveldert-Zuid-Midden,AMSTERDAM,291.63,1961.0,G
3188,475000.0,55.0,1.0,2.0,0.0,8636.363636363636,S,1054 CD,1054.0,105,west,False,Helmersbuurt-Oost,AMSTERDAM,146.0,1926.0,D
3189,400000.0,39.0,1.0,2.0,0.0,10256.410256410256,XS,1013 NR,1013.0,101,west,False,Zeeheldenbuurt,AMSTERDAM,132.0,1915.0,E
3190,618000.0,83.0,2.0,3.0,0.0,7445.78313253012,L,1064 AB,1064.0,106,nieuw_west,False,Noordoever Sloterplas,AMSTERDAM,0.0,2024.0,N/A
3191,675000.0,78.0,2.0,4.0,0.0,8653.846153846154,M,1056 GV,1056.0,105,west,False,Trompbuurt,AMSTERDAM,100.0,1912.0,C
3192,500000.0,63.0,2.0,3.0,0.0,7936.507936507936,S,1064 AB,1064.0,106,nieuw_west,False,Noordoever Sloterplas,AMSTERDAM,0.0,2024.0,N/A
3194,750000.0,85.0,3.0,4.0,0.0,8823.529411764706,L,1057 AV,1057.0,105,west,False,Orteliusbuurt-Midden,AMSTERDAM,49.51,1935.0,B
3196,1890000.0,171.0,3.0,5.0,0.0,11052.631578947368,XL,1018 CA,1018.0,101,centrum,False,Oostenburg,AMSTERDAM,,2021.0,A+++
3197,1650000.0,158.0,1.0,3.0,0.0,10443.037974683544,XL,1071 CH,1071.0,107,zuid,False,Concertgebouwbuurt,AMSTERDAM,921.4,1991.0,A
3198,400000.0,103.0,3.0,4.0,1.0,3883.4951456310678,XL,1102 AP,1102.0,110,zuidoost,False,F-buurt,AMSTERDAM,,1970.0,C
3200,865000.0,95.0,2.0,3.0,1.0,9105.263157894737,L,1062 LE,1062.0,106,nieuw_west,False,Koningin Wilhelminaplein,AMSTERDAM,143.29,2025.0,A++
3202,882578.0,79.0,2.0,3.0,0.0,11171.87341772152,M,1014 ZK,1014.0,101,west,False,Houthavens-West,AMSTERDAM,249.67,2025.0,A++
3203,680000.0,72.0,1.0,2.0,1.0,9444.444444444445,M,1031 KN,1031.0,103,noord,False,Overhoeks,AMSTERDAM,,2025.0,A+
3204,895000.0,93.0,2.0,4.0,0.0,9623.655913978495,L,1071 EL,1071.0,107,zuid,False,Concertgebouwbuurt,AMSTERDAM,58.49,1894.0,A
3205,2000000.0,237.0,2.0,3.0,3.5,8438.818565400843,XL,1015 CT,1015.0,101,centrum,True,Langestraat e.o.,AMSTERDAM,216.0,1625.0,N/A
3208,350000.0,46.0,1.0,2.0,0.0,7608.695652173913,XS,1074 AM,1074.0,107,zuid,False,Diamantbuurt,AMSTERDAM,75.0,1905.0,E
3209,360000.0,79.0,2.0,3.0,1.0,4556.962025316456,M,1103 TT,1103.0,110,zuidoost,False,G-buurt-West,AMSTERDAM,,2002.0,A
3210,900000.0,90.0,2.0,3.0,0.0,10000.0,L,1076 JN,1076.0,107,zuid,False,Van Tuyllbuurt,AMSTERDAM,,1930.0,A
3212,405000.0,56.0,2.0,3.0,0.0,7232.142857142857,S,1024 KV,1024.0,102,noord,False,Markengouw-Zuid,AMSTERDAM,,2026.0,N/A
3213,569250.0,99.0,2.0,3.0,0.0,5750.0,L,1101 CZ,1101.0,110,zuidoost,False,Amstel III deel A/B-Noord,AMSTERDAM,,2021.0,A+++
3214,3300000.0,327.0,3.0,7.0,1.0,10091.743119266055,XL,1022 AB,1022.0,102,noord,False,Vliegenbos,AMSTERDAM,,2024.0,A+++
3218,1095000.0,87.0,2.0,3.0,1.0,12586.206896551725,L,1017 DN,1017.0,101,centrum,True,Spiegelbuurt,AMSTERDAM,210.46,1905.0,N/A
3219,1575000.0,175.0,2.0,4.0,0.0,9000.0,XL,1016 HR,1016.0,101,centrum,True,Felix Meritisbuurt,AMSTERDAM,188.0,1882.0,N/A
3220,575000.0,103.0,2.0,3.0,0.0,5582.52427184466,XL,1066 AZ,1066.0,106,nieuw_west,False,Staalmanbuurt,AMSTERDAM,,2010.0,A
3221,450000.0,51.0,2.0,3.0,0.0,8823.529411764706,S,1058 KP,1058.0,105,west,False,Westlandgrachtbuurt,AMSTERDAM,119.0,1933.0,E
3222,499000.0,62.0,2.0,3.0,0.0,8048.387096774193,S,1082 SP,1082.0,108,zuid,False,Gelderlandpleinbuurt,AMSTERDAM,,1965.0,D
3223,450000.0,60.0,2.0,3.0,0.0,7500.0,S,1051 VE,1051.0,105,west,False,Westerstaatsman,AMSTERDAM,75.0,1906.0,C
3224,424000.0,59.0,1.0,2.0,1.0,7186.440677966101,S,1058 ER,1058.0,105,west,False,Rembrandtpark-Zuid,AMSTERDAM,172.64,1974.0,D
3225,285000.0,72.0,3.0,4.0,1.0,3958.3333333333335,M,1069 EH,1069.0,106,nieuw_west,False,Dijkgraafpleinbuurt,AMSTERDAM,238.43,1970.0,B
3226,795000.0,108.0,1.0,4.0,0.0,7361.111111111111,XL,1014 ZL,1014.0,101,west,False,Houthavens-West,AMSTERDAM,211.0,2020.0,A++
3228,450000.0,58.0,2.0,3.0,0.0,7758.620689655172,S,1056 DE,1056.0,105,west,False,Robert Scottbuurt-Oost,AMSTERDAM,166.92,1927.0,C
3229,475000.0,95.0,2.0,3.0,1.0,5000.0,L,1068 CR,1068.0,106,nieuw_west,False,Meer en Oever,AMSTERDAM,240.0,1967.0,C
3230,395000.0,50.0,1.0,2.0,1.0,7900.0,XS,1062 HE,1062.0,106,nieuw_west,False,Schipluidenbuurt,AMSTERDAM,,2026.0,A++++
3231,487000.0,72.0,2.0,3.0,1.0,6763.888888888889,M,1101 DA,1101.0,110,zuidoost,False,Amstel III deel A/B-Noord,AMSTERDAM,,2022.0,N/A
3232,425000.0,59.0,1.0,2.0,1.0,7203.389830508475,S,1058 EM,1058.0,105,west,False,Rembrandtpark-Zuid,AMSTERDAM,168.14,1974.0,C
3233,1630000.0,167.0,3.0,4.0,1.0,9760.479041916167,XL,1095 AM,1095.0,109,oost,False,Makassarpleinbuurt,AMSTERDAM,0.0,2021.0,N/A
3234,855000.0,106.0,2.0,3.0,1.0,8066.037735849057,XL,1095 AM,1095.0,109,oost,False,Makassarpleinbuurt,AMSTERDAM,0.0,2021.0,N/A
3235,514000.0,69.0,2.0,3.0,0.0,7449.275362318841,M,1064 AB,1064.0,106,nieuw_west,False,Noordoever Sloterplas,AMSTERDAM,0.0,2024.0,N/A
3236,590000.0,64.0,1.0,2.0,0.0,9218.75,S,1018 CA,1018.0,101,centrum,False,Oostenburg,AMSTERDAM,0.0,2021.0,A++
3238,415000.0,55.0,2.0,3.0,0.0,7545.454545454545,S,1013 ZX,1013.0,101,west,False,Spaarndammerbuurt-Noordwest,AMSTERDAM,231.9,1919.0,B
3239,500000.0,81.0,2.0,3.0,0.0,6172.83950617284,L,1066 HC,1066.0,106,nieuw_west,False,Nieuw-Sloten-Zuidoost,AMSTERDAM,,1993.0,A
3240,635000.0,58.0,1.0,2.0,1.0,10948.275862068966,S,1096 AM,1096.0,109,oost,False,De Omval,AMSTERDAM,,2021.0,A+
3242,632500.0,70.0,2.0,3.0,0.0,9035.714285714286,M,1096 DS,1096.0,109,oost,False,Weespertrekvaart,AMSTERDAM,,2024.0,N/A
3243,285000.0,78.0,2.0,3.0,0.0,3653.846153846154,M,1107 HR,1107.0,110,zuidoost,False,Reigersbos 2,AMSTERDAM,150.0,1986.0,C
3244,899000.0,117.0,2.0,3.0,1.0,7683.760683760684,XL,1031 KG,1031.0,103,noord,False,Overhoeks,AMSTERDAM,245.57,2012.0,A++
3246,500000.0,53.0,2.0,4.0,0.0,9433.962264150943,S,1055 BC,1055.0,105,west,False,Erasmusparkbuurt-West,AMSTERDAM,250.0,1940.0,D
3249,500000.0,62.0,2.0,3.0,0.0,8064.5161290322585,S,1094 EM,1094.0,109,oost,False,Timorpleinbuurt-Noord,AMSTERDAM,,1902.0,B
3250,450000.0,48.0,1.0,2.0,0.0,9375.0,XS,1073 EW,1073.0,107,zuid,False,Van der Helstpleinbuurt,AMSTERDAM,,1918.0,E
3251,995000.0,118.0,2.0,3.0,0.0,8432.203389830509,XL,1053 LN,1053.0,105,west,False,Da Costabuurt-Noord,AMSTERDAM,180.0,1891.0,A+
3253,1420000.0,159.0,3.0,5.0,0.0,8930.817610062893,XL,1015 MR,1015.0,101,centrum,True,Anjeliersbuurt-Noord,AMSTERDAM,,1650.0,N/A
3254,995000.0,130.0,3.0,5.0,0.0,7653.846153846154,XL,1073 GG,1073.0,107,zuid,False,Van der Helstpleinbuurt,AMSTERDAM,291.6,1903.0,C
3257,350000.0,43.0,1.0,2.0,0.0,8139.53488372093,XS,1093 GZ,1093.0,109,oost,False,Dapperbuurt-Zuid,AMSTERDAM,171.17,1985.0,C
3258,765000.0,99.0,2.0,3.0,0.0,7727.272727272727,L,1061 AV,1061.0,106,nieuw_west,False,Overtoomse Veld-Noord,AMSTERDAM,,2027.0,A+++
3259,2300000.0,211.0,5.0,9.0,1.0,10900.47393364929,XL,1071 EC,1071.0,107,zuid,False,Johannes Vermeerbuurt,AMSTERDAM,150.0,1912.0,D
3260,395000.0,50.0,1.0,2.0,1.0,7900.0,XS,1062 HE,1062.0,106,nieuw_west,False,Schipluidenbuurt,AMSTERDAM,,2026.0,A++++
3261,550000.0,87.0,2.0,3.0,1.0,6321.83908045977,L,1087 KH,1087.0,108,oost,False,Ed Pelsterparkbuurt,AMSTERDAM,226.73,2008.0,A
3262,695000.0,89.0,2.0,3.0,0.0,7808.988764044944,L,1098 KV,1098.0,109,oost,False,Linnaeusparkbuurt,AMSTERDAM,120.0,1926.0,C
3263,450000.0,49.0,1.0,2.0,1.0,9183.673469387755,XS,1031 HS,1031.0,103,noord,False,Buiksloterham-Zuid,AMSTERDAM,133.85,2023.0,A++
3264,489000.0,50.0,2.0,3.0,0.0,9780.0,XS,1054 XP,1054.0,105,west,False,Cremerbuurt-West,AMSTERDAM,75.0,1906.0,E
3265,615000.0,103.0,3.0,4.0,1.0,5970.873786407767,XL,1025 WK,1025.0,102,noord,False,Elzenhagen-Zuid,AMSTERDAM,,2027.0,A+++
3266,399000.0,50.0,1.0,2.0,1.0,7980.0,XS,1062 HE,1062.0,106,nieuw_west,False,Schipluidenbuurt,AMSTERDAM,,2026.0,A++++
3268,630000.0,83.0,2.0,3.0,0.0,7590.361445783133,L,1013 TN,1013.0,101,west,False,Spaarndammerbuurt-Midden,AMSTERDAM,277.03,1921.0,C
3269,650000.0,83.0,2.0,3.0,1.0,7831.325301204819,L,1082 GM,1082.0,108,zuid,False,Gelderlandpleinbuurt,AMSTERDAM,242.35,2004.0,A
3270,525000.0,57.0,2.0,3.0,0.0,9210.526315789473,S,1079 GD,1079.0,107,zuid,False,Rijnbuurt-Midden,AMSTERDAM,113.88,1936.0,B
3271,695000.0,115.0,3.0,4.0,0.0,6043.478260869565,XL,1094 HB,1094.0,109,oost,False,Timorpleinbuurt-Noord,AMSTERDAM,,1902.0,C
3272,1500000.0,161.0,3.0,5.0,0.0,9316.770186335403,XL,1018 CA,1018.0,101,centrum,False,Oostenburg,AMSTERDAM,,2021.0,A+++
3273,830000.0,87.0,2.0,3.0,1.0,9540.229885057472,L,1096 AM,1096.0,109,oost,False,De Omval,AMSTERDAM,,2021.0,A+
3274,325000.0,76.0,2.0,3.0,0.0,4276.315789473684,M,1106 DK,1106.0,110,zuidoost,False,Gein 1,AMSTERDAM,288.0,1983.0,B
3275,335779.0,40.0,1.0,2.0,0.0,8394.475,XS,1064 AB,1064.0,106,nieuw_west,False,Noordoever Sloterplas,AMSTERDAM,,2027.0,A++
3276,500000.0,60.0,2.0,3.0,0.0,8333.333333333334,S,1078 BT,1078.0,107,zuid,False,IJselbuurt-West,AMSTERDAM,100.0,1925.0,A
3277,450000.0,53.0,1.0,2.0,0.0,8490.566037735849,S,1018 BE,1018.0,101,centrum,False,Kadijken,AMSTERDAM,182.3,1997.0,B
3278,1575000.0,178.0,3.0,4.0,1.0,8848.314606741573,XL,1017 ED,1017.0,101,centrum,True,Amstelveldbuurt,AMSTERDAM,,1905.0,N/A
3279,524555.0,85.0,2.0,3.0,1.0,6171.235294117647,L,1032 KW,1032.0,103,noord,False,Klaprozenbuurt,AMSTERDAM,,2025.0,N/A
3280,325000.0,32.0,1.0,2.0,0.0,10156.25,XS,1073 CM,1073.0,107,zuid,False,Sarphatiparkbuurt,AMSTERDAM,139.0,1878.0,C
3281,395000.0,60.0,2.0,3.0,0.0,6583.333333333333,S,1102 AK,1102.0,110,zuidoost,False,D-buurt,AMSTERDAM,,2025.0,A++
3282,450000.0,50.0,2.0,3.0,0.0,9000.0,XS,1057 VR,1057.0,105,west,False,Balboaplein e.o.,AMSTERDAM,57.0,1926.0,B
3283,775000.0,95.0,2.0,3.0,0.0,8157.894736842105,L,1075 TX,1075.0,107,zuid,False,Schinkelbuurt-Noord,AMSTERDAM,150.0,1884.0,B
3284,425000.0,67.0,2.0,3.0,0.0,6343.2835820895525,M,1057 SN,1057.0,105,west,False,Columbusplein e.o.,AMSTERDAM,180.74,1929.0,D
3285,325000.0,93.0,3.0,4.0,0.0,3494.6236559139784,L,1035 CP,1035.0,103,noord,False,Molenwijk,AMSTERDAM,270.0,1968.0,G
3287,625000.0,128.0,3.0,4.0,0.0,4882.8125,XL,1024 ML,1024.0,102,noord,False,Markengouw-Zuid,AMSTERDAM,101.5,2019.0,A
3288,440000.0,66.0,2.0,3.0,0.0,6666.666666666667,S,1083 XD,1083.0,108,zuid,False,Buitenveldert-Oost-Midden,AMSTERDAM,244.97,1962.0,C
3289,399000.0,37.0,1.0,2.0,1.0,10783.783783783783,XS,1096 DA,1096.0,109,oost,False,Weespertrekvaart,AMSTERDAM,134.0,2024.0,A++
3290,970000.0,102.0,3.0,4.0,1.0,9509.803921568628,L,1096 AM,1096.0,109,oost,False,De Omval,AMSTERDAM,,2021.0,A+
3291,283377.0,31.0,1.0,2.0,1.0,9141.193548387097,XS,1095 PA,1095.0,109,oost,False,Sluisbuurt,AMSTERDAM,,2025.0,N/A
3292,495000.0,83.0,3.0,4.0,0.0,5963.855421686747,L,1087 EK,1087.0,108,oost,False,Ed Pelsterparkbuurt,AMSTERDAM,174.68,2010.0,A
3293,500000.0,67.0,2.0,3.0,0.0,7462.686567164179,M,1095 MD,1095.0,109,oost,False,Sportheldenbuurt,AMSTERDAM,152.0,2020.0,A
3294,778000.0,86.0,3.0,4.0,0.0,9046.511627906977,L,1095 AM,1095.0,109,oost,False,Makassarpleinbuurt,AMSTERDAM,0.0,2021.0,N/A
3295,642500.0,70.0,2.0,3.0,0.0,9178.57142857143,M,1096 DS,1096.0,109,oost,False,Weespertrekvaart,AMSTERDAM,,2024.0,N/A
3298,590000.0,82.0,2.0,3.0,1.0,7195.121951219512,L,1055 AB,1055.0,105,west,False,Erasmusparkbuurt-West,AMSTERDAM,160.24,2008.0,B
3299,550000.0,77.0,2.0,3.0,0.0,7142.857142857143,M,1094 RA,1094.0,109,oost,False,Ambonpleinbuurt,AMSTERDAM,135.0,1981.0,A
3300,430000.0,53.0,2.0,3.0,0.0,8113.207547169812,S,1093 JD,1093.0,109,oost,False,Dapperbuurt-Zuid,AMSTERDAM,140.28,1905.0,B
3301,795000.0,117.0,1.0,3.0,1.0,6794.871794871795,XL,1019 LL,1019.0,101,oost,False,KNSM-eiland,AMSTERDAM,276.71,2001.0,B
3302,350000.0,64.0,1.0,2.0,0.0,5468.75,S,1069 NE,1069.0,106,nieuw_west,False,Middelveldsche Akerpolder,AMSTERDAM,174.21,1988.0,B
3303,400000.0,49.0,2.0,3.0,0.0,8163.265306122449,XS,1079 TM,1079.0,107,zuid,False,Rijnbuurt-Oost,AMSTERDAM,130.0,1898.0,C
3304,315000.0,42.0,1.0,2.0,0.0,7500.0,XS,1064 ME,1064.0,106,nieuw_west,False,Noordoever Sloterplas,AMSTERDAM,82.0,1986.0,C
3305,554000.0,60.0,1.0,2.0,0.0,9233.333333333334,S,1095 AM,1095.0,109,oost,False,Makassarpleinbuurt,AMSTERDAM,0.0,2021.0,N/A
3306,514000.0,65.0,2.0,3.0,0.0,7907.692307692308,S,1064 AB,1064.0,106,nieuw_west,False,Noordoever Sloterplas,AMSTERDAM,0.0,2024.0,N/A
3307,450000.0,56.0,2.0,3.0,0.0,8035.714285714285,S,1057 GM,1057.0,105,west,False,De Wester Quartier,AMSTERDAM,,1925.0,C
3308,425000.0,78.0,2.0,3.0,1.0,5448.717948717948,M,1064 EH,1064.0,106,nieuw_west,False,Noordoever Sloterplas,AMSTERDAM,,1965.0,C
3310,450000.0,57.0,4.0,5.0,0.0,7894.736842105263,S,1056 PX,1056.0,105,west,False,Jan Maijenbuurt,AMSTERDAM,136.0,1927.0,E
3311,405000.0,44.0,1.0,2.0,0.0,9204.545454545454,XS,1018 CA,1018.0,101,centrum,False,Oostenburg,AMSTERDAM,0.0,2021.0,A+++
3312,395000.0,71.0,3.0,4.0,0.0,5563.380281690141,M,1064 TD,1064.0,106,nieuw_west,False,Dichtersbuurt,AMSTERDAM,263.0,1953.0,D
3313,400000.0,53.0,2.0,3.0,0.0,7547.169811320755,S,1057 VP,1057.0,105,west,False,Columbusplein e.o.,AMSTERDAM,132.81,1922.0,D
3314,1125000.0,118.0,2.0,3.0,2.0,9533.898305084746,XL,1012 VG,1012.0,101,centrum,False,Spuistraat-Noord,AMSTERDAM,304.0,1994.0,C
3316,545000.0,70.0,2.0,3.0,1.0,7785.714285714285,M,1082 LH,1082.0,108,zuid,False,Gelderlandpleinbuurt,AMSTERDAM,170.86,1962.0,C
3317,850000.0,59.0,2.0,3.0,0.0,14406.77966101695,S,1016 RA,1016.0,101,centrum,True,Elandsgrachtbuurt,AMSTERDAM,127.0,1906.0,A
3319,575000.0,56.0,1.0,2.0,0.0,10267.857142857143,S,1091 TJ,1091.0,109,oost,False,Weesperzijde-Midden/Zuid,AMSTERDAM,79.23,2014.0,A+
3320,550000.0,58.0,2.0,3.0,0.0,9482.758620689656,S,1092 VA,1092.0,109,oost,False,Oosterparkbuurt-Zuidoost,AMSTERDAM,117.0,1905.0,C
3321,675000.0,71.0,2.0,3.0,0.0,9507.042253521127,M,1079 NS,1079.0,107,zuid,False,Scheldebuurt-West,AMSTERDAM,206.72,1934.0,B
3322,485000.0,86.0,2.0,3.0,3.0,5639.53488372093,L,1087 KD,1087.0,108,oost,False,Ed Pelsterparkbuurt,AMSTERDAM,184.96,2008.0,A+
3323,980000.0,105.0,3.0,4.0,1.0,9333.333333333334,XL,1096 AM,1096.0,109,oost,False,De Omval,AMSTERDAM,,2021.0,A+
3324,395000.0,43.0,1.0,2.0,0.0,9186.046511627907,XS,1072 EJ,1072.0,107,zuid,False,Hercules Seghersbuurt,AMSTERDAM,140.0,1905.0,D
3325,400000.0,75.0,3.0,4.0,0.0,5333.333333333333,M,1065 CN,1065.0,106,nieuw_west,False,Jacques Veldmanbuurt,AMSTERDAM,259.0,1958.0,D
3326,400000.0,45.0,1.0,2.0,0.0,8888.888888888889,XS,1011 KE,1011.0,101,centrum,False,Zuiderkerkbuurt,AMSTERDAM,165.0,1850.0,B
3327,500000.0,69.0,1.0,2.0,0.0,7246.376811594203,M,1013 RJ,1013.0,101,west,False,Spaarndammerbuurt-Noordoost,AMSTERDAM,162.6,1984.0,B
3328,610000.0,70.0,2.0,3.0,0.0,8714.285714285714,M,1096 DS,1096.0,109,oost,False,Weespertrekvaart,AMSTERDAM,,2021.0,N/A
3330,660000.0,75.0,2.0,3.0,1.0,8800.0,M,1095 AM,1095.0,109,oost,False,Makassarpleinbuurt,AMSTERDAM,0.0,2021.0,N/A
3331,600000.0,64.0,1.0,2.0,1.0,9375.0,S,1031 KN,1031.0,103,noord,False,Overhoeks,AMSTERDAM,,2025.0,N/A
3332,570000.0,59.0,1.0,3.0,1.0,9661.016949152543,S,1062 LE,1062.0,106,nieuw_west,False,Koningin Wilhelminaplein,AMSTERDAM,143.29,2025.0,A+
3334,842500.0,100.0,3.0,4.0,1.0,8425.0,L,1061 AV,1061.0,106,nieuw_west,False,Overtoomse Veld-Noord,AMSTERDAM,,2027.0,A+++
3335,5750000.0,374.0,3.0,9.0,1.0,15374.331550802139,XL,1016 DZ,1016.0,101,centrum,True,Felix Meritisbuurt,AMSTERDAM,,1740.0,N/A
3336,440000.0,46.0,1.0,2.0,0.0,9565.217391304348,XS,1096 DE,1096.0,109,oost,False,Weespertrekvaart,AMSTERDAM,137.95,2024.0,A++
3337,365000.0,58.0,1.0,2.0,1.0,6293.103448275862,S,1087 VA,1087.0,108,oost,False,Centrumeiland,AMSTERDAM,,2026.0,A++
3338,675000.0,100.0,2.0,3.0,0.0,6750.0,L,1095 MD,1095.0,109,oost,False,Sportheldenbuurt,AMSTERDAM,210.4,2020.0,A
3339,450000.0,56.0,1.0,2.0,0.0,8035.714285714285,S,1056 HH,1056.0,105,west,False,Trompbuurt,AMSTERDAM,127.0,1923.0,D
3341,498000.0,57.0,1.0,2.0,0.0,8736.842105263158,S,1054 WS,1054.0,105,west,False,Cremerbuurt-West,AMSTERDAM,150.0,1906.0,C
3342,475000.0,62.0,2.0,3.0,0.0,7661.290322580645,S,1057 ZJ,1057.0,105,west,False,Kortenaerkwartier,AMSTERDAM,64.0,,C
3343,600000.0,75.0,3.0,4.0,0.0,8000.0,M,1097 DM,1097.0,109,oost,False,Don Bosco,AMSTERDAM,125.0,1955.0,A
3345,1100000.0,100.0,2.0,4.0,0.0,11000.0,L,1016 DV,1016.0,101,centrum,True,Felix Meritisbuurt,AMSTERDAM,,1905.0,N/A
3346,550000.0,62.0,2.0,3.0,0.0,8870.967741935483,S,1091 BK,1091.0,109,oost,False,Oosterparkbuurt-Noordwest,AMSTERDAM,78.23,1911.0,A
3347,385000.0,50.0,1.0,2.0,1.0,7700.0,XS,1062 HE,1062.0,106,nieuw_west,False,Schipluidenbuurt,AMSTERDAM,,2026.0,A++++
3348,1050000.0,110.0,3.0,4.0,0.0,9545.454545454546,XL,1054 CW,1054.0,105,west,False,Vondelparkbuurt-Midden,AMSTERDAM,,1899.0,E
3351,700000.0,93.0,2.0,2.0,0.0,7526.881720430108,L,1012 XW,1012.0,101,centrum,False,Nieuwe Kerk e.o.,AMSTERDAM,156.0,1994.0,A
3352,697500.0,83.0,2.0,3.0,1.0,8403.614457831325,L,1061 AV,1061.0,106,nieuw_west,False,Overtoomse Veld-Noord,AMSTERDAM,,2027.0,A+++
3354,1050000.0,80.0,2.0,3.0,2.0,13125.0,L,1074 BJ,1074.0,107,zuid,False,Hemonybuurt,AMSTERDAM,,1882.0,A++
3355,950000.0,113.0,2.0,3.0,1.0,8407.079646017699,XL,1031 KG,1031.0,103,noord,False,Overhoeks,AMSTERDAM,228.28,,A
3356,595000.0,66.0,2.0,3.0,0.0,9015.151515151516,S,1018 CA,1018.0,101,centrum,False,Oostenburg,AMSTERDAM,,2021.0,A+++
3359,425000.0,50.0,1.0,2.0,0.0,8500.0,XS,1073 BM,1073.0,107,zuid,False,Sarphatiparkbuurt,AMSTERDAM,125.0,1891.0,B
3360,675000.0,78.0,2.0,3.0,0.0,8653.846153846154,M,1078 RD,1078.0,107,zuid,False,IJselbuurt-West,AMSTERDAM,180.0,1922.0,D
3362,420000.0,68.0,2.0,3.0,0.0,6176.470588235294,M,1013 RJ,1013.0,101,west,False,Spaarndammerbuurt-Noordoost,AMSTERDAM,129.94,1978.0,A
3363,405000.0,48.0,1.0,2.0,0.0,8437.5,XS,1094 GH,1094.0,109,oost,False,Timorpleinbuurt-Noord,AMSTERDAM,249.0,1912.0,C
3364,475000.0,70.0,1.0,3.0,0.0,6785.714285714285,M,1055 DS,1055.0,105,west,False,Landlust-Noord,AMSTERDAM,251.64,1934.0,C
3365,325000.0,68.0,2.0,3.0,0.0,4779.411764705882,M,1107 GP,1107.0,110,zuidoost,False,Reigersbos 2,AMSTERDAM,170.58,1982.0,B
3366,550000.0,87.0,3.0,4.0,1.0,6321.83908045977,L,1062 LC,1062.0,106,nieuw_west,False,Koningin Wilhelminaplein,AMSTERDAM,197.11,1993.0,A
3368,695000.0,106.0,2.0,3.0,1.0,6556.603773584906,XL,1019 BZ,1019.0,101,oost,False,Rietlanden,AMSTERDAM,379.29,1995.0,A
3369,1375000.0,136.0,3.0,6.0,1.0,10110.29411764706,XL,1077 EH,1077.0,107,zuid,False,Beethovenbuurt,AMSTERDAM,257.0,1929.0,C
3370,495000.0,81.0,2.0,3.0,0.0,6111.111111111111,L,1083 BW,1083.0,108,zuid,False,Buitenveldert-Zuidoost,AMSTERDAM,201.0,1968.0,C
3371,595000.0,84.0,2.0,5.0,0.0,7083.333333333333,L,1078 MC,1078.0,107,zuid,False,Scheldebuurt-Midden,AMSTERDAM,104.17,1929.0,F
3372,1500000.0,152.0,3.0,4.0,0.0,9868.421052631578,XL,1015 AC,1015.0,101,centrum,True,Langestraat e.o.,AMSTERDAM,288.19,1730.0,C
3373,775000.0,95.0,3.0,4.0,0.0,8157.894736842105,L,1051 KX,1051.0,105,west,False,Fannius Scholtenbuurt,AMSTERDAM,223.41,1902.0,A
3375,649463.0,97.0,2.0,3.0,1.0,6695.494845360825,L,1101 DA,1101.0,110,zuidoost,False,Amstel III deel A/B-Noord,AMSTERDAM,,2021.0,N/A
3376,296557.0,50.0,1.0,2.0,1.0,5931.14,XS,1032 KW,1032.0,103,noord,False,Klaprozenbuurt,AMSTERDAM,,2025.0,N/A
3377,475000.0,54.0,1.0,2.0,0.0,8796.296296296296,S,1016 TL,1016.0,101,centrum,True,Groenmarktkadebuurt,AMSTERDAM,113.0,1905.0,N/A
3378,300895.0,48.0,1.0,2.0,1.0,6268.645833333333,XS,1032 KW,1032.0,103,noord,False,Klaprozenbuurt,AMSTERDAM,,2025.0,N/A
3379,775000.0,82.0,2.0,3.0,0.0,9451.219512195123,L,1016 KP,1016.0,101,centrum,True,Bloemgrachtbuurt,AMSTERDAM,248.53,1929.0,N/A
3380,420000.0,51.0,2.0,3.0,0.0,8235.29411764706,S,1079 LD,1079.0,107,zuid,False,Kromme Mijdrechtbuurt,AMSTERDAM,254.0,1928.0,D
3381,795000.0,98.0,2.0,4.0,0.0,8112.244897959184,L,1078 SV,1078.0,107,zuid,False,IJselbuurt-Oost,AMSTERDAM,200.0,1922.0,E
3382,475000.0,51.0,2.0,3.0,0.0,9313.725490196079,S,1056 DS,1056.0,105,west,False,John Franklinbuurt,AMSTERDAM,125.87,1926.0,C
3383,350000.0,38.0,1.0,2.0,0.0,9210.526315789473,XS,1051 BX,1051.0,105,west,False,Westerstaatsman,AMSTERDAM,89.0,1911.0,D
3385,625000.0,80.0,1.0,2.0,1.0,7812.5,L,1016 RK,1016.0,101,centrum,True,Elandsgrachtbuurt,AMSTERDAM,,1905.0,D
3386,550000.0,56.0,2.0,3.0,0.0,9821.42857142857,S,1056 PN,1056.0,105,west,False,Robert Scottbuurt-Oost,AMSTERDAM,,1932.0,A
3387,480000.0,64.0,2.0,3.0,0.0,7500.0,S,1064 AB,1064.0,106,nieuw_west,False,Noordoever Sloterplas,AMSTERDAM,0.0,2024.0,N/A
3388,450000.0,100.0,2.0,3.0,0.0,4500.0,L,1069 LK,1069.0,106,nieuw_west,False,Zuidwestkwadrant-Noord,AMSTERDAM,145.91,2007.0,A+
3389,475000.0,87.0,2.0,3.0,1.0,5459.770114942528,L,1024 NB,1024.0,102,noord,False,Werengouw-Midden,AMSTERDAM,260.0,2013.0,A
3390,405000.0,44.0,1.0,2.0,0.0,9204.545454545454,XS,1079 XJ,1079.0,107,zuid,False,Rijnbuurt-West,AMSTERDAM,233.0,1938.0,D
3391,649000.0,67.0,2.0,3.0,1.5,9686.567164179105,M,1072 XT,1072.0,107,zuid,False,Frans Halsbuurt,AMSTERDAM,50.0,1905.0,A++
3392,283377.0,31.0,1.0,2.0,1.0,9141.193548387097,XS,1095 PA,1095.0,109,oost,False,Sluisbuurt,AMSTERDAM,,2025.0,N/A
3393,920000.0,91.0,2.0,3.0,1.0,10109.89010989011,L,1096 GV,1096.0,109,oost,False,Amstelkwartier-Noord,AMSTERDAM,,2022.0,A+++
3395,995000.0,118.0,3.0,5.0,0.0,8432.203389830509,XL,1079 DJ,1079.0,107,zuid,False,Rijnbuurt-Midden,AMSTERDAM,,1934.0,A+
3396,960000.0,97.0,2.0,3.0,1.0,9896.907216494845,L,1096 GV,1096.0,109,oost,False,Amstelkwartier-Noord,AMSTERDAM,,2021.0,A+++
3397,349000.0,40.0,1.0,2.0,0.0,8725.0,XS,1073 BK,1073.0,107,zuid,False,Sarphatiparkbuurt,AMSTERDAM,137.0,1905.0,C
3398,296557.0,50.0,1.0,2.0,1.0,5931.14,XS,1032 KW,1032.0,103,noord,False,Klaprozenbuurt,AMSTERDAM,,2025.0,N/A
3399,719325.0,109.0,3.0,4.0,1.0,6599.311926605505,XL,1101 DA,1101.0,110,zuidoost,False,Amstel III deel A/B-Noord,AMSTERDAM,,2022.0,N/A
3400,395000.0,48.0,2.0,3.0,0.0,8229.166666666666,XS,1055 CV,1055.0,105,west,False,Erasmusparkbuurt-West,AMSTERDAM,119.0,1940.0,G
3401,515000.0,50.0,1.0,2.0,0.0,10300.0,XS,1018 CA,1018.0,101,centrum,False,Oostenburg,AMSTERDAM,0.0,2021.0,A+++
3402,465000.0,50.0,2.0,3.0,1.0,9300.0,XS,1058 KS,1058.0,105,west,False,Westlandgrachtbuurt,AMSTERDAM,50.0,1931.0,C
3404,300000.0,28.0,1.0,2.0,0.0,10714.285714285714,XS,1015 SE,1015.0,101,centrum,True,Anjeliersbuurt-Zuid,AMSTERDAM,60.17,1934.0,C
3405,545000.0,68.0,1.0,2.0,1.0,8014.705882352941,M,1051 MG,1051.0,105,west,False,Buyskade e.o.,AMSTERDAM,137.0,2003.0,A
3406,960000.0,111.0,3.0,4.0,1.0,8648.648648648648,XL,1061 AV,1061.0,106,nieuw_west,False,Overtoomse Veld-Noord,AMSTERDAM,,2027.0,A+++
3407,325000.0,35.0,1.0,2.0,0.0,9285.714285714286,XS,1052 NE,1052.0,105,west,False,Da Costabuurt-Noord,AMSTERDAM,60.0,1906.0,C
3409,281375.0,57.0,1.0,2.0,1.0,4936.403508771929,S,1032 KW,1032.0,103,noord,False,Klaprozenbuurt,AMSTERDAM,,2025.0,N/A
3410,195000.0,30.0,1.0,1.0,0.0,6500.0,XS,1102 XT,1102.0,110,zuidoost,False,Venserpolder-Oost,AMSTERDAM,98.54,1984.0,C
3411,350000.0,75.0,2.0,4.0,1.0,4666.666666666667,M,1108 BH,1108.0,110,zuidoost,False,L-buurt,AMSTERDAM,304.13,1980.0,A
3412,775000.0,114.0,3.0,4.0,0.0,6798.245614035088,XL,1077 SZ,1077.0,107,zuid,False,Minervabuurt-Midden,AMSTERDAM,253.11,1939.0,E
3413,400000.0,54.0,1.0,2.0,0.0,7407.407407407408,S,1053 AC,1053.0,105,west,False,Da Costabuurt-Noord,AMSTERDAM,149.1,1902.0,F
3414,860000.0,105.0,2.0,3.0,1.0,8190.476190476191,XL,1031 KD,1031.0,103,noord,False,Overhoeks,AMSTERDAM,267.02,2012.0,A++
3416,575000.0,68.0,2.0,3.0,0.0,8455.882352941177,M,1058 SG,1058.0,105,west,False,Westlandgrachtbuurt,AMSTERDAM,192.52,1934.0,D
3417,975000.0,104.0,3.0,4.0,1.0,9375.0,XL,1096 AM,1096.0,109,oost,False,De Omval,AMSTERDAM,,2021.0,A+
3418,283377.0,30.0,1.0,2.0,1.0,9445.9,XS,1095 PA,1095.0,109,oost,False,Sluisbuurt,AMSTERDAM,,2025.0,N/A
3421,350000.0,46.0,1.0,2.0,0.0,7608.695652173913,XS,1017 CX,1017.0,101,centrum,True,Rembrandtplein e.o.,AMSTERDAM,210.0,1929.0,B
3422,550000.0,121.0,3.0,4.0,1.0,4545.454545454545,XL,1069 SC,1069.0,106,nieuw_west,False,Zuidwestkwadrant-Zuid,AMSTERDAM,173.8,,A
3423,295000.0,27.0,1.0,1.0,1.0,10925.925925925925,XS,1019 AT,1019.0,101,oost,False,Cruquiusbuurt,AMSTERDAM,104.0,2023.0,A+
3424,1150000.0,136.0,2.0,3.0,0.0,8455.882352941177,XL,1016 AA,1016.0,101,centrum,True,Leliegracht e.o.,AMSTERDAM,250.62,1730.0,C
3425,690000.0,79.0,2.0,3.0,0.0,8734.177215189873,M,1091 BG,1091.0,109,oost,False,Oosterparkbuurt-Noordwest,AMSTERDAM,,1903.0,C
3426,849000.0,94.0,3.0,4.0,1.0,9031.91489361702,L,1031 KN,1031.0,103,noord,False,Overhoeks,AMSTERDAM,,2025.0,A+
3427,1400000.0,157.0,4.0,6.0,0.0,8917.197452229299,XL,1071 VS,1071.0,107,zuid,False,Duivelseiland,AMSTERDAM,,1905.0,A
3428,500000.0,54.0,1.0,2.0,0.0,9259.25925925926,S,1018 BB,1018.0,101,centrum,False,Kadijken,AMSTERDAM,165.0,1984.0,B
3430,300000.0,25.0,1.0,2.0,0.0,12000.0,XS,1095 ER,1095.0,109,oost,False,Sumatraplantsoenbuurt,AMSTERDAM,80.0,1924.0,C
3432,465000.0,58.0,1.0,2.0,0.0,8017.241379310345,S,1055 HT,1055.0,105,west,False,Bosleeuw,AMSTERDAM,,1941.0,E
3434,458250.0,98.0,3.0,4.0,1.0,4676.0204081632655,L,1103 AM,1103.0,110,zuidoost,False,E-buurt,AMSTERDAM,,2026.0,N/A
3435,450000.0,49.0,1.0,2.0,0.0,9183.673469387755,XS,1092 CK,1092.0,109,oost,False,Oosterparkbuurt-Zuidoost,AMSTERDAM,,1905.0,C
3436,575000.0,75.0,3.0,4.0,0.0,7666.666666666667,M,1055 NS,1055.0,105,west,False,Gibraltarbuurt,AMSTERDAM,229.66,1936.0,C
3438,385000.0,56.0,2.0,3.0,0.0,6875.0,S,1055 RN,1055.0,105,west,False,Landlust-Noord,AMSTERDAM,116.82,1934.0,F
3440,875000.0,97.0,3.0,4.0,0.0,9020.61855670103,L,1079 NM,1079.0,107,zuid,False,Rijnbuurt-Midden,AMSTERDAM,140.0,1934.0,D
3441,632500.0,70.0,2.0,3.0,0.0,9035.714285714286,M,1096 DS,1096.0,109,oost,False,Weespertrekvaart,AMSTERDAM,,2024.0,N/A
3442,835000.0,80.0,2.0,4.0,0.0,10437.5,L,1015 RX,1015.0,101,centrum,True,Anjeliersbuurt-Zuid,AMSTERDAM,138.0,1928.0,D
3443,465000.0,93.0,3.0,4.0,0.0,5000.0,L,1025 KB,1025.0,102,noord,False,Plan van Gool,AMSTERDAM,170.97,1970.0,B
3444,750000.0,97.0,2.0,3.0,0.0,7731.958762886598,L,1015 MT,1015.0,101,centrum,True,Anjeliersbuurt-Noord,AMSTERDAM,300.0,1905.0,G
3445,725000.0,98.0,2.0,3.0,0.0,7397.959183673469,L,1053 ZJ,1053.0,105,west,False,Da Costabuurt-Zuid,AMSTERDAM,198.27,1883.0,A
3446,1500000.0,183.0,3.0,5.0,0.0,8196.72131147541,XL,1072 AG,1072.0,107,zuid,False,Frans Halsbuurt,AMSTERDAM,,1875.0,D
3447,495000.0,47.0,2.0,3.0,0.0,10531.91489361702,XS,1018 VJ,1018.0,101,centrum,False,Weesperbuurt,AMSTERDAM,135.0,1905.0,D
3449,995000.0,129.0,2.0,3.0,1.0,7713.178294573643,XL,1014 ZL,1014.0,101,west,False,Houthavens-West,AMSTERDAM,253.0,2020.0,A
3452,1135000.0,120.0,2.0,3.0,1.0,9458.333333333334,XL,1033 RD,1033.0,103,noord,False,NDSM terrein,AMSTERDAM,210.84,2020.0,A
3453,1595000.0,199.0,3.0,4.0,1.0,8015.075376884422,XL,1082 MC,1082.0,108,zuid,False,Zuidas-Zuid,AMSTERDAM,984.46,2008.0,A+
3454,900000.0,107.0,3.0,6.0,0.0,8411.214953271028,XL,1078 HT,1078.0,107,zuid,False,Wielingenbuurt,AMSTERDAM,202.79,1929.0,D
3455,470000.0,73.0,2.0,3.0,1.0,6438.356164383562,M,1087 VA,1087.0,108,oost,False,Centrumeiland,AMSTERDAM,,2026.0,A++
3456,950000.0,108.0,5.0,5.0,0.0,8796.296296296296,XL,1053 KS,1053.0,105,west,False,Da Costabuurt-Zuid,AMSTERDAM,,1905.0,C
3457,285000.0,41.0,1.0,2.0,0.0,6951.219512195122,XS,1069 RA,1069.0,106,nieuw_west,False,Zuidwestkwadrant-Zuid,AMSTERDAM,93.0,1983.0,C
3458,645000.0,65.0,1.0,2.0,1.0,9923.076923076924,S,1083 HH,1083.0,108,zuid,False,De Klenckebuurt,AMSTERDAM,158.84,2017.0,A
3460,545000.0,81.0,2.0,3.0,1.0,6728.395061728395,L,1101 DA,1101.0,110,zuidoost,False,Amstel III deel A/B-Noord,AMSTERDAM,,2022.0,N/A
3461,345000.0,54.0,1.0,1.0,1.0,6388.888888888889,S,1102 DR,1102.0,110,zuidoost,False,Amsterdamse Poort,AMSTERDAM,,2025.0,A++
3462,415000.0,49.0,2.0,3.0,0.0,8469.387755102041,XS,1055 KM,1055.0,105,west,False,Bosleeuw,AMSTERDAM,161.67,1950.0,E
3463,400000.0,56.0,1.0,2.0,0.0,7142.857142857143,S,1051 XC,1051.0,105,west,False,Staatsliedenbuurt-Noordoost,AMSTERDAM,165.95,1980.0,C
3464,690000.0,74.0,1.0,3.0,0.0,9324.324324324325,M,1018 CA,1018.0,101,centrum,False,Oostenburg,AMSTERDAM,0.0,2021.0,A+++
3465,519000.0,58.0,2.0,3.0,1.0,8948.275862068966,S,1079 HD,1079.0,107,zuid,False,Rijnbuurt-Oost,AMSTERDAM,150.0,1935.0,B
3466,395000.0,45.0,1.0,2.0,1.0,8777.777777777777,XS,1093 EE,1093.0,109,oost,False,Dapperbuurt-Noord,AMSTERDAM,,,C
3467,645000.0,104.0,3.0,4.0,1.0,6201.923076923077,XL,1025 WK,1025.0,102,noord,False,Elzenhagen-Zuid,AMSTERDAM,,2027.0,A+++
3469,900000.0,121.0,2.0,3.0,0.0,7438.01652892562,XL,1074 CG,1074.0,107,zuid,False,Hemonybuurt,AMSTERDAM,,1884.0,A
3470,335000.0,88.0,3.0,4.0,1.0,3806.818181818182,L,1108 EM,1108.0,110,zuidoost,False,L-buurt,AMSTERDAM,,1979.0,B
3472,395000.0,51.0,1.0,2.0,0.0,7745.098039215686,S,1079 NN,1079.0,107,zuid,False,Rijnbuurt-Midden,AMSTERDAM,75.0,1935.0,D
3473,450000.0,46.0,2.0,3.0,0.0,9782.608695652174,XS,1056 JV,1056.0,105,west,False,Geuzenhofbuurt,AMSTERDAM,138.0,1934.0,N/A
3474,695000.0,75.0,1.0,3.0,0.0,9266.666666666666,M,1018 CA,1018.0,101,centrum,False,Oostenburg,AMSTERDAM,0.0,2021.0,A+++
3475,475000.0,57.0,1.0,2.0,0.0,8333.333333333334,S,1056 SR,1056.0,105,west,False,John Franklinbuurt,AMSTERDAM,213.0,1925.0,B
3476,325000.0,71.0,2.0,3.0,0.0,4577.4647887323945,M,1104 PE,1104.0,110,zuidoost,False,Kortvoort,AMSTERDAM,172.31,1984.0,B
3477,1495000.0,167.0,2.0,3.0,1.0,8952.095808383234,XL,1082 KT,1082.0,108,zuid,False,Gelderlandpleinbuurt,AMSTERDAM,606.6,2008.0,A+
3478,700000.0,73.0,2.0,3.0,0.0,9589.04109589041,M,1093 GB,1093.0,109,oost,False,Dapperbuurt-Noord,AMSTERDAM,120.0,1997.0,A
3479,650000.0,89.0,2.0,3.0,1.0,7303.3707865168535,L,1095 MA,1095.0,109,oost,False,Sportheldenbuurt,AMSTERDAM,206.9,2019.0,A
3480,395000.0,50.0,1.0,2.0,1.0,7900.0,XS,1062 HE,1062.0,106,nieuw_west,False,Schipluidenbuurt,AMSTERDAM,,2026.0,A++++
3481,416500.0,56.0,1.0,2.0,1.0,7437.5,S,1101 BA,1101.0,110,zuidoost,False,Amstel III deel A/B-Noord,AMSTERDAM,0.0,2024.0,N/A
3482,890000.0,74.0,2.0,3.0,0.0,12027.027027027027,M,1018 EZ,1018.0,101,centrum,False,Sarphatistrook,AMSTERDAM,,1806.0,A+
3483,375000.0,48.0,1.0,2.0,1.0,7812.5,XS,1068 TD,1068.0,106,nieuw_west,False,Osdorpplein e.o.,AMSTERDAM,,2022.0,A+
3484,660000.0,69.0,1.0,2.0,0.0,9565.217391304348,M,1018 CA,1018.0,101,centrum,False,Oostenburg,AMSTERDAM,,2021.0,A+++
3486,430000.0,43.0,1.0,2.0,0.0,10000.0,XS,1015 JP,1015.0,101,centrum,True,Driehoekbuurt,AMSTERDAM,118.0,1900.0,B
3487,435000.0,54.0,2.0,3.0,0.0,8055.555555555556,S,1056 KP,1056.0,105,west,False,Geuzenhofbuurt,AMSTERDAM,133.68,1936.0,C
3490,575000.0,86.0,2.0,3.0,1.0,6686.046511627907,L,1061 XZ,1061.0,106,nieuw_west,False,Overtoomse Veld-Noord,AMSTERDAM,173.02,2008.0,A
3493,750000.0,104.0,3.0,5.0,0.0,7211.538461538462,XL,1098 AT,1098.0,109,oost,False,Middenmeer-Zuid,AMSTERDAM,217.22,1940.0,D
3494,625000.0,73.0,3.0,4.0,0.0,8561.643835616438,M,1056 HM,1056.0,105,west,False,Trompbuurt,AMSTERDAM,40.0,,A
3495,777200.0,166.0,4.0,5.0,1.0,4681.9277108433735,XL,1103 AM,1103.0,110,zuidoost,False,E-buurt,AMSTERDAM,,2026.0,N/A
3496,599000.0,96.0,2.0,3.0,1.0,6239.583333333333,L,1025 WK,1025.0,102,noord,False,Elzenhagen-Zuid,AMSTERDAM,,2027.0,A+++
3497,475000.0,47.0,1.0,2.0,0.0,10106.382978723404,XS,1053 ML,1053.0,105,west,False,Da Costabuurt-Zuid,AMSTERDAM,123.0,1887.0,A
3498,1035000.0,112.0,3.0,4.0,1.0,9241.07142857143,XL,1031 KN,1031.0,103,noord,False,Overhoeks,AMSTERDAM,,2025.0,A+
3499,395000.0,50.0,1.0,2.0,1.0,7900.0,XS,1062 HE,1062.0,106,nieuw_west,False,Schipluidenbuurt,AMSTERDAM,,2026.0,A++++
3500,450000.0,86.0,3.0,4.0,0.0,5232.558139534884,L,1068 EN,1068.0,106,nieuw_west,False,Osdorpplein e.o.,AMSTERDAM,217.0,1999.0,A
3501,325000.0,33.0,1.0,2.0,1.0,9848.484848484848,XS,1082 JE,1082.0,108,zuid,False,Buitenveldert-Zuid-Midden,AMSTERDAM,110.0,1964.0,D
3502,1550000.0,132.0,1.0,3.0,1.0,11742.424242424242,XL,1022 AB,1022.0,102,noord,False,Vliegenbos,AMSTERDAM,,2024.0,A+++
3503,675000.0,62.0,2.0,3.0,0.0,10887.09677419355,S,1054 DM,1054.0,105,west,False,WG-terrein,AMSTERDAM,,1886.0,B
3504,675000.0,88.0,1.0,1.0,0.0,7670.454545454545,L,1052 BH,1052.0,105,west,False,De Wittenbuurt-Noord,AMSTERDAM,100.0,1882.0,C
3506,767000.0,77.0,2.0,3.0,1.0,9961.038961038961,M,1018 ED,1018.0,101,centrum,False,Weesperbuurt,AMSTERDAM,364.06,1854.0,A
3508,525000.0,59.0,2.0,3.0,0.0,8898.305084745763,S,1094 HG,1094.0,109,oost,False,Timorpleinbuurt-Zuid,AMSTERDAM,35.0,1902.0,C
3510,400000.0,65.0,2.0,3.0,1.0,6153.846153846154,S,1083 XG,1083.0,108,zuid,False,Buitenveldert-Oost-Midden,AMSTERDAM,187.0,1963.0,C
3511,335779.0,40.0,1.0,2.0,0.0,8394.475,XS,1064 AB,1064.0,106,nieuw_west,False,Noordoever Sloterplas,AMSTERDAM,,2027.0,A++
3512,795000.0,74.0,2.0,3.0,1.0,10743.243243243243,M,1096 AM,1096.0,109,oost,False,De Omval,AMSTERDAM,,2021.0,A+
3513,450000.0,57.0,1.0,2.0,0.0,7894.736842105263,S,1018 ZM,1018.0,101,centrum,False,Kadijken,AMSTERDAM,197.0,1988.0,C
3514,375000.0,41.0,1.0,2.0,0.0,9146.341463414634,XS,1093 XA,1093.0,109,oost,False,Dapperbuurt-Zuid,AMSTERDAM,100.0,1893.0,B
3515,395000.0,50.0,1.0,2.0,1.0,7900.0,XS,1062 HE,1062.0,106,nieuw_west,False,Schipluidenbuurt,AMSTERDAM,,2026.0,A++++
3517,550000.0,64.0,1.0,2.0,0.0,8593.75,S,1058 SX,1058.0,105,west,False,Westlandgrachtbuurt,AMSTERDAM,145.68,1936.0,C
3518,2995000.0,269.0,6.0,7.0,1.0,11133.828996282527,XL,1077 LD,1077.0,107,zuid,False,Minervabuurt-Noord,AMSTERDAM,,1930.0,E
3519,651000.0,74.0,2.0,3.0,1.0,8797.297297297297,M,1095 AM,1095.0,109,oost,False,Makassarpleinbuurt,AMSTERDAM,0.0,2021.0,N/A
3520,450000.0,64.0,1.0,2.0,1.0,7031.25,S,1081 EC,1081.0,108,zuid,False,Buitenveldert-Zuidwest,AMSTERDAM,259.74,1969.0,C
3521,320000.0,72.0,1.0,2.0,0.0,4444.444444444444,M,1106 VW,1106.0,110,zuidoost,False,Holendrecht-Zuid,AMSTERDAM,237.0,1976.0,A+
3523,500000.0,55.0,2.0,3.0,0.0,9090.90909090909,S,1092 TW,1092.0,109,oost,False,Oosterparkbuurt-Zuidoost,AMSTERDAM,250.35,1905.0,B
3524,775000.0,95.0,3.0,4.0,1.0,8157.894736842105,L,1013 BZ,1013.0,101,west,False,Spaarndammerbuurt-Zuidoost,AMSTERDAM,220.64,2007.0,A
3525,375000.0,54.0,2.0,3.0,0.0,6944.444444444444,S,1058 DG,1058.0,105,west,False,Paramariboplein e.o.,AMSTERDAM,60.0,1930.0,B
3526,507000.0,79.0,2.0,3.0,1.0,6417.721518987341,M,1101 DA,1101.0,110,zuidoost,False,Amstel III deel A/B-Noord,AMSTERDAM,,2022.0,N/A
3527,475000.0,58.0,2.0,3.0,0.0,8189.6551724137935,S,1057 CW,1057.0,105,west,False,Orteliusbuurt-Midden,AMSTERDAM,135.88,1924.0,D
3528,275000.0,24.0,1.0,1.0,1.0,11458.333333333334,XS,1013 VP,1013.0,101,west,False,Spaarndammerbuurt-Zuidwest,AMSTERDAM,55.0,1919.0,B
3529,690863.0,102.0,2.0,3.0,1.0,6773.166666666667,L,1101 DA,1101.0,110,zuidoost,False,Amstel III deel A/B-Noord,AMSTERDAM,,2021.0,N/A
3530,425000.0,49.0,2.0,3.0,0.0,8673.469387755102,XS,1055 ER,1055.0,105,west,False,Bosleeuw,AMSTERDAM,121.0,1940.0,D
3533,375000.0,52.0,1.0,2.0,0.0,7211.538461538462,S,1097 XZ,1097.0,109,oost,False,Betondorp,AMSTERDAM,221.37,1924.0,D
3534,345000.0,82.0,3.0,4.0,0.0,4207.317073170731,L,1107 CD,1107.0,110,zuidoost,False,Gein 4,AMSTERDAM,240.95,1985.0,A
3536,525000.0,54.0,1.0,3.0,0.0,9722.222222222223,S,1055 TM,1055.0,105,west,False,Landlust-Zuid,AMSTERDAM,,1925.0,C
3537,799000.0,100.0,2.0,3.0,1.0,7990.0,L,1043 NV,1043.0,104,nieuw_west,False,Sloterdijk Stationskwartier,AMSTERDAM,290.0,2019.0,A++
3538,495000.0,66.0,1.0,2.0,0.0,7500.0,S,1073 LL,1073.0,107,zuid,False,Sarphatiparkbuurt,AMSTERDAM,122.0,1883.0,A
3539,654637.0,97.0,3.0,4.0,1.0,6748.835051546392,L,1101 DA,1101.0,110,zuidoost,False,Amstel III deel A/B-Noord,AMSTERDAM,,2021.0,N/A
3540,885000.0,99.0,3.0,4.0,0.0,8939.39393939394,L,1061 AV,1061.0,106,nieuw_west,False,Overtoomse Veld-Noord,AMSTERDAM,,2027.0,A+++
3541,427840.0,58.0,1.0,2.0,1.0,7376.551724137931,S,1024 SP,1024.0,102,noord,False,Werengouw-Midden,AMSTERDAM,,2024.0,A+++
3542,1650000.0,149.0,3.0,7.0,0.0,11073.825503355705,XL,1016 DV,1016.0,101,centrum,True,Felix Meritisbuurt,AMSTERDAM,,1700.0,N/A
3544,469000.0,59.0,2.0,3.0,0.0,7949.152542372882,S,1082 XE,1082.0,108,zuid,False,Gelderlandpleinbuurt,AMSTERDAM,186.34,1963.0,D
3545,1575000.0,178.0,4.0,6.0,0.0,8848.314606741573,XL,1014 ZJ,1014.0,101,west,False,Houthavens-West,AMSTERDAM,294.67,2018.0,A+
3547,525000.0,73.0,2.0,3.0,0.0,7191.780821917808,M,1094 PR,1094.0,109,oost,False,Ambonpleinbuurt,AMSTERDAM,179.95,1984.0,C
3549,875000.0,87.0,3.0,4.0,0.0,10057.471264367816,L,1018 CA,1018.0,101,centrum,False,Oostenburg,AMSTERDAM,,2021.0,A+++
3550,445000.0,55.0,1.0,2.0,0.0,8090.909090909091,S,1053 WR,1053.0,105,west,False,Da Costabuurt-Noord,AMSTERDAM,60.0,1899.0,C
3551,283377.0,31.0,1.0,2.0,1.0,9141.193548387097,XS,1095 PA,1095.0,109,oost,False,Sluisbuurt,AMSTERDAM,,2025.0,N/A
3553,950000.0,84.0,1.0,2.0,1.0,11309.52380952381,L,1018 BZ,1018.0,101,centrum,False,Plantage,AMSTERDAM,205.0,2000.0,A
3554,825000.0,113.0,3.0,4.0,1.0,7300.884955752213,XL,1055 SC,1055.0,105,west,False,Robert Scottbuurt-West,AMSTERDAM,127.14,2009.0,A+
3555,2200000.0,223.0,2.0,6.0,0.0,9865.470852017937,XL,1016 BW,1016.0,101,centrum,True,Felix Meritisbuurt,AMSTERDAM,,1905.0,N/A
3556,585000.0,77.0,3.0,4.0,0.0,7597.402597402597,M,1091 KX,1091.0,109,oost,False,Transvaalbuurt-West,AMSTERDAM,221.0,1996.0,B
3557,425000.0,81.0,2.0,3.0,0.0,5246.913580246914,L,1069 PV,1069.0,106,nieuw_west,False,Middelveldsche Akerpolder,AMSTERDAM,223.29,1990.0,B
3558,700000.0,133.0,4.0,5.0,0.0,5263.1578947368425,XL,1069 GA,1069.0,106,nieuw_west,False,Botteskerkbuurt,AMSTERDAM,139.0,2006.0,A
3559,283377.0,31.0,1.0,2.0,1.0,9141.193548387097,XS,1095 PA,1095.0,109,oost,False,Sluisbuurt,AMSTERDAM,,2025.0,N/A
3561,445000.0,60.0,2.0,3.0,0.0,7416.666666666667,S,1055 LC,1055.0,105,west,False,Bosleeuw,AMSTERDAM,242.0,1950.0,B
3563,525000.0,87.0,2.0,3.0,1.0,6034.482758620689,L,1082 HX,1082.0,108,zuid,False,Buitenveldert-Zuid-Midden,AMSTERDAM,336.75,1965.0,C
3565,825000.0,85.0,2.0,3.0,0.0,9705.882352941177,L,1058 HJ,1058.0,105,west,False,Legmeerpleinbuurt,AMSTERDAM,,1908.0,D
3566,795000.0,95.0,2.0,3.0,1.0,8368.421052631578,L,1015 GJ,1015.0,101,centrum,True,Driehoekbuurt,AMSTERDAM,300.0,1919.0,N/A
3568,775000.0,105.0,2.0,3.0,0.0,7380.952380952381,XL,1073 VC,1073.0,107,zuid,False,Van der Helstpleinbuurt,AMSTERDAM,161.44,1938.0,C
3569,425000.0,59.0,1.0,2.0,0.0,7203.389830508475,S,1091 VG,1091.0,109,oost,False,Oosterparkbuurt-Zuidwest,AMSTERDAM,99.0,1954.0,C
3570,650000.0,89.0,2.0,3.0,1.0,7303.3707865168535,L,1019 NA,1019.0,101,oost,False,KNSM-eiland,AMSTERDAM,,1994.0,A
3571,510000.0,64.0,1.0,2.0,0.0,7968.75,S,1094 BG,1094.0,109,oost,False,Timorpleinbuurt-Noord,AMSTERDAM,,1913.0,A
3572,531000.0,81.0,2.0,3.0,1.0,6555.555555555556,L,1101 DA,1101.0,110,zuidoost,False,Amstel III deel A/B-Noord,AMSTERDAM,,2022.0,N/A
3573,415000.0,88.0,1.0,2.0,0.0,4715.909090909091,L,1060 NJ,1060.0,106,nieuw_west,False,De Aker-West,AMSTERDAM,240.0,1997.0,A
3574,467500.0,74.0,2.0,3.0,0.0,6317.5675675675675,M,1102 AK,1102.0,110,zuidoost,False,D-buurt,AMSTERDAM,,2021.0,A++
3575,350000.0,30.0,1.0,2.0,0.0,11666.666666666666,XS,1016 TN,1016.0,101,centrum,True,Elandsgrachtbuurt,AMSTERDAM,94.04,1851.0,C
3576,575000.0,117.0,3.0,4.0,1.0,4914.529914529914,XL,1069 DA,1069.0,106,nieuw_west,False,Zuidwestkwadrant-Noord,AMSTERDAM,329.4,2004.0,A
3577,350000.0,33.0,1.0,2.0,0.0,10606.060606060606,XS,1073 GL,1073.0,107,zuid,False,Van der Helstpleinbuurt,AMSTERDAM,93.0,1900.0,D
3578,455000.0,50.0,1.0,2.0,0.0,9100.0,XS,1018 CA,1018.0,101,centrum,False,Oostenburg,AMSTERDAM,0.0,2021.0,A+++
3579,660000.0,68.0,1.0,2.0,1.0,9705.882352941177,M,1031 HX,1031.0,103,noord,False,Buiksloterham-Zuid,AMSTERDAM,,2021.0,A+++
3580,310000.0,36.0,1.0,2.0,1.0,8611.111111111111,XS,1082 JB,1082.0,108,zuid,False,Buitenveldert-Zuid-Midden,AMSTERDAM,275.0,1964.0,E
3581,358000.0,47.0,1.0,3.0,0.0,7617.021276595745,XS,1033 SM,1033.0,103,noord,False,NDSM terrein,AMSTERDAM,,2021.0,A++
3582,550000.0,54.0,2.0,3.0,0.0,10185.185185185184,S,1053 TN,1053.0,105,west,False,Bellamybuurt-Noord,AMSTERDAM,120.0,1912.0,B
3583,500000.0,51.0,2.0,3.0,0.0,9803.921568627451,S,1092 AS,1092.0,109,oost,False,Oosterparkbuurt-Zuidoost,AMSTERDAM,,1889.0,A+
3584,325000.0,56.0,2.0,3.0,0.0,5803.571428571428,S,1052 GX,1052.0,105,west,False,Frederik Hendrikbuurt-Noord,AMSTERDAM,135.0,1922.0,F
3586,495000.0,57.0,1.0,2.0,1.0,8684.21052631579,S,1018 VV,1018.0,101,centrum,False,Weesperbuurt,AMSTERDAM,126.08,1891.0,N/A
3587,400000.0,51.0,2.0,3.0,0.0,7843.137254901961,S,1095 JK,1095.0,109,oost,False,Sumatraplantsoenbuurt,AMSTERDAM,,1916.0,C
3589,495000.0,58.0,2.0,3.0,0.0,8534.48275862069,S,1015 RT,1015.0,101,centrum,True,Anjeliersbuurt-Zuid,AMSTERDAM,200.0,1981.0,B
3590,875000.0,73.0,1.0,,0.0,11986.301369863013,M,1017 LC,1017.0,101,centrum,True,Weteringbuurt,AMSTERDAM,,,N/A
3591,390000.0,50.0,1.0,2.0,1.0,7800.0,XS,1062 HE,1062.0,106,nieuw_west,False,Schipluidenbuurt,AMSTERDAM,,2026.0,A++++
3592,575000.0,85.0,2.0,3.0,0.0,6764.705882352941,L,1051 XD,1051.0,105,west,False,Staatsliedenbuurt-Noordoost,AMSTERDAM,262.4,1975.0,A
3593,395000.0,40.0,1.0,2.0,0.0,9875.0,XS,1018 CA,1018.0,101,centrum,False,Oostenburg,AMSTERDAM,,2021.0,A+++
3594,975000.0,132.0,2.0,3.0,0.0,7386.363636363636,XL,1016 VS,1016.0,101,centrum,True,Elandsgrachtbuurt,AMSTERDAM,,1600.0,N/A
3596,495000.0,60.0,2.0,3.0,0.0,8250.0,S,1056 VD,1056.0,105,west,False,Pieter van der Doesbuurt,AMSTERDAM,80.0,1932.0,A
3598,375000.0,42.0,1.0,2.0,0.0,8928.57142857143,XS,1053 NZ,1053.0,105,west,False,Lootsbuurt,AMSTERDAM,,,F
3599,675000.0,79.0,2.0,3.0,0.0,8544.303797468354,M,1056 DA,1056.0,105,west,False,Jan Maijenbuurt,AMSTERDAM,179.19,1927.0,B
3600,350000.0,93.0,3.0,4.0,1.0,3763.440860215054,L,1102 EA,1102.0,110,zuidoost,False,Rechte H-buurt,AMSTERDAM,416.28,1969.0,B
3601,490000.0,69.0,3.0,4.0,0.0,7101.449275362319,M,1024 KV,1024.0,102,noord,False,Markengouw-Zuid,AMSTERDAM,,2026.0,N/A
3602,702500.0,83.0,2.0,3.0,0.0,8463.855421686747,L,1061 AV,1061.0,106,nieuw_west,False,Overtoomse Veld-Noord,AMSTERDAM,,2027.0,A+++
3603,795000.0,83.0,1.0,2.0,0.0,9578.313253012047,L,1017 DS,1017.0,101,centrum,True,Vijzelstraatbuurt,AMSTERDAM,170.0,1906.0,N/A
3604,1050000.0,104.0,3.0,4.0,1.0,10096.153846153846,XL,1096 AM,1096.0,109,oost,False,De Omval,AMSTERDAM,,2021.0,A+
3606,975000.0,120.0,2.0,4.0,0.0,8125.0,XL,1016 HS,1016.0,101,centrum,True,Leidsegracht-Noord,AMSTERDAM,82.82,1761.0,N/A
3607,570000.0,59.0,1.0,2.0,1.0,9661.016949152543,S,1031 KN,1031.0,103,noord,False,Overhoeks,AMSTERDAM,,2025.0,N/A
3608,470000.0,95.0,2.0,3.0,1.0,4947.368421052632,L,1069 GA,1069.0,106,nieuw_west,False,Botteskerkbuurt,AMSTERDAM,234.82,2006.0,A
3610,483000.0,71.0,2.0,3.0,1.0,6802.816901408451,M,1101 DA,1101.0,110,zuidoost,False,Amstel III deel A/B-Noord,AMSTERDAM,,2022.0,N/A
3611,720000.0,74.0,2.0,3.0,0.0,9729.72972972973,M,1072 CD,1072.0,107,zuid,False,Frans Halsbuurt,AMSTERDAM,127.5,1876.0,A
3612,600000.0,105.0,2.0,3.0,1.0,5714.285714285715,XL,1066 AZ,1066.0,106,nieuw_west,False,Staalmanbuurt,AMSTERDAM,158.0,2010.0,A+
3613,415000.0,50.0,1.0,2.0,0.0,8300.0,XS,1051 VL,1051.0,105,west,False,Fannius Scholtenbuurt,AMSTERDAM,125.53,1905.0,C
3614,700000.0,109.0,1.0,2.0,0.0,6422.018348623853,XL,1012 TD,1012.0,101,centrum,False,Spuistraat-Noord,AMSTERDAM,500.0,1920.0,C
3615,760000.0,108.0,3.0,5.0,0.0,7037.037037037037,XL,1098 NJ,1098.0,109,oost,False,Middenmeer-Zuid,AMSTERDAM,150.0,1936.0,C
3616,405000.0,58.0,2.0,3.0,0.0,6982.758620689655,S,1024 KV,1024.0,102,noord,False,Markengouw-Zuid,AMSTERDAM,,2026.0,N/A
3617,699000.0,108.0,3.0,4.0,1.0,6472.222222222223,XL,1028 BT,1028.0,102,noord,False,Ransdorp,AMSTERDAM,,2017.0,A+
3618,360000.0,56.0,2.0,3.0,0.0,6428.571428571428,S,1065 TP,1065.0,106,nieuw_west,False,Jacques Veldmanbuurt,AMSTERDAM,164.72,1956.0,D
3620,230000.0,23.0,1.0,1.0,1.0,10000.0,XS,1083 CN,1083.0,108,zuid,False,Buitenveldert-Zuidoost,AMSTERDAM,84.63,1977.0,D
3621,1450000.0,162.0,3.0,4.0,0.0,8950.617283950618,XL,1073 CJ,1073.0,107,zuid,False,Sarphatiparkbuurt,AMSTERDAM,,1882.0,A
3622,550000.0,64.0,1.0,2.0,1.0,8593.75,S,1013 LP,1013.0,101,west,False,Westelijke eilanden,AMSTERDAM,,1906.0,N/A
3623,975000.0,104.0,3.0,4.0,1.0,9375.0,XL,1096 AM,1096.0,109,oost,False,De Omval,AMSTERDAM,,2021.0,A+
3624,550000.0,79.0,2.0,3.0,0.0,6962.025316455696,M,1097 ZE,1097.0,109,oost,False,Betondorp,AMSTERDAM,356.67,1925.0,D
3625,400000.0,52.0,2.0,3.0,0.0,7692.307692307692,S,1055 XR,1055.0,105,west,False,Gibraltarbuurt,AMSTERDAM,142.89,1934.0,D
3627,350000.0,76.0,2.0,3.0,0.0,4605.263157894737,M,1025 BC,1025.0,102,noord,False,De Kleine Wereld,AMSTERDAM,183.52,1967.0,C
3628,1025000.0,125.0,2.0,5.0,0.0,8200.0,XL,1011 BL,1011.0,101,centrum,False,Scheepvaarthuisbuurt,AMSTERDAM,117.0,1878.0,D
3629,450000.0,67.0,1.0,2.0,1.0,6716.417910447762,M,1025 WK,1025.0,102,noord,False,Elzenhagen-Zuid,AMSTERDAM,,2027.0,A+++
3630,425000.0,48.0,1.0,2.0,0.0,8854.166666666666,XS,1074 XA,1074.0,107,zuid,False,Willibrordusbuurt,AMSTERDAM,135.5,1900.0,B
3631,400000.0,40.0,1.0,2.0,0.0,10000.0,XS,1091 GN,1091.0,109,oost,False,Weesperzijde-Noord,AMSTERDAM,98.44,1894.0,C
3632,840000.0,87.0,2.0,3.0,1.0,9655.172413793103,L,1096 AM,1096.0,109,oost,False,De Omval,AMSTERDAM,,2021.0,A+
3633,535000.0,49.0,1.0,2.0,0.0,10918.367346938776,XS,1015 HL,1015.0,101,centrum,True,Driehoekbuurt,AMSTERDAM,,1905.0,N/A
3634,399000.0,50.0,1.0,2.0,1.0,7980.0,XS,1062 HE,1062.0,106,nieuw_west,False,Schipluidenbuurt,AMSTERDAM,,2026.0,A++++
3636,415000.0,97.0,3.0,4.0,0.0,4278.350515463918,L,1103 MV,1103.0,110,zuidoost,False,G-buurt-West,AMSTERDAM,303.11,1999.0,A
3637,625000.0,86.0,3.0,4.0,0.0,7267.441860465116,L,1094 SG,1094.0,109,oost,False,Ambonpleinbuurt,AMSTERDAM,,1980.0,B
3639,498000.0,82.0,2.0,3.0,1.0,6073.170731707317,L,1081 GD,1081.0,108,zuid,False,Buitenveldert-Zuidwest,AMSTERDAM,213.0,1967.0,B
3641,535000.0,83.0,2.0,3.0,1.0,6445.78313253012,L,1087 VH,1087.0,108,oost,False,Centrumeiland,AMSTERDAM,170.0,2023.0,A+++
3642,390000.0,47.0,2.0,3.0,0.0,8297.872340425532,XS,1055 NT,1055.0,105,west,False,Gibraltarbuurt,AMSTERDAM,137.92,,F
3643,610000.0,70.0,2.0,3.0,1.0,8714.285714285714,M,1095 AM,1095.0,109,oost,False,Makassarpleinbuurt,AMSTERDAM,0.0,2021.0,N/A
3644,1200000.0,128.0,3.0,4.0,0.0,9375.0,XL,1098 JJ,1098.0,109,oost,False,Middenmeer-Noord,AMSTERDAM,215.0,1929.0,C
3645,449000.0,42.0,2.0,3.0,0.0,10690.47619047619,XS,1017 TJ,1017.0,101,centrum,True,Weteringbuurt,AMSTERDAM,142.05,,F
3646,399000.0,72.0,2.0,3.0,0.0,5541.666666666667,M,1067 WD,1067.0,106,nieuw_west,False,De Eendracht,AMSTERDAM,183.65,1991.0,A
3647,700000.0,96.0,3.0,4.0,0.0,7291.666666666667,L,1057 WR,1057.0,105,west,False,Columbusplein e.o.,AMSTERDAM,150.0,1929.0,N/A
3648,575000.0,98.0,3.0,4.0,1.0,5867.34693877551,L,1076 AT,1076.0,107,zuid,False,Prinses Irenebuurt,AMSTERDAM,300.0,1967.0,C
3649,480000.0,93.0,2.0,3.0,1.0,5161.290322580645,L,1063 MC,1063.0,106,nieuw_west,False,Dobbebuurt,AMSTERDAM,240.0,1995.0,C
3650,400000.0,52.0,2.0,3.0,0.0,7692.307692307692,S,1055 HR,1055.0,105,west,False,Bosleeuw,AMSTERDAM,170.0,1942.0,G
3651,475000.0,70.0,2.0,3.0,0.0,6785.714285714285,M,1058 PD,1058.0,105,west,False,Westlandgrachtbuurt,AMSTERDAM,100.0,1927.0,C
3652,650000.0,71.0,2.0,3.0,0.0,9154.929577464789,M,1018 CA,1018.0,101,centrum,False,Oostenburg,AMSTERDAM,0.0,2021.0,A+++
3653,395000.0,54.0,1.0,2.0,0.0,7314.814814814815,S,1025 PD,1025.0,102,noord,False,Blauwe Zand,AMSTERDAM,135.0,1984.0,C
3655,400000.0,59.0,2.0,3.0,0.0,6779.661016949152,S,1055 HR,1055.0,105,west,False,Bosleeuw,AMSTERDAM,184.97,1942.0,C
3656,650000.0,70.0,2.0,3.0,0.0,9285.714285714286,M,1059 XS,1059.0,105,west,False,Aalsmeerwegbuurt-West,AMSTERDAM,79.0,1929.0,C
3658,640000.0,85.0,2.0,3.0,0.0,7529.411764705882,L,1095 CM,1095.0,109,oost,False,Makassarpleinbuurt,AMSTERDAM,202.78,1925.0,D
3659,325000.0,70.0,2.0,3.0,0.0,4642.857142857143,M,1104 PH,1104.0,110,zuidoost,False,Kortvoort,AMSTERDAM,,1984.0,A
3661,945000.0,108.0,4.0,5.0,0.0,8750.0,XL,1098 LP,1098.0,109,oost,False,Middenmeer-Zuid,AMSTERDAM,,1928.0,C
3662,500000.0,77.0,2.0,3.0,0.0,6493.506493506494,M,1064 WT,1064.0,106,nieuw_west,False,Oostoever Sloterplas,AMSTERDAM,81.0,1997.0,B
3663,800000.0,98.0,3.0,4.0,1.0,8163.265306122449,L,1032 LH,1032.0,103,noord,False,Buiksloterham-Noord,AMSTERDAM,341.29,2015.0,A
3664,465000.0,59.0,2.0,3.0,0.0,7881.35593220339,S,1093 GE,1093.0,109,oost,False,Dapperbuurt-Zuid,AMSTERDAM,88.0,1891.0,C
3665,650000.0,70.0,2.0,3.0,0.0,9285.714285714286,M,1018 CA,1018.0,101,centrum,False,Oostenburg,AMSTERDAM,,2021.0,A+++
3666,505000.0,47.0,1.0,2.0,0.0,10744.68085106383,XS,1018 CA,1018.0,101,centrum,False,Oostenburg,AMSTERDAM,,2021.0,A+++
3667,395000.0,43.0,1.0,2.0,1.0,9186.046511627907,XS,1057 JX,1057.0,105,west,False,Kortenaerkwartier,AMSTERDAM,100.0,,A
3668,400000.0,43.0,1.0,2.0,0.0,9302.32558139535,XS,1051 CW,1051.0,105,west,False,Fannius Scholtenbuurt,AMSTERDAM,136.85,1903.0,C
3669,500000.0,56.0,2.0,3.0,0.0,8928.57142857143,S,1097 BW,1097.0,109,oost,False,Don Bosco,AMSTERDAM,201.62,1901.0,C
3670,600000.0,65.0,1.0,2.0,0.0,9230.76923076923,S,1015 CD,1015.0,101,centrum,True,Langestraat e.o.,AMSTERDAM,544.96,1628.0,N/A
3671,650000.0,82.0,2.0,4.0,1.0,7926.829268292683,L,1043 EV,1043.0,104,nieuw_west,False,Sloterdijk Stationskwartier,AMSTERDAM,215.0,2021.0,A+++
3673,470000.0,74.0,2.0,3.0,0.0,6351.351351351352,M,1102 AK,1102.0,110,zuidoost,False,D-buurt,AMSTERDAM,,2021.0,A++
3674,545000.0,62.0,1.0,2.0,0.0,8790.322580645161,S,1052 JL,1052.0,105,west,False,Frederik Hendrikbuurt-Noord,AMSTERDAM,150.0,1983.0,C
3675,575000.0,72.0,2.0,3.0,0.0,7986.111111111111,M,1071 TX,1071.0,107,zuid,False,Duivelseiland,AMSTERDAM,195.5,1905.0,D
3676,455000.0,45.0,1.0,2.0,0.0,10111.111111111111,XS,1018 CA,1018.0,101,centrum,False,Oostenburg,AMSTERDAM,,2021.0,A+++
3677,750000.0,105.0,3.0,4.0,1.0,7142.857142857143,XL,1094 CZ,1094.0,109,oost,False,Timorpleinbuurt-Noord,AMSTERDAM,270.0,2005.0,A
3678,375000.0,41.0,1.0,2.0,0.0,9146.341463414634,XS,1051 JX,1051.0,105,west,False,Westerstaatsman,AMSTERDAM,,1916.0,D
3679,495000.0,50.0,2.0,3.0,0.0,9900.0,XS,1056 XB,1056.0,105,west,False,Landlust-Zuid,AMSTERDAM,104.84,1939.0,B
3680,985000.0,92.0,2.0,3.0,0.0,10706.521739130434,L,1078 KH,1078.0,107,zuid,False,Wielingenbuurt,AMSTERDAM,295.0,1928.0,E
3681,635000.0,57.0,1.0,2.0,0.0,11140.350877192983,S,1016 LK,1016.0,101,centrum,True,Bloemgrachtbuurt,AMSTERDAM,104.0,2015.0,A
3682,650000.0,68.0,2.0,3.0,0.0,9558.823529411764,M,1058 KX,1058.0,105,west,False,Westlandgrachtbuurt,AMSTERDAM,,1929.0,D
3683,875000.0,131.0,3.0,4.0,1.0,6679.3893129770995,XL,1025 WK,1025.0,102,noord,False,Elzenhagen-Zuid,AMSTERDAM,,2027.0,N/A
3684,450000.0,49.0,2.0,3.0,0.0,9183.673469387755,XS,1053 GG,1053.0,105,west,False,Bellamybuurt-Zuid,AMSTERDAM,115.0,1905.0,C
3685,600000.0,93.0,2.0,3.0,1.0,6451.612903225807,L,1101 DA,1101.0,110,zuidoost,False,Amstel III deel A/B-Noord,AMSTERDAM,,2022.0,N/A
3686,915000.0,88.0,3.0,4.0,1.0,10397.727272727272,L,1096 GV,1096.0,109,oost,False,Amstelkwartier-Noord,AMSTERDAM,,2021.0,A+++
3687,1050000.0,122.0,3.0,5.0,0.0,8606.557377049181,XL,1098 BE,1098.0,109,oost,False,Linnaeusparkbuurt,AMSTERDAM,125.0,1902.0,D
3688,980000.0,104.0,3.0,4.0,1.0,9423.076923076924,XL,1096 AM,1096.0,109,oost,False,De Omval,AMSTERDAM,,2021.0,A+
3689,850000.0,133.0,2.0,3.0,0.0,6390.977443609023,XL,1015 AD,1015.0,101,centrum,True,Langestraat e.o.,AMSTERDAM,329.53,1718.0,N/A
3690,545000.0,65.0,2.0,3.0,0.0,8384.615384615385,S,1064 AB,1064.0,106,nieuw_west,False,Noordoever Sloterplas,AMSTERDAM,,2027.0,A++
3691,375000.0,35.0,1.0,2.0,0.0,10714.285714285714,XS,1051 CA,1051.0,105,west,False,Westerstaatsman,AMSTERDAM,147.0,1911.0,E
3692,1650000.0,167.0,3.0,5.0,1.0,9880.239520958085,XL,1015 CP,1015.0,101,centrum,True,Langestraat e.o.,AMSTERDAM,477.92,1627.0,C
3693,775000.0,84.0,2.0,3.0,0.0,9226.190476190477,L,1031 JK,1031.0,103,noord,False,Buiksloterham-Zuid,AMSTERDAM,64.0,2021.0,A+
3694,365000.0,72.0,2.0,3.0,1.0,5069.444444444444,M,1034 EV,1034.0,103,noord,False,Banne-Zuidoost,AMSTERDAM,270.54,1969.0,C
3695,290000.0,55.0,1.0,2.0,0.0,5272.727272727273,S,1107 XA,1107.0,110,zuidoost,False,Gein 4,AMSTERDAM,192.9,1985.0,A
3696,395000.0,44.0,1.0,2.0,0.0,8977.272727272728,XS,1053 GA,1053.0,105,west,False,Bellamybuurt-Zuid,AMSTERDAM,136.36,1897.0,C
3698,375000.0,36.0,2.0,3.0,0.0,10416.666666666666,XS,1094 JH,1094.0,109,oost,False,Timorpleinbuurt-Zuid,AMSTERDAM,100.0,,C
3700,835000.0,99.0,2.0,3.0,0.0,8434.343434343435,L,1078 NC,1078.0,107,zuid,False,Scheldebuurt-Oost,AMSTERDAM,220.0,1931.0,B
3701,450000.0,43.0,1.0,3.0,0.0,10465.116279069767,XS,1015 GV,1015.0,101,centrum,True,Anjeliersbuurt-Zuid,AMSTERDAM,209.0,1938.0,E
3702,830000.0,127.0,4.0,6.0,0.0,6535.433070866142,XL,1087 VV,1087.0,108,oost,False,Centrumeiland,AMSTERDAM,213.0,2022.0,A+++
3704,595000.0,94.0,4.0,5.0,0.0,6329.787234042553,L,1079 CE,1079.0,107,zuid,False,Kromme Mijdrechtbuurt,AMSTERDAM,141.5,1937.0,C
3706,650000.0,72.0,1.0,2.0,0.0,9027.777777777777,M,1015 BS,1015.0,101,centrum,True,Leliegracht e.o.,AMSTERDAM,187.5,1740.0,N/A
3707,995000.0,108.0,3.0,4.0,1.0,9212.962962962964,XL,1096 AM,1096.0,109,oost,False,De Omval,AMSTERDAM,,2021.0,A+
3708,798000.0,90.0,1.0,3.0,0.0,8866.666666666666,L,1015 TL,1015.0,101,centrum,True,Bloemgrachtbuurt,AMSTERDAM,200.0,1912.0,N/A
3709,1025000.0,112.0,3.0,4.0,0.0,9151.785714285714,XL,1018 CA,1018.0,101,centrum,False,Oostenburg,AMSTERDAM,0.0,2021.0,A+++
3710,450000.0,48.0,1.0,2.0,0.0,9375.0,XS,1018 CA,1018.0,101,centrum,False,Oostenburg,AMSTERDAM,0.0,2021.0,A+++
3711,495000.0,60.0,1.0,2.0,1.0,8250.0,S,1066 XT,1066.0,106,nieuw_west,False,Staalmanbuurt,AMSTERDAM,159.0,2010.0,A+
3712,787500.0,81.0,3.0,4.0,0.0,9722.222222222223,L,1092 EC,1092.0,109,oost,False,Oosterparkbuurt-Zuidoost,AMSTERDAM,,1898.0,A++
3713,395000.0,46.0,1.0,2.0,0.0,8586.95652173913,XS,1095 GE,1095.0,109,oost,False,Sumatraplantsoenbuurt,AMSTERDAM,99.01,1926.0,A
3714,653000.0,104.0,2.0,3.0,1.0,6278.846153846154,XL,1083 JB,1083.0,108,zuid,False,De Klenckebuurt,AMSTERDAM,275.48,1986.0,C
3715,405000.0,56.0,2.0,3.0,0.0,7232.142857142857,S,1024 KV,1024.0,102,noord,False,Markengouw-Zuid,AMSTERDAM,,2026.0,N/A
3717,542500.0,60.0,1.0,2.0,0.0,9041.666666666666,S,1096 DS,1096.0,109,oost,False,Weespertrekvaart,AMSTERDAM,,2024.0,N/A
3718,765000.0,86.0,1.0,2.0,0.0,8895.348837209302,L,1013 AS,1013.0,101,west,False,Houthavens-Oost,AMSTERDAM,269.95,1898.0,N/A
3719,845000.0,91.0,3.0,4.0,1.0,9285.714285714286,L,1031 KN,1031.0,103,noord,False,Overhoeks,AMSTERDAM,,2025.0,A++
3721,350331.0,58.0,1.0,2.0,1.0,6040.189655172414,S,1101 DA,1101.0,110,zuidoost,False,Amstel III deel A/B-Noord,AMSTERDAM,0.0,2021.0,N/A
3722,414000.0,62.0,1.0,2.0,0.0,6677.419354838709,S,1101 CD,1101.0,110,zuidoost,False,Amstel III deel A/B-Noord,AMSTERDAM,,2021.0,A+++
3723,450000.0,89.0,2.0,3.0,1.0,5056.179775280899,L,1060 TW,1060.0,106,nieuw_west,False,De Aker-Oost,AMSTERDAM,168.0,1998.0,B
3724,490000.0,64.0,2.0,3.0,0.0,7656.25,S,1064 AB,1064.0,106,nieuw_west,False,Noordoever Sloterplas,AMSTERDAM,0.0,2025.0,N/A
3725,695000.0,74.0,1.0,2.0,0.0,9391.891891891892,M,1054 VT,1054.0,105,west,False,Cremerbuurt-Oost,AMSTERDAM,150.0,1889.0,N/A
3727,755000.0,119.0,3.0,4.0,1.0,6344.53781512605,XL,1101 DA,1101.0,110,zuidoost,False,Amstel III deel A/B-Noord,AMSTERDAM,,2022.0,N/A
3729,945000.0,110.0,3.0,4.0,0.0,8590.90909090909,XL,1075 TE,1075.0,107,zuid,False,Schinkelbuurt-Noord,AMSTERDAM,192.0,1912.0,B
3730,2000000.0,219.0,4.0,6.0,1.5,9132.4200913242,XL,1073 AA,1073.0,107,zuid,False,Gerard Doubuurt,AMSTERDAM,186.33,1880.0,B
3732,350000.0,28.0,1.0,,0.0,12500.0,XS,1053 LK,1053.0,105,west,False,Da Costabuurt-Noord,AMSTERDAM,,,A
3733,1220000.0,143.0,2.0,3.0,1.0,8531.468531468532,XL,1013 BH,1013.0,101,west,False,Westerdokseiland,AMSTERDAM,308.74,2008.0,A++
3734,875000.0,108.0,3.0,4.0,0.0,8101.851851851852,XL,1018 VR,1018.0,101,centrum,False,Weesperbuurt,AMSTERDAM,200.0,1878.0,C
3735,475000.0,53.0,2.0,3.0,0.0,8962.264150943396,S,1091 CZ,1091.0,109,oost,False,Oosterparkbuurt-Noordwest,AMSTERDAM,123.65,,G
3736,495000.0,64.0,1.0,2.0,0.0,7734.375,S,1078 BK,1078.0,107,zuid,False,IJselbuurt-West,AMSTERDAM,47.25,1924.0,C
3737,490000.0,79.0,4.0,5.0,0.0,6202.53164556962,M,1056 AX,1056.0,105,west,False,Robert Scottbuurt-Oost,AMSTERDAM,178.61,1950.0,D
3738,595000.0,63.0,1.0,2.0,0.0,9444.444444444445,S,1056 ET,1056.0,105,west,False,Pieter van der Doesbuurt,AMSTERDAM,100.0,1912.0,A
3739,795000.0,92.0,2.0,4.0,0.0,8641.304347826086,L,1075 TX,1075.0,107,zuid,False,Schinkelbuurt-Noord,AMSTERDAM,,1884.0,B
3740,345000.0,75.0,2.0,3.0,0.0,4600.0,M,1102 ZL,1102.0,110,zuidoost,False,Venserpolder-Oost,AMSTERDAM,268.0,1983.0,N/A
3741,400000.0,48.0,1.0,2.0,0.0,8333.333333333334,XS,1056 XT,1056.0,105,west,False,Landlust-Zuid,AMSTERDAM,,1938.0,C
3742,720000.0,79.0,2.0,3.0,0.0,9113.924050632912,M,1018 CA,1018.0,101,centrum,False,Oostenburg,AMSTERDAM,0.0,2021.0,A+++
3743,400000.0,68.0,3.0,5.0,0.0,5882.35294117647,M,1063 ZL,1063.0,106,nieuw_west,False,Dobbebuurt,AMSTERDAM,238.94,1953.0,C
3744,500000.0,81.0,3.0,4.0,0.0,6172.83950617284,L,1094 EL,1094.0,109,oost,False,Timorpleinbuurt-Noord,AMSTERDAM,139.0,1986.0,B
3745,475000.0,78.0,2.0,3.0,0.0,6089.74358974359,M,1033 RP,1033.0,103,noord,False,Terrasdorp,AMSTERDAM,127.02,1990.0,N/A
3746,630000.0,60.0,1.0,2.0,1.0,10500.0,S,1096 AM,1096.0,109,oost,False,De Omval,AMSTERDAM,,2021.0,A+
3749,1250000.0,113.0,2.0,3.0,1.0,11061.946902654867,XL,1082 MT,1082.0,108,zuid,False,Zuidas-Zuid,AMSTERDAM,277.72,2020.0,A
3751,675000.0,71.0,2.0,3.0,0.0,9507.042253521127,M,1018 CA,1018.0,101,centrum,False,Oostenburg,AMSTERDAM,0.0,2021.0,A+++
3752,775000.0,93.0,2.0,3.0,0.0,8333.333333333334,L,1081 KP,1081.0,108,zuid,False,Buitenveldert-West-Midden,AMSTERDAM,292.0,1999.0,A
3753,575000.0,73.0,2.0,3.0,0.0,7876.712328767123,M,1051 ND,1051.0,105,west,False,Marcanti,AMSTERDAM,168.0,1984.0,B
3754,375000.0,79.0,2.0,3.0,0.0,4746.835443037975,M,1025 SL,1025.0,102,noord,False,Loenermark,AMSTERDAM,299.1,1976.0,C
3755,540000.0,88.0,3.0,4.0,1.0,6136.363636363636,L,1025 WK,1025.0,102,noord,False,Elzenhagen-Zuid,AMSTERDAM,,2027.0,A++
3756,1200000.0,140.0,3.0,4.0,1.0,8571.42857142857,XL,1012 AL,1012.0,101,centrum,False,Kop Zeedijk,AMSTERDAM,150.0,1617.0,N/A
3757,1275000.0,133.0,3.0,4.0,0.0,9586.466165413534,XL,1018 CA,1018.0,101,centrum,False,Oostenburg,AMSTERDAM,,2021.0,A+++
3759,525000.0,78.0,3.0,4.0,0.0,6730.7692307692305,M,1079 NV,1079.0,107,zuid,False,Scheldebuurt-West,AMSTERDAM,150.2,,D
3760,395000.0,48.0,1.0,2.0,0.0,8229.166666666666,XS,1053 EM,1053.0,105,west,False,Bellamybuurt-Zuid,AMSTERDAM,150.05,1906.0,C
3762,528000.0,65.0,2.0,3.0,0.0,8123.076923076923,S,1064 AB,1064.0,106,nieuw_west,False,Noordoever Sloterplas,AMSTERDAM,,2024.0,N/A
3763,480000.0,49.0,1.0,2.0,0.0,9795.918367346938,XS,1053 WC,1053.0,105,west,False,Bellamybuurt-Noord,AMSTERDAM,103.0,1905.0,C
3764,1150000.0,144.0,4.0,5.0,0.0,7986.111111111111,XL,1075 VZ,1075.0,107,zuid,False,Valeriusbuurt-West,AMSTERDAM,190.0,,D
3765,485000.0,53.0,2.0,3.0,0.0,9150.943396226416,S,1091 CG,1091.0,109,oost,False,Oosterparkbuurt-Noordwest,AMSTERDAM,,1899.0,A
3766,645000.0,96.0,2.0,3.0,1.0,6718.75,L,1043 EG,1043.0,104,nieuw_west,False,Sloterdijk Stationskwartier,AMSTERDAM,,2024.0,A++
3769,625000.0,58.0,1.0,2.0,1.0,10775.862068965518,S,1096 AM,1096.0,109,oost,False,De Omval,AMSTERDAM,,2021.0,A+
3770,845000.0,94.0,3.0,4.0,0.0,8989.36170212766,L,1018 CA,1018.0,101,centrum,False,Oostenburg,AMSTERDAM,,2021.0,A+++
3771,805000.0,74.0,2.0,3.0,1.0,10878.378378378378,M,1096 AM,1096.0,109,oost,False,De Omval,AMSTERDAM,,2021.0,A+
3772,283377.0,30.0,1.0,2.0,1.0,9445.9,XS,1095 PA,1095.0,109,oost,False,Sluisbuurt,AMSTERDAM,,2025.0,N/A
3774,370000.0,37.0,1.0,2.0,0.0,10000.0,XS,1072 SL,1072.0,107,zuid,False,Cornelis Troostbuurt,AMSTERDAM,50.0,1905.0,D
3775,965000.0,102.0,3.0,4.0,1.0,9460.78431372549,L,1096 AM,1096.0,109,oost,False,De Omval,AMSTERDAM,,2021.0,A+
3776,325000.0,68.0,2.0,3.0,0.0,4779.411764705882,M,1108 CX,1108.0,110,zuidoost,False,L-buurt,AMSTERDAM,,1980.0,C
3777,280000.0,61.0,2.0,3.0,1.0,4590.163934426229,S,1069 EG,1069.0,106,nieuw_west,False,Dijkgraafpleinbuurt,AMSTERDAM,207.0,1966.0,F
3778,840000.0,101.0,1.0,2.0,1.0,8316.831683168317,L,1015 CR,1015.0,101,centrum,True,Langestraat e.o.,AMSTERDAM,209.0,1800.0,N/A
3780,595000.0,76.0,2.0,3.0,0.0,7828.9473684210525,M,1056 PZ,1056.0,105,west,False,Jan Maijenbuurt,AMSTERDAM,137.5,,B
3781,375000.0,86.0,3.0,4.0,1.0,4360.46511627907,L,1106 XL,1106.0,110,zuidoost,False,Holendrecht-Zuid,AMSTERDAM,286.48,1976.0,A+
3782,810000.0,93.0,2.0,3.0,1.0,8709.677419354839,L,1031 KN,1031.0,103,noord,False,Overhoeks,AMSTERDAM,,2025.0,A++
3783,395000.0,50.0,2.0,3.0,0.0,7900.0,XS,1056 SB,1056.0,105,west,False,Jan Maijenbuurt,AMSTERDAM,50.0,1926.0,B
3785,575000.0,66.0,2.0,3.0,0.0,8712.121212121212,S,1016 DA,1016.0,101,centrum,True,Marnixbuurt-Zuid,AMSTERDAM,150.0,1884.0,E
3786,435000.0,53.0,1.0,2.0,0.0,8207.547169811322,S,1015 ST,1015.0,101,centrum,True,Bloemgrachtbuurt,AMSTERDAM,231.0,1974.0,E
3787,290000.0,53.0,1.0,2.0,0.0,5471.698113207547,S,1102 VC,1102.0,110,zuidoost,False,Venserpolder-West,AMSTERDAM,114.76,1984.0,C
3788,350000.0,48.0,1.0,2.0,0.0,7291.666666666667,XS,1102 AK,1102.0,110,zuidoost,False,D-buurt,AMSTERDAM,,2021.0,A++
3791,533000.0,81.0,2.0,3.0,1.0,6580.246913580247,L,1101 DA,1101.0,110,zuidoost,False,Amstel III deel A/B-Noord,AMSTERDAM,,2022.0,N/A
3793,435000.0,45.0,1.0,2.0,0.0,9666.666666666666,XS,1073 GM,1073.0,107,zuid,False,Van der Helstpleinbuurt,AMSTERDAM,,1906.0,E
3794,1250000.0,170.0,3.0,5.0,0.0,7352.941176470588,XL,1012 RD,1012.0,101,centrum,False,Nieuwe Kerk e.o.,AMSTERDAM,,1700.0,N/A
3795,750000.0,137.0,4.0,5.0,1.0,5474.4525547445255,XL,1087 CE,1087.0,108,oost,False,Rieteilanden-West,AMSTERDAM,,2003.0,A
3796,520000.0,54.0,2.0,3.0,0.0,9629.62962962963,S,1073 LD,1073.0,107,zuid,False,Burgemeester Tellegenbuurt-Oost,AMSTERDAM,154.0,1923.0,C
3797,500000.0,73.0,2.0,3.0,0.0,6849.315068493151,M,1091 LV,1091.0,109,oost,False,Transvaalbuurt-West,AMSTERDAM,160.07,1989.0,A
3798,425000.0,36.0,1.0,2.0,0.0,11805.555555555555,XS,1015 GE,1015.0,101,centrum,True,Driehoekbuurt,AMSTERDAM,174.79,1941.0,N/A
3799,1149000.0,105.0,2.0,3.0,0.0,10942.857142857143,XL,1017 VX,1017.0,101,centrum,True,Frederikspleinbuurt,AMSTERDAM,158.47,1969.0,A
3800,400000.0,78.0,3.0,4.0,0.0,5128.205128205128,M,1024 VV,1024.0,102,noord,False,Werengouw-Midden,AMSTERDAM,142.0,1964.0,B
3801,475000.0,50.0,2.0,3.0,0.0,9500.0,XS,1072 LT,1072.0,107,zuid,False,Cornelis Troostbuurt,AMSTERDAM,73.0,,N/A
3802,649000.0,77.0,2.0,3.0,0.0,8428.57142857143,M,1056 GR,1056.0,105,west,False,Trompbuurt,AMSTERDAM,94.23,1910.0,D
3805,1530000.0,156.0,3.0,4.0,1.0,9807.692307692309,XL,1095 AM,1095.0,109,oost,False,Makassarpleinbuurt,AMSTERDAM,0.0,2021.0,N/A
3808,450000.0,39.0,2.0,4.0,0.0,11538.461538461539,XS,1016 BK,1016.0,101,centrum,True,Felix Meritisbuurt,AMSTERDAM,300.0,1928.0,G
3809,950000.0,110.0,2.0,4.0,0.0,8636.363636363636,XL,1015 VD,1015.0,101,centrum,True,Marnixbuurt-Noord,AMSTERDAM,50.0,1890.0,A
3811,335779.0,40.0,1.0,2.0,0.0,8394.475,XS,1064 AB,1064.0,106,nieuw_west,False,Noordoever Sloterplas,AMSTERDAM,,2027.0,A++
3812,350000.0,48.0,1.0,2.0,0.0,7291.666666666667,XS,1102 AK,1102.0,110,zuidoost,False,D-buurt,AMSTERDAM,,2021.0,A++
3813,300000.0,75.0,2.0,3.0,1.0,4000.0,M,1108 HB,1108.0,110,zuidoost,False,L-buurt,AMSTERDAM,,1977.0,N/A
3814,400000.0,86.0,2.0,3.0,0.0,4651.162790697675,L,1025 JB,1025.0,102,noord,False,Plan van Gool,AMSTERDAM,,1972.0,D
3815,760000.0,85.0,3.0,4.0,0.0,8941.176470588236,L,1079 VX,1079.0,107,zuid,False,Rijnbuurt-Midden,AMSTERDAM,220.07,1935.0,E
3817,500000.0,70.0,2.0,3.0,0.0,7142.857142857143,M,1055 HJ,1055.0,105,west,False,Bosleeuw,AMSTERDAM,149.46,1950.0,D
3818,785000.0,98.0,2.0,4.0,0.0,8010.2040816326535,L,1078 PH,1078.0,107,zuid,False,Scheldebuurt-Oost,AMSTERDAM,222.22,,N/A
3820,400000.0,41.0,1.0,2.0,0.0,9756.09756097561,XS,1017 SH,1017.0,101,centrum,True,Den Texbuurt,AMSTERDAM,156.76,1986.0,D
3821,799000.0,84.0,1.0,2.0,0.0,9511.904761904761,L,1016 AD,1016.0,101,centrum,True,Felix Meritisbuurt,AMSTERDAM,227.0,1905.0,N/A
3822,550000.0,62.0,2.0,,0.0,8870.967741935483,S,1097 BZ,1097.0,109,oost,False,Don Bosco,AMSTERDAM,,,A
3823,545000.0,60.0,1.0,2.0,0.0,9083.333333333334,S,1096 DS,1096.0,109,oost,False,Weespertrekvaart,AMSTERDAM,,2024.0,N/A
3824,560000.0,61.0,1.0,2.0,0.0,9180.327868852459,S,1018 CA,1018.0,101,centrum,False,Oostenburg,AMSTERDAM,0.0,2021.0,A+++
3825,545000.0,65.0,1.0,2.0,1.5,8384.615384615385,S,1056 EB,1056.0,105,west,False,John Franklinbuurt,AMSTERDAM,135.0,1930.0,C
3826,450000.0,69.0,2.0,3.0,1.0,6521.739130434783,M,1095 KV,1095.0,109,oost,False,Sumatraplantsoenbuurt,AMSTERDAM,196.0,1991.0,B
3827,675000.0,65.0,2.0,3.0,0.0,10384.615384615385,S,1072 JW,1072.0,107,zuid,False,Cornelis Troostbuurt,AMSTERDAM,,1922.0,A
3829,405000.0,58.0,2.0,3.0,0.0,6982.758620689655,S,1024 KV,1024.0,102,noord,False,Markengouw-Zuid,AMSTERDAM,,2026.0,N/A
3830,377000.0,40.0,1.0,2.0,1.0,9425.0,XS,1032 KW,1032.0,103,noord,False,Klaprozenbuurt,AMSTERDAM,,2025.0,A+
3831,1800000.0,219.0,2.0,3.0,2.5,8219.17808219178,XL,1015 CT,1015.0,101,centrum,True,Langestraat e.o.,AMSTERDAM,150.0,1625.0,N/A
3832,400000.0,83.0,3.0,4.0,1.0,4819.277108433735,L,1069 LK,1069.0,106,nieuw_west,False,Zuidwestkwadrant-Noord,AMSTERDAM,231.0,1992.0,B
3833,1100000.0,109.0,3.0,4.0,1.0,10091.743119266055,XL,1096 AM,1096.0,109,oost,False,De Omval,AMSTERDAM,,2021.0,A+
3834,1400000.0,167.0,3.0,5.0,1.0,8383.233532934131,XL,1018 AD,1018.0,101,centrum,False,Kadijken,AMSTERDAM,279.18,2000.0,A
3836,525000.0,74.0,2.0,3.0,0.0,7094.594594594595,M,1018 NR,1018.0,101,centrum,False,Czaar Peterbuurt,AMSTERDAM,182.7,1986.0,B
3839,850000.0,98.0,3.0,5.0,0.0,8673.469387755102,L,1058 JX,1058.0,105,west,False,Legmeerpleinbuurt,AMSTERDAM,199.0,1930.0,D
3841,425000.0,48.0,2.0,3.0,0.0,8854.166666666666,XS,1055 NW,1055.0,105,west,False,Gibraltarbuurt,AMSTERDAM,146.64,1936.0,D
3843,608000.0,96.0,2.0,3.0,1.0,6333.333333333333,L,1102 SG,1102.0,110,zuidoost,False,Vogeltjeswei,AMSTERDAM,,2025.0,N/A
3844,550000.0,67.0,2.0,3.0,0.0,8208.955223880597,M,1052 KG,1052.0,105,west,False,Frederik Hendrikbuurt-Zuidoost,AMSTERDAM,198.78,1890.0,A
3845,495000.0,47.0,1.0,2.0,0.0,10531.91489361702,XS,1018 CA,1018.0,101,centrum,False,Oostenburg,AMSTERDAM,0.0,2021.0,A+++
3846,410000.0,39.0,1.0,2.0,0.0,10512.820512820514,XS,1013 GH,1013.0,101,west,False,Haarlemmerbuurt-Oost,AMSTERDAM,99.53,1928.0,C
3847,554555.0,84.0,2.0,3.0,1.0,6601.8452380952385,L,1032 KW,1032.0,103,noord,False,Klaprozenbuurt,AMSTERDAM,,2025.0,N/A
3848,518000.0,80.0,2.0,3.0,1.0,6475.0,L,1101 DA,1101.0,110,zuidoost,False,Amstel III deel A/B-Noord,AMSTERDAM,,2022.0,N/A
3849,340000.0,82.0,3.0,4.0,0.0,4146.341463414634,L,1104 MR,1104.0,110,zuidoost,False,Kortvoort,AMSTERDAM,,1984.0,A
3850,1880000.0,221.0,4.0,5.0,0.0,8506.787330316742,XL,1016 HD,1016.0,101,centrum,True,Elandsgrachtbuurt,AMSTERDAM,502.16,2014.0,A
3852,485000.0,105.0,3.0,4.0,1.0,4619.047619047619,XL,1102 SX,1102.0,110,zuidoost,False,Venserpolder-West,AMSTERDAM,201.41,2006.0,A
3853,675000.0,89.0,2.0,3.0,1.0,7584.269662921349,L,1019 LH,1019.0,101,oost,False,KNSM-eiland,AMSTERDAM,204.66,1993.0,B
3854,445000.0,45.0,1.0,2.0,0.0,9888.888888888889,XS,1011 DG,1011.0,101,centrum,False,Oosterdokseiland,AMSTERDAM,104.0,2012.0,A
3855,650000.0,68.0,2.0,3.0,0.0,9558.823529411764,M,1076 NB,1076.0,107,zuid,False,Van Tuyllbuurt,AMSTERDAM,125.12,1931.0,B
3857,329000.0,69.0,1.0,2.0,1.0,4768.115942028986,M,1082 RC,1082.0,108,zuid,False,Gelderlandpleinbuurt,AMSTERDAM,382.0,1964.0,D
3860,790000.0,102.0,2.0,4.0,0.0,7745.098039215686,L,1011 GD,1011.0,101,centrum,False,Nieuwmarkt,AMSTERDAM,140.0,1997.0,A
3861,1195000.0,122.0,3.0,4.0,0.0,9795.081967213115,XL,1016 GX,1016.0,101,centrum,True,Felix Meritisbuurt,AMSTERDAM,322.0,1720.0,N/A
3862,950000.0,124.0,2.0,3.0,0.0,7661.290322580645,XL,1043 NV,1043.0,104,nieuw_west,False,Sloterdijk Stationskwartier,AMSTERDAM,375.87,2023.0,A++
3863,375000.0,106.0,4.0,5.0,0.0,3537.735849056604,XL,1106 KW,1106.0,110,zuidoost,False,Holendrecht-Zuid,AMSTERDAM,284.0,1977.0,A
3864,1550000.0,135.0,3.0,4.0,0.0,11481.481481481482,XL,1071 XK,1071.0,107,zuid,False,Johannes Vermeerbuurt,AMSTERDAM,986.12,2012.0,A++
3865,700000.0,78.0,2.0,5.0,0.0,8974.358974358975,M,1091 BG,1091.0,109,oost,False,Oosterparkbuurt-Noordwest,AMSTERDAM,161.0,1904.0,C
3866,375000.0,79.0,2.0,3.0,0.0,4746.835443037975,M,1069 NC,1069.0,106,nieuw_west,False,Middelveldsche Akerpolder,AMSTERDAM,212.64,1988.0,B
3867,595000.0,95.0,2.0,3.0,0.0,6263.1578947368425,L,1013 EZ,1013.0,101,west,False,Haarlemmerbuurt-Oost,AMSTERDAM,442.56,1750.0,C
3868,395000.0,50.0,1.0,2.0,1.0,7900.0,XS,1062 HE,1062.0,106,nieuw_west,False,Schipluidenbuurt,AMSTERDAM,,2026.0,A++++
3869,575000.0,66.0,1.0,2.0,0.0,8712.121212121212,S,1018 CA,1018.0,101,centrum,False,Oostenburg,AMSTERDAM,,2021.0,A+++
3870,495000.0,50.0,1.0,2.0,1.0,9900.0,XS,1092 CK,1092.0,109,oost,False,Oosterparkbuurt-Zuidoost,AMSTERDAM,76.74,1905.0,C
3871,425000.0,56.0,1.0,2.0,0.0,7589.285714285715,S,1091 DP,1091.0,109,oost,False,Oosterparkbuurt-Noordwest,AMSTERDAM,95.73,1988.0,C
3872,685000.0,110.0,2.0,3.0,1.0,6227.272727272727,XL,1025 WK,1025.0,102,noord,False,Elzenhagen-Zuid,AMSTERDAM,,2027.0,A+++
3873,465000.0,56.0,1.0,2.0,0.0,8303.57142857143,S,1092 GX,1092.0,109,oost,False,Transvaalbuurt-Oost,AMSTERDAM,109.0,1915.0,C
3874,375000.0,40.0,1.0,2.0,0.0,9375.0,XS,1018 CA,1018.0,101,centrum,False,Oostenburg,AMSTERDAM,,2021.0,A+++
3875,340000.0,34.0,1.0,2.0,0.0,10000.0,XS,1055 KH,1055.0,105,west,False,Bosleeuw,AMSTERDAM,117.0,1912.0,A
3876,465000.0,49.0,1.0,1.0,0.0,9489.795918367347,XS,1054 VT,1054.0,105,west,False,Cremerbuurt-Oost,AMSTERDAM,105.0,1905.0,G
3877,390000.0,50.0,1.0,2.0,1.0,7800.0,XS,1062 HE,1062.0,106,nieuw_west,False,Schipluidenbuurt,AMSTERDAM,,2026.0,A++++
3878,575000.0,92.0,4.0,6.0,0.0,6250.0,L,1021 JB,1021.0,102,noord,False,Vogelbuurt-Zuid,AMSTERDAM,,1921.0,D
3880,538850.0,114.0,4.0,5.0,1.0,4726.754385964912,XL,1103 AM,1103.0,110,zuidoost,False,E-buurt,AMSTERDAM,,2026.0,N/A
3881,581000.0,89.0,2.0,3.0,1.0,6528.08988764045,L,1101 DA,1101.0,110,zuidoost,False,Amstel III deel A/B-Noord,AMSTERDAM,,2022.0,N/A
3882,1150000.0,96.0,2.0,3.0,4.0,11979.166666666666,L,1071 WH,1071.0,107,zuid,False,Hondecoeterbuurt,AMSTERDAM,669.0,1926.0,D
3883,415000.0,53.0,2.0,3.0,0.0,7830.188679245283,S,1058 DG,1058.0,105,west,False,Paramariboplein e.o.,AMSTERDAM,100.0,1930.0,C
3884,520000.0,69.0,2.0,3.0,0.0,7536.231884057971,M,1019 GS,1019.0,101,oost,False,Architectenbuurt,AMSTERDAM,190.0,1989.0,B
3885,650000.0,84.0,2.0,3.0,1.0,7738.0952380952385,L,1082 NL,1082.0,108,zuid,False,Buitenveldert-Oost-Midden,AMSTERDAM,140.0,1986.0,B
3886,560000.0,60.0,1.0,2.0,1.0,9333.333333333334,S,1031 HX,1031.0,103,noord,False,Buiksloterham-Zuid,AMSTERDAM,,2021.0,A+++
3887,283377.0,31.0,1.0,2.0,1.0,9141.193548387097,XS,1095 PA,1095.0,109,oost,False,Sluisbuurt,AMSTERDAM,,2025.0,N/A
3888,615000.0,64.0,2.0,3.0,1.0,9609.375,S,1062 LE,1062.0,106,nieuw_west,False,Koningin Wilhelminaplein,AMSTERDAM,143.29,2025.0,A++
3889,330000.0,34.0,1.0,2.0,1.0,9705.882352941177,XS,1032 KN,1032.0,103,noord,False,Klaprozenbuurt,AMSTERDAM,,2025.0,A+++
3890,475000.0,70.0,2.0,3.0,0.0,6785.714285714285,M,1093 HP,1093.0,109,oost,False,Dapperbuurt-Zuid,AMSTERDAM,198.79,1987.0,C
3891,399000.0,73.0,2.0,3.0,1.0,5465.753424657534,M,1024 LW,1024.0,102,noord,False,Werengouw-Midden,AMSTERDAM,162.0,2012.0,A
3892,425000.0,50.0,2.0,3.0,0.0,8500.0,XS,1058 KX,1058.0,105,west,False,Westlandgrachtbuurt,AMSTERDAM,55.0,1929.0,D
3893,995000.0,120.0,3.0,4.0,1.0,8291.666666666666,XL,1019 VS,1019.0,101,oost,False,Cruquiusbuurt,AMSTERDAM,,2021.0,A++
3894,425000.0,46.0,1.0,2.0,0.0,9239.130434782608,XS,1072 JJ,1072.0,107,zuid,False,Lizzy Ansinghbuurt,AMSTERDAM,148.0,1904.0,D
3897,1760000.0,194.0,3.0,6.0,1.0,9072.164948453608,XL,1071 BG,1071.0,107,zuid,False,Hondecoeterbuurt,AMSTERDAM,265.0,1901.0,E
3898,710000.0,71.0,2.0,3.0,0.0,10000.0,M,1018 CA,1018.0,101,centrum,False,Oostenburg,AMSTERDAM,,2021.0,A+++
3899,395000.0,76.0,1.0,2.0,1.0,5197.368421052632,M,1068 MK,1068.0,106,nieuw_west,False,Wildeman,AMSTERDAM,186.54,2003.0,B
3901,300000.0,33.0,1.0,2.0,1.0,9090.90909090909,XS,1083 EN,1083.0,108,zuid,False,Buitenveldert-Zuidoost,AMSTERDAM,134.23,,E
3903,900000.0,78.0,2.0,3.0,0.0,11538.461538461539,M,1082 MZ,1082.0,108,zuid,False,Zuidas-Zuid,AMSTERDAM,268.41,2020.0,A
3904,1295000.0,135.0,2.0,4.0,0.0,9592.592592592593,XL,1075 GS,1075.0,107,zuid,False,Valeriusbuurt-Oost,AMSTERDAM,166.16,1909.0,A
3906,500000.0,51.0,1.0,2.0,0.0,9803.921568627451,S,1015 JK,1015.0,101,centrum,True,Driehoekbuurt,AMSTERDAM,67.5,1893.0,C
3907,315000.0,75.0,3.0,4.0,0.0,4200.0,M,1034 MK,1034.0,103,noord,False,Banne-Noordoost,AMSTERDAM,,1976.0,C
3908,525000.0,63.0,2.0,3.0,0.0,8333.333333333334,S,1098 LL,1098.0,109,oost,False,Middenmeer-Zuid,AMSTERDAM,150.0,1953.0,B
3909,540000.0,69.0,2.0,3.0,0.0,7826.086956521739,M,1018 ZR,1018.0,101,centrum,False,Kadijken,AMSTERDAM,187.0,1989.0,C
3910,400000.0,51.0,1.0,2.0,0.0,7843.137254901961,S,1055 PK,1055.0,105,west,False,Bedrijventerrein Landlust,AMSTERDAM,166.0,1988.0,C
3911,435000.0,60.0,3.0,4.0,0.0,7250.0,S,1052 LG,1052.0,105,west,False,Frederik Hendrikbuurt-Zuidwest,AMSTERDAM,158.0,1917.0,C
3912,825000.0,101.0,4.0,6.0,0.0,8168.316831683168,L,1079 AK,1079.0,107,zuid,False,Scheldebuurt-Midden,AMSTERDAM,150.0,1934.0,A
3913,1100000.0,134.0,4.0,6.0,0.0,8208.955223880597,XL,1098 HR,1098.0,109,oost,False,Middenmeer-Noord,AMSTERDAM,,1930.0,B
3914,275000.0,61.0,1.0,2.0,0.0,4508.196721311476,S,1106 DS,1106.0,110,zuidoost,False,Gein 1,AMSTERDAM,,1983.0,A
3915,699000.0,88.0,2.0,3.0,1.0,7943.181818181818,L,1019 NC,1019.0,101,oost,False,KNSM-eiland,AMSTERDAM,276.69,1995.0,A
3917,500000.0,53.0,1.0,2.0,0.0,9433.962264150943,S,1059 XZ,1059.0,105,west,False,Aalsmeerwegbuurt-West,AMSTERDAM,100.0,1928.0,C
3919,405000.0,56.0,2.0,3.0,0.0,7232.142857142857,S,1024 KV,1024.0,102,noord,False,Markengouw-Zuid,AMSTERDAM,,2026.0,N/A
3920,399000.0,82.0,4.0,5.0,0.0,4865.8536585365855,L,1063 BL,1063.0,106,nieuw_west,False,Jan de Louterbuurt,AMSTERDAM,300.0,1958.0,F
3921,595000.0,98.0,4.0,5.0,1.0,6071.428571428572,L,1058 ES,1058.0,105,west,False,Rembrandtpark-Zuid,AMSTERDAM,269.64,1974.0,B
3923,400000.0,76.0,1.0,2.0,1.0,5263.1578947368425,M,1060 TN,1060.0,106,nieuw_west,False,De Aker-Oost,AMSTERDAM,202.21,2004.0,A
3924,350000.0,37.0,1.0,2.0,0.0,9459.45945945946,XS,1013 WN,1013.0,101,west,False,Spaarndammerbuurt-Midden,AMSTERDAM,,1916.0,D
3925,395000.0,45.0,2.0,3.0,0.0,8777.777777777777,XS,1057 PW,1057.0,105,west,False,Orteliusbuurt-Zuid,AMSTERDAM,0.0,1924.0,D
3926,445000.0,50.0,2.0,3.0,0.0,8900.0,XS,1073 XS,1073.0,107,zuid,False,Gerard Doubuurt,AMSTERDAM,,1950.0,A
3927,750000.0,93.0,3.0,4.0,0.0,8064.5161290322585,L,1072 RT,1072.0,107,zuid,False,Cornelis Troostbuurt,AMSTERDAM,,1922.0,N/A
3928,860000.0,102.0,4.0,6.0,0.0,8431.372549019608,L,1057 BD,1057.0,105,west,False,Orteliusbuurt-Zuid,AMSTERDAM,92.0,1937.0,C
3929,650000.0,58.0,1.0,2.0,1.0,11206.896551724138,S,1016 XL,1016.0,101,centrum,True,Passeerdersgrachtbuurt,AMSTERDAM,262.0,1905.0,A
3930,815000.0,97.0,2.0,3.0,0.0,8402.061855670103,L,1061 AV,1061.0,106,nieuw_west,False,Overtoomse Veld-Noord,AMSTERDAM,,2027.0,A+++
3932,1395000.0,143.0,2.0,3.0,1.0,9755.244755244756,XL,1013 BH,1013.0,101,west,False,Westerdokseiland,AMSTERDAM,288.0,2008.0,A
3933,680000.0,77.0,2.0,3.0,0.0,8831.16883116883,M,1096 DS,1096.0,109,oost,False,Weespertrekvaart,AMSTERDAM,,2024.0,N/A
3934,600000.0,76.0,3.0,4.0,0.0,7894.736842105263,M,1056 EP,1056.0,105,west,False,Erasmusparkbuurt-Oost,AMSTERDAM,126.94,1939.0,C
3935,475000.0,89.0,2.0,4.0,0.0,5337.078651685393,L,1068 CM,1068.0,106,nieuw_west,False,Meer en Oever,AMSTERDAM,,1968.0,C
3936,1250000.0,104.0,3.0,4.0,1.0,12019.23076923077,XL,1054 AK,1054.0,105,west,False,Helmersbuurt-Oost,AMSTERDAM,120.0,1895.0,A
3937,1500000.0,148.0,3.0,4.0,2.0,10135.135135135135,XL,1075 EP,1075.0,107,zuid,False,Valeriusbuurt-Oost,AMSTERDAM,250.0,1904.0,C
3939,529000.0,57.0,1.0,3.0,0.0,9280.701754385966,S,1093 JN,1093.0,109,oost,False,Dapperbuurt-Zuid,AMSTERDAM,105.0,1902.0,D
3940,440000.0,64.0,1.0,2.0,0.0,6875.0,S,1094 RB,1094.0,109,oost,False,Ambonpleinbuurt,AMSTERDAM,235.0,1981.0,C
3941,350000.0,47.0,1.0,2.0,0.0,7446.808510638298,XS,1094 EH,1094.0,109,oost,False,Timorpleinbuurt-Noord,AMSTERDAM,238.0,1914.0,D
3942,850000.0,110.0,3.0,5.0,0.0,7727.272727272727,XL,1077 MB,1077.0,107,zuid,False,Minervabuurt-Midden,AMSTERDAM,,1931.0,E
3943,395000.0,56.0,2.0,3.0,0.0,7053.571428571428,S,1065 TJ,1065.0,106,nieuw_west,False,Jacques Veldmanbuurt,AMSTERDAM,188.0,1956.0,D
3944,395000.0,50.0,1.0,2.0,1.0,7900.0,XS,1062 HE,1062.0,106,nieuw_west,False,Schipluidenbuurt,AMSTERDAM,,2026.0,A++++
3945,585000.0,63.0,2.0,3.0,0.0,9285.714285714286,S,1018 CC,1018.0,101,centrum,False,Alexanderplein e.o.,AMSTERDAM,189.0,,B
3946,895000.0,97.0,1.0,2.0,0.0,9226.80412371134,L,1032 LL,1032.0,103,noord,False,Buiksloterham-Noord,AMSTERDAM,270.0,2016.0,A+
3948,850000.0,90.0,2.0,3.0,0.0,9444.444444444445,L,1071 LS,1071.0,107,zuid,False,Hondecoeterbuurt,AMSTERDAM,75.0,,G
3949,399000.0,53.0,2.0,3.0,0.0,7528.301886792453,S,1055 RN,1055.0,105,west,False,Landlust-Noord,AMSTERDAM,116.82,1934.0,D
3950,340000.0,45.0,2.0,3.0,0.0,7555.555555555556,XS,1067 MX,1067.0,106,nieuw_west,False,Van Tijenbuurt,AMSTERDAM,60.0,2015.0,A
3951,275000.0,53.0,1.0,2.0,1.0,5188.679245283019,S,1103 KB,1103.0,110,zuidoost,False,G-buurt-Oost,AMSTERDAM,,1974.0,B
3952,425000.0,52.0,2.0,3.0,0.0,8173.076923076923,S,1055 CN,1055.0,105,west,False,Erasmusparkbuurt-West,AMSTERDAM,,1939.0,C
3953,415000.0,59.0,2.0,3.0,0.0,7033.8983050847455,S,1055 ER,1055.0,105,west,False,Bosleeuw,AMSTERDAM,121.0,1940.0,C
3954,636525.0,82.0,2.0,3.0,1.0,7762.5,L,1101 DA,1101.0,110,zuidoost,False,Amstel III deel A/B-Noord,AMSTERDAM,,2021.0,N/A
3956,475000.0,57.0,2.0,3.0,0.0,8333.333333333334,S,1092 CS,1092.0,109,oost,False,Oosterparkbuurt-Zuidoost,AMSTERDAM,102.46,1962.0,E
3957,1150000.0,152.0,1.0,2.0,0.0,7565.789473684211,XL,1015 CJ,1015.0,101,centrum,True,Leliegracht e.o.,AMSTERDAM,312.5,1880.0,N/A
3958,550000.0,69.0,3.0,4.0,0.0,7971.014492753623,M,1078 JR,1078.0,107,zuid,False,Scheldebuurt-West,AMSTERDAM,143.0,1929.0,E
3959,450000.0,48.0,2.0,3.0,0.0,9375.0,XS,1072 KZ,1072.0,107,zuid,False,Cornelis Troostbuurt,AMSTERDAM,215.5,,B
3960,2500000.0,249.0,6.0,9.0,0.0,10040.160642570281,XL,1071 RE,1071.0,107,zuid,False,Hondecoeterbuurt,AMSTERDAM,270.0,1906.0,B
3961,280646.0,31.0,1.0,2.0,1.0,9053.09677419355,XS,1095 PA,1095.0,109,oost,False,Sluisbuurt,AMSTERDAM,,2025.0,N/A
3962,550000.0,76.0,2.0,3.0,0.0,7236.8421052631575,M,1056 EN,1056.0,105,west,False,Erasmusparkbuurt-Oost,AMSTERDAM,118.0,1939.0,B
3963,960000.0,116.0,3.0,4.0,1.0,8275.862068965518,XL,1058 GD,1058.0,105,west,False,Andreasterrein,AMSTERDAM,216.07,2009.0,A+
3964,450000.0,60.0,1.0,2.0,0.0,7500.0,S,1093 TP,1093.0,109,oost,False,Dapperbuurt-Noord,AMSTERDAM,153.0,1983.0,B
3965,385000.0,44.0,1.0,2.0,1.0,8750.0,XS,1081 EH,1081.0,108,zuid,False,Buitenveldert-Zuidwest,AMSTERDAM,160.02,1969.0,C
3966,650000.0,78.0,2.0,3.0,0.0,8333.333333333334,M,1052 XZ,1052.0,105,west,False,Frederik Hendrikbuurt-Noord,AMSTERDAM,130.0,1906.0,C
3967,485000.0,49.0,1.0,2.0,0.0,9897.959183673469,XS,1051 BV,1051.0,105,west,False,Fannius Scholtenbuurt,AMSTERDAM,117.5,1905.0,C
3968,450000.0,57.0,2.0,3.0,0.0,7894.736842105263,S,1056 CR,1056.0,105,west,False,Orteliusbuurt-Noord,AMSTERDAM,174.0,1927.0,D
3969,715000.0,76.0,2.0,3.0,0.0,9407.894736842105,M,1018 CA,1018.0,101,centrum,False,Oostenburg,AMSTERDAM,,2021.0,A+++
3970,675000.0,69.0,2.0,3.0,0.0,9782.608695652174,M,1079 WL,1079.0,107,zuid,False,Rijnbuurt-Midden,AMSTERDAM,150.0,1937.0,C
3971,635000.0,82.0,2.0,4.0,0.0,7743.90243902439,L,1017 PV,1017.0,101,centrum,True,Leidsebuurt-Noordwest,AMSTERDAM,327.66,1982.0,C
3972,450000.0,48.0,1.0,2.0,0.0,9375.0,XS,1018 CA,1018.0,101,centrum,False,Oostenburg,AMSTERDAM,0.0,2021.0,A+++
3973,295000.0,58.0,1.0,2.0,0.0,5086.206896551724,S,1025 ZB,1025.0,102,noord,False,Buikslotermeer-Noord,AMSTERDAM,265.92,1969.0,N/A
3974,750000.0,86.0,2.0,3.0,1.0,8720.93023255814,L,1053 VK,1053.0,105,west,False,Da Costabuurt-Zuid,AMSTERDAM,185.0,1997.0,C
3975,620000.0,65.0,1.0,2.0,0.0,9538.461538461539,S,1018 CA,1018.0,101,centrum,False,Oostenburg,AMSTERDAM,0.0,2021.0,A+++
3976,325000.0,82.0,3.0,4.0,0.0,3963.4146341463415,L,1107 JD,1107.0,110,zuidoost,False,Reigersbos 2,AMSTERDAM,,1981.0,C
3977,335779.0,40.0,1.0,2.0,0.0,8394.475,XS,1064 AB,1064.0,106,nieuw_west,False,Noordoever Sloterplas,AMSTERDAM,,2027.0,A++
3978,1070000.0,104.0,3.0,4.0,1.0,10288.461538461539,XL,1096 AM,1096.0,109,oost,False,De Omval,AMSTERDAM,,2021.0,A+
3979,355000.0,49.0,1.0,2.0,0.0,7244.897959183673,XS,1102 AK,1102.0,110,zuidoost,False,D-buurt,AMSTERDAM,,2021.0,A++
3980,760000.0,74.0,2.0,3.0,0.0,10270.27027027027,M,1018 CA,1018.0,101,centrum,False,Oostenburg,AMSTERDAM,,2021.0,A+++
3981,850000.0,93.0,2.0,3.0,0.0,9139.78494623656,L,1072 LJ,1072.0,107,zuid,False,Frans Halsbuurt,AMSTERDAM,50.0,1905.0,C
3982,525000.0,61.0,2.0,3.0,0.0,8606.557377049181,S,1058 CK,1058.0,105,west,False,Postjeskade e.o.,AMSTERDAM,50.0,1935.0,C
3983,450000.0,55.0,2.0,3.0,0.0,8181.818181818182,S,1013 EL,1013.0,101,west,False,Haarlemmerbuurt-Oost,AMSTERDAM,85.0,1625.0,N/A
3984,377000.0,58.0,1.0,2.0,1.0,6500.0,S,1087 VA,1087.0,108,oost,False,Centrumeiland,AMSTERDAM,,2026.0,A++
3985,945000.0,106.0,3.0,5.0,0.0,8915.094339622641,XL,1016 JC,1016.0,101,centrum,True,Passeerdersgrachtbuurt,AMSTERDAM,348.36,1905.0,N/A
3988,365000.0,107.0,3.0,4.0,1.0,3411.214953271028,XL,1103 LP,1103.0,110,zuidoost,False,G-buurt-Oost,AMSTERDAM,256.25,1975.0,N/A
3989,1050000.0,111.0,3.0,5.0,0.0,9459.45945945946,XL,1052 XN,1052.0,105,west,False,Frederik Hendrikbuurt-Noord,AMSTERDAM,136.0,1890.0,A+
3990,725000.0,58.0,2.0,3.0,0.0,12500.0,S,1071 GE,1071.0,107,zuid,False,Concertgebouwbuurt,AMSTERDAM,75.0,1892.0,B
3991,1250000.0,109.0,2.0,3.0,1.0,11467.88990825688,XL,1017 LC,1017.0,101,centrum,True,Weteringbuurt,AMSTERDAM,326.59,1929.0,A
3992,850000.0,102.0,2.0,3.0,1.0,8333.333333333334,L,1058 XE,1058.0,105,west,False,Paramariboplein e.o.,AMSTERDAM,158.19,,C
3993,300414.0,39.0,1.0,2.0,1.0,7702.923076923077,XS,1032 KW,1032.0,103,noord,False,Klaprozenbuurt,AMSTERDAM,,2025.0,N/A
3994,399000.0,50.0,1.0,2.0,1.0,7980.0,XS,1062 HE,1062.0,106,nieuw_west,False,Schipluidenbuurt,AMSTERDAM,,2026.0,A++++
3995,645000.0,88.0,1.0,3.0,0.0,7329.545454545455,L,1019 PE,1019.0,101,oost,False,Java-eiland,AMSTERDAM,223.62,2001.0,A
3996,575000.0,71.0,1.0,3.0,0.0,8098.591549295775,M,1098 CN,1098.0,109,oost,False,Linnaeusparkbuurt,AMSTERDAM,70.0,1903.0,G
3997,634000.0,83.0,2.0,3.0,0.0,7638.55421686747,L,1064 AB,1064.0,106,nieuw_west,False,Noordoever Sloterplas,AMSTERDAM,0.0,2024.0,N/A
3998,750000.0,75.0,2.0,3.0,0.0,10000.0,M,1053 CM,1053.0,105,west,False,Bellamybuurt-Zuid,AMSTERDAM,205.0,1904.0,B
3999,1300000.0,144.0,4.0,6.0,0.0,9027.777777777777,XL,1071 SE,1071.0,107,zuid,False,Banpleinbuurt,AMSTERDAM,175.0,1924.0,E
4000,504000.0,79.0,2.0,3.0,1.0,6379.7468354430375,M,1101 DA,1101.0,110,zuidoost,False,Amstel III deel A/B-Noord,AMSTERDAM,,2021.0,N/A
4001,675000.0,69.0,2.0,3.0,0.0,9782.608695652174,M,1073 XS,1073.0,107,zuid,False,Gerard Doubuurt,AMSTERDAM,198.61,1987.0,B
4002,519000.0,53.0,1.0,2.0,0.0,9792.452830188678,S,1059 XK,1059.0,105,west,False,Aalsmeerwegbuurt-West,AMSTERDAM,120.0,1933.0,C
4003,460000.0,61.0,1.0,2.0,0.0,7540.983606557377,S,1064 AB,1064.0,106,nieuw_west,False,Noordoever Sloterplas,AMSTERDAM,0.0,2024.0,N/A
4004,395000.0,35.0,1.0,2.0,0.0,11285.714285714286,XS,1057 JX,1057.0,105,west,False,Kortenaerkwartier,AMSTERDAM,100.0,,A
4005,375000.0,43.0,1.0,2.0,0.0,8720.93023255814,XS,1052 ST,1052.0,105,west,False,Frederik Hendrikbuurt-Zuidoost,AMSTERDAM,184.98,1900.0,N/A
4006,400000.0,41.0,1.0,2.0,0.0,9756.09756097561,XS,1073 BR,1073.0,107,zuid,False,Sarphatiparkbuurt,AMSTERDAM,96.6,1891.0,A
4007,499000.0,61.0,2.0,4.0,0.0,8180.327868852459,S,1079 XA,1079.0,107,zuid,False,Rijnbuurt-Midden,AMSTERDAM,60.0,1934.0,D
4008,850000.0,87.0,2.0,3.0,1.0,9770.114942528735,L,1096 AM,1096.0,109,oost,False,De Omval,AMSTERDAM,,2021.0,A+
4009,395000.0,48.0,1.0,2.0,0.0,8229.166666666666,XS,1018 CA,1018.0,101,centrum,False,Oostenburg,AMSTERDAM,0.0,2021.0,A+++
4010,534000.0,65.0,2.0,3.0,0.0,8215.384615384615,S,1064 AB,1064.0,106,nieuw_west,False,Noordoever Sloterplas,AMSTERDAM,0.0,2024.0,N/A
4011,925000.0,125.0,3.0,5.0,0.0,7400.0,XL,1091 CR,1091.0,109,oost,False,Weesperzijde-Noord,AMSTERDAM,120.0,1885.0,B
4012,495000.0,51.0,1.0,2.0,1.0,9705.882352941177,S,1012 AE,1012.0,101,centrum,False,Kop Zeedijk,AMSTERDAM,,1979.0,C
4013,777000.0,120.0,2.0,3.0,0.0,6475.0,XL,1087 GE,1087.0,108,oost,False,Rieteilanden-West,AMSTERDAM,,2002.0,N/A
4014,1250000.0,112.0,2.0,3.0,1.0,11160.714285714286,XL,1017 ZT,1017.0,101,centrum,True,Frederikspleinbuurt,AMSTERDAM,268.0,1905.0,B
4015,595000.0,80.0,1.0,2.0,1.0,7437.5,L,1082 JX,1082.0,108,zuid,False,Gelderlandpleinbuurt,AMSTERDAM,358.0,,G
4016,475000.0,50.0,1.0,2.0,0.0,9500.0,XS,1053 XC,1053.0,105,west,False,Da Costabuurt-Noord,AMSTERDAM,50.0,1905.0,A
4018,650000.0,89.0,3.0,4.0,0.0,7303.3707865168535,L,1056 CM,1056.0,105,west,False,Orteliusbuurt-Noord,AMSTERDAM,148.0,1927.0,C
4019,525000.0,65.0,1.0,2.0,0.0,8076.923076923077,S,1091 SW,1091.0,109,oost,False,Weesperzijde-Midden/Zuid,AMSTERDAM,165.0,1885.0,C
4020,295895.0,48.0,1.0,2.0,1.0,6164.479166666667,XS,1032 KW,1032.0,103,noord,False,Klaprozenbuurt,AMSTERDAM,,2025.0,N/A
4022,1150000.0,117.0,2.0,3.0,0.0,9829.059829059828,XL,1018 CA,1018.0,101,centrum,False,Oostenburg,AMSTERDAM,,2021.0,A+++
4023,683100.0,103.0,2.0,3.0,1.0,6632.038834951456,XL,1101 DA,1101.0,110,zuidoost,False,Amstel III deel A/B-Noord,AMSTERDAM,,2021.0,N/A
4026,420000.0,47.0,1.0,2.0,0.0,8936.170212765957,XS,1016 PN,1016.0,101,centrum,True,Elandsgrachtbuurt,AMSTERDAM,35.0,1884.0,C
4029,495000.0,57.0,1.0,2.0,0.0,8684.21052631579,S,1076 ND,1076.0,107,zuid,False,Van Tuyllbuurt,AMSTERDAM,90.0,1935.0,E
4030,405000.0,56.0,2.0,3.0,0.0,7232.142857142857,S,1024 KV,1024.0,102,noord,False,Markengouw-Zuid,AMSTERDAM,,2026.0,N/A
4031,300000.0,34.0,1.0,2.0,1.0,8823.529411764706,XS,1082 JE,1082.0,108,zuid,False,Buitenveldert-Zuid-Midden,AMSTERDAM,109.05,1964.0,E
4033,395000.0,45.0,1.0,2.0,0.0,8777.777777777777,XS,1072 JE,1072.0,107,zuid,False,Cornelis Troostbuurt,AMSTERDAM,118.0,1925.0,D
4034,289000.0,61.0,2.0,3.0,1.0,4737.704918032787,S,1069 EE,1069.0,106,nieuw_west,False,Dijkgraafpleinbuurt,AMSTERDAM,250.44,1966.0,B
4035,425000.0,45.0,1.0,2.0,0.0,9444.444444444445,XS,1053 LN,1053.0,105,west,False,Da Costabuurt-Noord,AMSTERDAM,125.0,1891.0,B
4036,350000.0,46.0,2.0,3.0,0.0,7608.695652173913,XS,1053 DH,1053.0,105,west,False,Da Costabuurt-Zuid,AMSTERDAM,409.08,1896.0,D
4037,1950000.0,242.0,4.0,5.0,0.0,8057.851239669421,XL,1081 JN,1081.0,108,zuid,False,Buitenveldert-Zuidwest,AMSTERDAM,200.13,1922.0,D
4038,575000.0,59.0,2.0,3.0,0.0,9745.762711864407,S,1073 RJ,1073.0,107,zuid,False,Burgemeester Tellegenbuurt-Oost,AMSTERDAM,40.0,1922.0,A
4041,790000.0,66.0,3.0,4.0,0.0,11969.69696969697,S,1017 XA,1017.0,101,centrum,True,Weteringbuurt,AMSTERDAM,,1750.0,C
4042,375000.0,79.0,2.0,3.0,0.0,4746.835443037975,M,1060 PJ,1060.0,106,nieuw_west,False,De Aker-West,AMSTERDAM,175.0,1998.0,A
4043,1850000.0,203.0,3.0,6.0,2.5,9113.300492610837,XL,1012 WH,1012.0,101,centrum,False,Spuistraat-Zuid,AMSTERDAM,207.0,1650.0,N/A
4044,550000.0,75.0,2.0,3.0,0.0,7333.333333333333,M,1055 MA,1055.0,105,west,False,Bosleeuw,AMSTERDAM,,1922.0,A
4046,510000.0,80.0,3.0,4.0,1.0,6375.0,L,1025 WK,1025.0,102,noord,False,Elzenhagen-Zuid,AMSTERDAM,,2027.0,A+++
4047,600000.0,74.0,3.0,4.0,0.0,8108.108108108108,M,1078 PW,1078.0,107,zuid,False,IJselbuurt-Oost,AMSTERDAM,,1922.0,N/A
4048,995000.0,117.0,2.0,3.0,0.0,8504.273504273504,XL,1078 MD,1078.0,107,zuid,False,Scheldebuurt-Midden,AMSTERDAM,116.0,1929.0,D
4049,380000.0,88.0,3.0,4.0,0.0,4318.181818181818,L,1102 XW,1102.0,110,zuidoost,False,Venserpolder-Oost,AMSTERDAM,189.0,1983.0,A
4050,595000.0,97.0,2.0,3.0,1.0,6134.020618556701,L,1061 MJ,1061.0,106,nieuw_west,False,Laan van Spartaan,AMSTERDAM,162.05,2013.0,A
4051,475000.0,71.0,2.0,3.0,0.0,6690.140845070423,M,1021 HJ,1021.0,102,noord,False,Vogelbuurt-Zuid,AMSTERDAM,192.15,1990.0,B
4052,535000.0,59.0,2.0,3.0,0.0,9067.796610169491,S,1054 TM,1054.0,105,west,False,Cremerbuurt-West,AMSTERDAM,89.22,1912.0,D
4053,585000.0,63.0,2.0,3.0,0.0,9285.714285714286,S,1098 CT,1098.0,109,oost,False,Middenmeer-Noord,AMSTERDAM,95.83,1910.0,C
4055,549500.0,107.0,4.0,5.0,0.0,5135.514018691589,XL,1082 CB,1082.0,108,zuid,False,Buitenveldert-Zuid-Midden,AMSTERDAM,,1960.0,C
4056,660000.0,98.0,3.0,4.0,0.0,6734.693877551021,L,1094 NW,1094.0,109,oost,False,Timorpleinbuurt-Zuid,AMSTERDAM,231.53,2015.0,A+
4057,500000.0,57.0,2.0,3.0,0.0,8771.929824561403,S,1092 HB,1092.0,109,oost,False,Transvaalbuurt-Oost,AMSTERDAM,112.0,1913.0,A
4058,625000.0,71.0,2.0,3.0,1.0,8802.81690140845,M,1031 KN,1031.0,103,noord,False,Overhoeks,AMSTERDAM,,2025.0,A++
4060,325000.0,35.0,1.0,2.0,0.0,9285.714285714286,XS,1051 XP,1051.0,105,west,False,Westerstaatsman,AMSTERDAM,175.0,1912.0,D
4061,425000.0,44.0,1.0,2.0,0.0,9659.09090909091,XS,1075 VK,1075.0,107,zuid,False,Schinkelbuurt-Noord,AMSTERDAM,167.8,1913.0,C
4062,468550.0,97.0,2.0,3.0,1.0,4830.412371134021,L,1103 AM,1103.0,110,zuidoost,False,E-buurt,AMSTERDAM,,2026.0,N/A
4063,795000.0,96.0,2.0,3.0,0.0,8281.25,L,1086 VA,1086.0,108,oost,False,Water,AMSTERDAM,283.27,2021.0,A+++
4064,450000.0,60.0,2.0,3.0,0.0,7500.0,S,1056 BB,1056.0,105,west,False,Robert Scottbuurt-Oost,AMSTERDAM,170.0,1935.0,C
4065,500000.0,63.0,1.0,2.0,0.0,7936.507936507936,S,1091 RW,1091.0,109,oost,False,Weesperzijde-Noord,AMSTERDAM,359.88,1884.0,N/A
4066,369000.0,84.0,3.0,3.0,1.0,4392.857142857143,L,1024 AL,1024.0,102,noord,False,Markengouw-Noord,AMSTERDAM,280.0,1967.0,D
4067,855000.0,77.0,2.0,3.0,1.0,11103.896103896104,M,1031 HX,1031.0,103,noord,False,Buiksloterham-Zuid,AMSTERDAM,,2021.0,A+++
4068,610000.0,103.0,3.0,4.0,1.0,5922.330097087379,XL,1025 WK,1025.0,102,noord,False,Elzenhagen-Zuid,AMSTERDAM,,2027.0,A+++
4069,395000.0,50.0,1.0,2.0,1.0,7900.0,XS,1062 HE,1062.0,106,nieuw_west,False,Schipluidenbuurt,AMSTERDAM,,2026.0,A++++
4070,650000.0,66.0,1.0,3.0,0.0,9848.484848484848,S,1075 RB,1075.0,107,zuid,False,Valeriusbuurt-West,AMSTERDAM,55.0,1913.0,C
4071,525000.0,42.0,2.0,3.0,0.0,12500.0,XS,1015 SN,1015.0,101,centrum,True,Bloemgrachtbuurt,AMSTERDAM,,1869.0,A+
4072,550000.0,88.0,2.0,3.0,0.0,6250.0,L,1034 WP,1034.0,103,noord,False,Banne-Zuidoost,AMSTERDAM,142.0,1995.0,A
4073,415000.0,84.0,4.0,5.0,0.0,4940.476190476191,L,1063 ML,1063.0,106,nieuw_west,False,Dobbebuurt,AMSTERDAM,197.0,2000.0,C
4074,840000.0,126.0,2.0,3.0,1.0,6666.666666666667,XL,1083 HM,1083.0,108,zuid,False,Vivaldi,AMSTERDAM,417.0,2006.0,A
4075,1195000.0,102.0,3.0,5.0,2.5,11715.686274509804,L,1074 HV,1074.0,107,zuid,False,Willibrordusbuurt,AMSTERDAM,152.0,1880.0,N/A
4076,640000.0,70.0,2.0,3.0,0.0,9142.857142857143,M,1078 MZ,1078.0,107,zuid,False,Scheldebuurt-Midden,AMSTERDAM,135.0,1929.0,C
4077,490000.0,96.0,2.0,3.0,1.0,5104.166666666667,L,1069 KD,1069.0,106,nieuw_west,False,Zuidwestkwadrant-Zuid,AMSTERDAM,242.24,2009.0,A+
4079,1700000.0,155.0,3.0,4.0,0.0,10967.741935483871,XL,1018 CA,1018.0,101,centrum,False,Oostenburg,AMSTERDAM,,2021.0,A+++
4080,1180000.0,110.0,3.0,4.0,0.0,10727.272727272728,XL,1017 GJ,1017.0,101,centrum,True,Vijzelstraatbuurt,AMSTERDAM,,1957.0,C
4081,450000.0,52.0,1.0,2.0,0.0,8653.846153846154,S,1017 GD,1017.0,101,centrum,True,Spiegelbuurt,AMSTERDAM,165.0,1819.0,N/A
4082,485000.0,50.0,1.0,2.0,0.0,9700.0,XS,1017 BA,1017.0,101,centrum,True,Leidsegracht-Zuid,AMSTERDAM,193.55,1700.0,N/A
4083,677925.0,103.0,2.0,3.0,0.0,6581.796116504855,XL,1101 CD,1101.0,110,zuidoost,False,Amstel III deel A/B-Noord,AMSTERDAM,,2021.0,A+++
4084,395000.0,44.0,2.0,3.0,0.0,8977.272727272728,XS,1056 XT,1056.0,105,west,False,Landlust-Zuid,AMSTERDAM,160.0,1938.0,D
4085,385000.0,41.0,1.0,2.0,0.0,9390.243902439024,XS,1073 CG,1073.0,107,zuid,False,Sarphatiparkbuurt,AMSTERDAM,132.0,1905.0,C
4086,325000.0,44.0,2.0,3.0,0.0,7386.363636363636,XS,1033 VM,1033.0,103,noord,False,Tuindorp Oostzaan-Oost,AMSTERDAM,,,N/A
4087,400000.0,85.0,3.0,4.0,1.0,4705.882352941177,L,1024 AM,1024.0,102,noord,False,Markengouw-Noord,AMSTERDAM,,1967.0,C
4088,450000.0,52.0,2.0,4.0,1.0,8653.846153846154,S,1096 DS,1096.0,109,oost,False,Weespertrekvaart,AMSTERDAM,78.0,,A
4089,395000.0,46.0,1.0,2.0,0.0,8586.95652173913,XS,1094 AX,1094.0,109,oost,False,Timorpleinbuurt-Noord,AMSTERDAM,190.09,1913.0,F
4090,800000.0,98.0,2.0,4.0,0.0,8163.265306122449,L,1053 BJ,1053.0,105,west,False,Bellamybuurt-Zuid,AMSTERDAM,265.84,1919.0,B
4093,485000.0,67.0,1.0,2.0,1.0,7238.805970149254,M,1082 KJ,1082.0,108,zuid,False,Gelderlandpleinbuurt,AMSTERDAM,325.85,1971.0,D
4094,700000.0,83.0,2.0,3.0,1.0,8433.734939759037,L,1061 AV,1061.0,106,nieuw_west,False,Overtoomse Veld-Noord,AMSTERDAM,,2027.0,A+++
4096,995000.0,122.0,3.0,4.0,1.0,8155.737704918033,XL,1016 VT,1016.0,101,centrum,True,Elandsgrachtbuurt,AMSTERDAM,487.67,1920.0,N/A
4098,399000.0,57.0,1.0,3.0,0.0,7000.0,S,1032 GG,1032.0,103,noord,False,Bloemenbuurt-Zuid,AMSTERDAM,,1929.0,A
4100,625000.0,98.0,3.0,4.0,1.0,6377.551020408163,L,1061 VX,1061.0,106,nieuw_west,False,Overtoomse Veld-Noord,AMSTERDAM,286.6,2006.0,A+
4103,575000.0,71.0,2.0,4.0,0.0,8098.591549295775,M,1052 EM,1052.0,105,west,False,Frederik Hendrikbuurt-Noord,AMSTERDAM,77.0,,C
4104,550000.0,71.0,2.0,3.0,1.0,7746.478873239436,M,1061 AA,1061.0,106,nieuw_west,False,Overtoomse Veld-Noord,AMSTERDAM,227.95,2019.0,A++
4105,395000.0,50.0,1.0,2.0,1.0,7900.0,XS,1062 HE,1062.0,106,nieuw_west,False,Schipluidenbuurt,AMSTERDAM,,2026.0,A++++
4106,395000.0,51.0,1.0,2.0,1.0,7745.098039215686,S,1062 MX,1062.0,106,nieuw_west,False,Schipluidenbuurt,AMSTERDAM,75.73,2021.0,A+++
4107,650000.0,98.0,3.0,4.0,1.0,6632.65306122449,L,1058 ER,1058.0,105,west,False,Rembrandtpark-Zuid,AMSTERDAM,273.86,1974.0,C
4108,500000.0,65.0,2.0,3.0,0.0,7692.307692307692,S,1097 VD,1097.0,109,oost,False,Betondorp,AMSTERDAM,,1925.0,B
4109,600000.0,64.0,1.0,2.0,1.0,9375.0,S,1031 KN,1031.0,103,noord,False,Overhoeks,AMSTERDAM,,2025.0,N/A
4110,1004560.0,88.0,3.0,4.0,1.0,11415.454545454546,L,1013 SG,1013.0,101,west,False,Spaarndammerbuurt-Noordwest,AMSTERDAM,,2024.0,N/A
4111,1175000.0,172.0,3.0,4.0,1.0,6831.395348837209,XL,1061 AV,1061.0,106,nieuw_west,False,Overtoomse Veld-Noord,AMSTERDAM,,2027.0,A+++
4112,450000.0,58.0,1.0,2.0,0.0,7758.620689655172,S,1057 DG,1057.0,105,west,False,Balboaplein e.o.,AMSTERDAM,150.0,1924.0,C
4113,1097500.0,153.0,4.0,6.0,0.0,7173.202614379085,XL,1013 LB,1013.0,101,west,False,Westelijke eilanden,AMSTERDAM,315.0,1890.0,A
4116,574840.0,94.0,3.0,4.0,1.0,6115.31914893617,L,1024 SN,1024.0,102,noord,False,Werengouw-Midden,AMSTERDAM,,2024.0,N/A
4117,580000.0,77.0,2.0,4.0,0.0,7532.467532467533,M,1097 ZA,1097.0,109,oost,False,Betondorp,AMSTERDAM,333.43,1924.0,E
4119,600000.0,81.0,2.0,3.0,0.0,7407.407407407408,L,1097 HL,1097.0,109,oost,False,Julianapark,AMSTERDAM,140.89,1990.0,A
4120,585000.0,72.0,2.0,4.0,0.0,8125.0,M,1031 XR,1031.0,103,noord,False,Van der Pekbuurt,AMSTERDAM,144.04,1919.0,A
4121,750000.0,135.0,3.0,4.0,1.0,5555.555555555556,XL,1082 KN,1082.0,108,zuid,False,Gelderlandpleinbuurt,AMSTERDAM,512.62,1971.0,G
4122,2075000.0,158.0,4.0,5.0,0.0,13132.911392405063,XL,1016 CR,1016.0,101,centrum,True,Passeerdersgrachtbuurt,AMSTERDAM,246.4,1906.0,N/A
4123,360000.0,43.0,1.0,2.0,1.0,8372.093023255815,XS,1064 CS,1064.0,106,nieuw_west,False,Noordoever Sloterplas,AMSTERDAM,205.0,1965.0,A
4124,720000.0,77.0,2.0,3.0,0.0,9350.64935064935,M,1018 CA,1018.0,101,centrum,False,Oostenburg,AMSTERDAM,,2021.0,A+++
4125,1095000.0,110.0,2.0,3.0,1.5,9954.545454545454,XL,1015 BB,1015.0,101,centrum,True,Langestraat e.o.,AMSTERDAM,70.0,1875.0,C
4126,415000.0,52.0,1.0,2.0,0.0,7980.7692307692305,S,1094 CJ,1094.0,109,oost,False,Timorpleinbuurt-Noord,AMSTERDAM,112.83,1902.0,A
4128,648500.0,78.0,2.0,3.0,1.0,8314.102564102564,M,1032 KL,1032.0,103,noord,False,Klaprozenbuurt,AMSTERDAM,,2025.0,A++
4129,575000.0,62.0,1.0,2.0,1.0,9274.193548387097,S,1031 KN,1031.0,103,noord,False,Overhoeks,AMSTERDAM,,2025.0,N/A
4130,560000.0,58.0,1.0,2.0,0.0,9655.172413793103,S,1018 CA,1018.0,101,centrum,False,Oostenburg,AMSTERDAM,,2021.0,A+++
4131,640000.0,79.0,2.0,3.0,0.0,8101.265822784811,M,1072 VH,1072.0,107,zuid,False,Frans Halsbuurt,AMSTERDAM,160.0,1880.0,C
4132,1250000.0,113.0,3.0,4.0,2.0,11061.946902654867,XL,1077 JD,1077.0,107,zuid,False,Prinses Irenebuurt,AMSTERDAM,564.85,1958.0,D
4133,850000.0,119.0,3.0,4.0,0.0,7142.857142857143,XL,1083 JD,1083.0,108,zuid,False,De Klenckebuurt,AMSTERDAM,132.34,1988.0,A
4135,519500.0,67.0,2.0,3.0,0.0,7753.731343283582,M,1093 SL,1093.0,109,oost,False,Dapperbuurt-Noord,AMSTERDAM,,1914.0,D
4136,925000.0,123.0,5.0,6.0,0.0,7520.325203252032,XL,1091 BB,1091.0,109,oost,False,Oosterparkbuurt-Noordwest,AMSTERDAM,251.0,1903.0,C
4138,400000.0,41.0,1.0,1.0,0.0,9756.09756097561,XS,1018 CA,1018.0,101,centrum,False,Oostenburg,AMSTERDAM,,2021.0,A+++
4140,575000.0,66.0,2.0,3.0,0.0,8712.121212121212,S,1056 NV,1056.0,105,west,False,Orteliusbuurt-Noord,AMSTERDAM,100.0,1927.0,C
4142,298000.0,53.0,1.0,2.0,1.0,5622.641509433963,S,1103 LG,1103.0,110,zuidoost,False,G-buurt-Oost,AMSTERDAM,289.0,1975.0,C
4143,450000.0,53.0,1.0,2.0,0.0,8490.566037735849,S,1019 EG,1019.0,101,oost,False,Architectenbuurt,AMSTERDAM,133.66,1988.0,B
4144,625000.0,68.0,2.0,3.0,0.0,9191.176470588236,M,1058 VV,1058.0,105,west,False,Paramariboplein e.o.,AMSTERDAM,126.84,1922.0,B
4146,425000.0,52.0,2.0,4.0,0.0,8173.076923076923,S,1057 SW,1057.0,105,west,False,Balboaplein e.o.,AMSTERDAM,81.94,1927.0,C
4148,260000.0,48.0,1.0,2.0,0.0,5416.666666666667,XS,1102 RZ,1102.0,110,zuidoost,False,Venserpolder-West,AMSTERDAM,149.63,1986.0,C
4149,525000.0,67.0,2.0,3.0,0.0,7835.820895522388,M,1091 DL,1091.0,109,oost,False,Oosterparkbuurt-Noordwest,AMSTERDAM,,1989.0,B
4150,1150000.0,117.0,3.0,4.0,0.0,9829.059829059828,XL,1018 CA,1018.0,101,centrum,False,Oostenburg,AMSTERDAM,0.0,2021.0,A+++
4151,425000.0,96.0,2.0,3.0,1.0,4427.083333333333,L,1060 TV,1060.0,106,nieuw_west,False,De Aker-Oost,AMSTERDAM,170.0,1998.0,A
4152,400000.0,55.0,2.0,3.0,0.0,7272.727272727273,S,1055 AN,1055.0,105,west,False,Erasmusparkbuurt-West,AMSTERDAM,,1940.0,F
4153,400000.0,74.0,3.0,4.0,0.0,5405.405405405405,M,1024 VB,1024.0,102,noord,False,Werengouw-Midden,AMSTERDAM,,1966.0,C
4156,250000.0,29.0,1.0,1.0,1.0,8620.689655172413,XS,1055 AA,1055.0,105,west,False,Robert Scottbuurt-West,AMSTERDAM,110.45,1960.0,B
4157,775000.0,86.0,2.0,3.0,1.0,9011.627906976744,L,1032 KE,1032.0,103,noord,False,Buiksloterham-Noord,AMSTERDAM,30.0,2017.0,A
4158,283377.0,31.0,1.0,2.0,1.0,9141.193548387097,XS,1095 PA,1095.0,109,oost,False,Sluisbuurt,AMSTERDAM,,2025.0,N/A
4159,450000.0,48.0,1.0,2.0,0.0,9375.0,XS,1018 CA,1018.0,101,centrum,False,Oostenburg,AMSTERDAM,,2021.0,A+++
4160,1100000.0,147.0,2.0,4.0,1.0,7482.993197278912,XL,1013 BD,1013.0,101,west,False,Houthavens-West,AMSTERDAM,208.11,2016.0,A++
4161,1350000.0,153.0,2.0,4.0,0.0,8823.529411764706,XL,1017 KJ,1017.0,101,centrum,True,Leidsebuurt-Noordoost,AMSTERDAM,311.0,1895.0,N/A
4162,365000.0,39.0,1.0,1.0,0.0,9358.97435897436,XS,1018 CA,1018.0,101,centrum,False,Oostenburg,AMSTERDAM,,2021.0,A+++
4164,4000000.0,387.0,5.0,9.0,4.5,10335.917312661499,XL,1018 AW,1018.0,101,centrum,False,Kadijken,AMSTERDAM,1183.12,1840.0,A++
4165,665000.0,80.0,2.0,3.0,0.0,8312.5,L,1074 GD,1074.0,107,zuid,False,Diamantbuurt,AMSTERDAM,229.38,1929.0,D
4166,627500.0,70.0,2.0,3.0,0.0,8964.285714285714,M,1096 DS,1096.0,109,oost,False,Weespertrekvaart,AMSTERDAM,,2024.0,N/A
4167,542000.0,61.0,1.0,2.0,0.0,8885.245901639344,S,1095 AM,1095.0,109,oost,False,Makassarpleinbuurt,AMSTERDAM,0.0,2021.0,N/A
4168,995000.0,109.0,3.0,4.0,1.0,9128.440366972478,XL,1033 RD,1033.0,103,noord,False,NDSM terrein,AMSTERDAM,209.06,2020.0,A
4169,450000.0,54.0,2.0,3.0,0.0,8333.333333333334,S,1094 GG,1094.0,109,oost,False,Timorpleinbuurt-Noord,AMSTERDAM,,1912.0,C
4170,895000.0,79.0,2.0,4.0,1.0,11329.113924050633,M,1058 LK,1058.0,105,west,False,Westlandgrachtbuurt,AMSTERDAM,150.86,1931.0,C
4171,1250000.0,137.0,4.0,5.0,1.0,9124.087591240876,XL,1082 MT,1082.0,108,zuid,False,Zuidas-Zuid,AMSTERDAM,,2010.0,A+
4172,550000.0,79.0,1.0,2.0,0.0,6962.025316455696,M,1053 EC,1053.0,105,west,False,Da Costabuurt-Noord,AMSTERDAM,104.86,1893.0,B
4173,335779.0,38.0,1.0,2.0,0.0,8836.28947368421,XS,1064 AB,1064.0,106,nieuw_west,False,Noordoever Sloterplas,AMSTERDAM,,2027.0,A++
4175,654000.0,106.0,3.0,4.0,1.0,6169.811320754717,XL,1101 DA,1101.0,110,zuidoost,False,Amstel III deel A/B-Noord,AMSTERDAM,,2022.0,N/A
4176,283377.0,30.0,1.0,2.0,1.0,9445.9,XS,1095 PA,1095.0,109,oost,False,Sluisbuurt,AMSTERDAM,,2025.0,N/A
4177,375000.0,92.0,3.0,5.0,1.0,4076.086956521739,L,1035 CK,1035.0,103,noord,False,Molenwijk,AMSTERDAM,,1968.0,N/A
4179,575000.0,88.0,3.0,4.0,0.0,6534.090909090909,L,1021 EW,1021.0,102,noord,False,Vogelbuurt-Zuid,AMSTERDAM,161.45,1981.0,B
4180,495000.0,55.0,2.0,3.0,0.0,9000.0,S,1072 HD,1072.0,107,zuid,False,Lizzy Ansinghbuurt,AMSTERDAM,75.0,1904.0,D
4181,375000.0,88.0,2.0,3.0,1.0,4261.363636363636,L,1025 DW,1025.0,102,noord,False,Buikslotermeer-Noord,AMSTERDAM,,1974.0,C
4182,795000.0,97.0,2.0,3.0,0.0,8195.876288659794,L,1057 ET,1057.0,105,west,False,Balboaplein e.o.,AMSTERDAM,221.0,2004.0,A
4183,625000.0,79.0,2.0,3.0,0.0,7911.392405063291,M,1051 GX,1051.0,105,west,False,Westerstaatsman,AMSTERDAM,75.0,1907.0,A
4185,415000.0,98.0,2.0,3.0,1.0,4234.693877551021,L,1103 DV,1103.0,110,zuidoost,False,G-buurt-West,AMSTERDAM,343.38,1999.0,A
4186,700000.0,109.0,2.0,3.0,1.0,6422.018348623853,XL,1013 HS,1013.0,101,west,False,Haarlemmerbuurt-West,AMSTERDAM,242.54,2012.0,B
4187,857500.0,108.0,3.0,4.0,1.0,7939.814814814815,XL,1061 AV,1061.0,106,nieuw_west,False,Overtoomse Veld-Noord,AMSTERDAM,,2021.0,A+++
4189,720000.0,76.0,2.0,3.0,0.0,9473.684210526315,M,1018 CA,1018.0,101,centrum,False,Oostenburg,AMSTERDAM,,2021.0,A+++
4190,475000.0,71.0,2.0,4.0,0.0,6690.140845070423,M,1018 AS,1018.0,101,centrum,False,Wittenburg,AMSTERDAM,167.13,1988.0,A
4191,508000.0,80.0,2.0,3.0,1.0,6350.0,L,1101 DA,1101.0,110,zuidoost,False,Amstel III deel A/B-Noord,AMSTERDAM,,2022.0,N/A
4192,975000.0,97.0,2.0,4.0,0.0,10051.546391752578,L,1052 CX,1052.0,105,west,False,Frederik Hendrikbuurt-Zuidoost,AMSTERDAM,113.0,1885.0,B
4193,845000.0,97.0,2.0,3.0,0.0,8711.340206185567,L,1095 AM,1095.0,109,oost,False,Makassarpleinbuurt,AMSTERDAM,0.0,2021.0,N/A
4194,295000.0,39.0,1.0,1.0,1.0,7564.102564102564,XS,1105 BM,1105.0,110,zuidoost,False,Amstel III deel A/B-Zuid,AMSTERDAM,,1999.0,A++
4197,449500.0,57.0,2.0,3.0,0.0,7885.964912280701,S,1018 PA,1018.0,101,centrum,False,Czaar Peterbuurt,AMSTERDAM,139.0,1987.0,B
4198,650000.0,98.0,3.0,4.0,1.0,6632.65306122449,L,1058 EJ,1058.0,105,west,False,Rembrandtpark-Zuid,AMSTERDAM,264.78,1974.0,C
4199,431500.0,59.0,1.0,2.0,1.0,7313.559322033899,S,1101 BA,1101.0,110,zuidoost,False,Amstel III deel A/B-Noord,AMSTERDAM,0.0,2024.0,N/A
4200,790000.0,111.0,2.0,3.0,1.0,7117.117117117117,XL,1012 TW,1012.0,101,centrum,False,Spuistraat-Noord,AMSTERDAM,214.0,1720.0,N/A
4201,449000.0,45.0,2.0,3.0,0.0,9977.777777777777,XS,1092 AX,1092.0,109,oost,False,Oosterparkbuurt-Zuidoost,AMSTERDAM,,1906.0,B
4202,569840.0,94.0,3.0,4.0,1.0,6062.127659574468,L,1024 SN,1024.0,102,noord,False,Werengouw-Midden,AMSTERDAM,0.0,2024.0,N/A
4203,295000.0,32.0,1.0,2.0,0.0,9218.75,XS,1083 TW,1083.0,108,zuid,False,Buitenveldert-Oost-Midden,AMSTERDAM,96.13,1962.0,C
4204,385000.0,38.0,1.0,2.0,0.0,10131.578947368422,XS,1072 XT,1072.0,107,zuid,False,Frans Halsbuurt,AMSTERDAM,50.0,1880.0,C
4205,600000.0,65.0,2.0,3.0,0.0,9230.76923076923,S,1016 LK,1016.0,101,centrum,True,Bloemgrachtbuurt,AMSTERDAM,123.0,1984.0,B
4207,749000.0,76.0,2.0,3.0,0.0,9855.263157894737,M,1053 TH,1053.0,105,west,False,Bellamybuurt-Noord,AMSTERDAM,132.38,,C
4208,649000.0,81.0,2.0,2.0,0.0,8012.3456790123455,L,1079 KJ,1079.0,107,zuid,False,Scheldebuurt-Oost,AMSTERDAM,238.15,1928.0,N/A
4209,732263.0,114.0,3.0,4.0,1.0,6423.359649122807,XL,1101 DA,1101.0,110,zuidoost,False,Amstel III deel A/B-Noord,AMSTERDAM,,2022.0,N/A
4210,399000.0,47.0,1.0,2.0,0.0,8489.36170212766,XS,1079 VM,1079.0,107,zuid,False,Kromme Mijdrechtbuurt,AMSTERDAM,116.0,1924.0,C
4211,445000.0,59.0,1.0,2.0,0.0,7542.372881355932,S,1012 PV,1012.0,101,centrum,False,Nieuwe Kerk e.o.,AMSTERDAM,,1996.0,N/A
4213,2495000.0,213.0,3.0,6.0,2.5,11713.615023474178,XL,1077 LS,1077.0,107,zuid,False,Minervabuurt-Noord,AMSTERDAM,,1930.0,D
4214,350000.0,42.0,1.0,2.0,0.0,8333.333333333334,XS,1017 NE,1017.0,101,centrum,True,Leidsebuurt-Noordoost,AMSTERDAM,138.0,1934.0,C
4215,495000.0,54.0,3.0,4.0,0.0,9166.666666666666,S,1079 KT,1079.0,107,zuid,False,Kromme Mijdrechtbuurt,AMSTERDAM,201.0,1926.0,D
4216,279000.0,61.0,2.0,3.0,1.0,4573.770491803279,S,1069 TS,1069.0,106,nieuw_west,False,Dijkgraafpleinbuurt,AMSTERDAM,208.0,1966.0,C
4217,1890000.0,171.0,3.0,5.0,0.0,11052.631578947368,XL,1018 CA,1018.0,101,centrum,False,Oostenburg,AMSTERDAM,,2021.0,A+++
4218,550000.0,65.0,2.0,3.0,0.0,8461.538461538461,S,1071 VG,1071.0,107,zuid,False,Duivelseiland,AMSTERDAM,125.0,1902.0,D
4219,599000.0,91.0,3.0,5.0,0.0,6582.417582417583,L,1094 PB,1094.0,109,oost,False,Timorpleinbuurt-Zuid,AMSTERDAM,152.05,1979.0,B
4221,1750000.0,305.0,5.0,8.0,0.0,5737.704918032787,XL,1077 JP,1077.0,107,zuid,False,Minervabuurt-Zuid,AMSTERDAM,549.0,1930.0,E
4222,750000.0,120.0,3.0,4.0,1.0,6250.0,XL,1087 VX,1087.0,108,oost,False,Centrumeiland,AMSTERDAM,239.0,2022.0,A+++
4224,1250000.0,205.0,5.0,6.0,0.0,6097.5609756097565,XL,1019 TH,1019.0,101,oost,False,Sporenburg,AMSTERDAM,215.0,1998.0,A+
4225,600000.0,68.0,3.0,4.0,0.0,8823.529411764706,M,1055 DJ,1055.0,105,west,False,Erasmusparkbuurt-West,AMSTERDAM,244.06,1950.0,A
4226,600000.0,93.0,3.0,4.0,0.0,6451.612903225807,L,1056 AK,1056.0,105,west,False,Robert Scottbuurt-West,AMSTERDAM,150.06,1949.0,C
4227,375000.0,89.0,2.0,3.0,0.0,4213.483146067416,L,1024 LD,1024.0,102,noord,False,Werengouw-Zuid,AMSTERDAM,158.51,1968.0,C
4229,537000.0,81.0,2.0,3.0,1.0,6629.62962962963,L,1101 DA,1101.0,110,zuidoost,False,Amstel III deel A/B-Noord,AMSTERDAM,,2022.0,N/A
4230,650000.0,99.0,4.0,5.0,0.0,6565.656565656565,L,1053 JB,1053.0,105,west,False,Borgerbuurt,AMSTERDAM,255.0,1989.0,A
4231,400000.0,35.0,1.0,2.0,0.0,11428.57142857143,XS,1016 NL,1016.0,101,centrum,True,Bloemgrachtbuurt,AMSTERDAM,100.0,1884.0,C
4232,375000.0,41.0,1.0,2.0,0.0,9146.341463414634,XS,1057 PW,1057.0,105,west,False,Orteliusbuurt-Zuid,AMSTERDAM,50.0,1924.0,D
4233,525000.0,93.0,2.0,3.0,1.0,5645.1612903225805,L,1061 XZ,1061.0,106,nieuw_west,False,Overtoomse Veld-Noord,AMSTERDAM,147.09,2008.0,A
4235,585000.0,96.0,3.0,4.0,0.0,6093.75,L,1056 AE,1056.0,105,west,False,Robert Scottbuurt-West,AMSTERDAM,151.92,1949.0,D
4236,485000.0,64.0,2.0,3.0,0.0,7578.125,S,1064 AB,1064.0,106,nieuw_west,False,Noordoever Sloterplas,AMSTERDAM,0.0,2024.0,N/A
4237,600000.0,74.0,2.0,4.0,0.0,8108.108108108108,M,1055 HC,1055.0,105,west,False,Bosleeuw,AMSTERDAM,133.96,1940.0,E
4238,283377.0,31.0,1.0,2.0,1.0,9141.193548387097,XS,1095 PA,1095.0,109,oost,False,Sluisbuurt,AMSTERDAM,,2025.0,N/A
4239,654000.0,74.0,2.0,3.0,0.0,8837.837837837838,M,1073 JC,1073.0,107,zuid,False,BurgemeesterTellegenbuurt-West,AMSTERDAM,111.63,1924.0,A
4240,700000.0,74.0,2.0,3.0,1.0,9459.45945945946,M,1057 PT,1057.0,105,west,False,Filips van Almondekwartier,AMSTERDAM,225.0,2011.0,A
4241,280646.0,32.0,1.0,2.0,1.0,8770.1875,XS,1095 PA,1095.0,109,oost,False,Sluisbuurt,AMSTERDAM,,2025.0,N/A
4243,550000.0,65.0,2.0,3.0,0.0,8461.538461538461,S,1056 GP,1056.0,105,west,False,Trompbuurt,AMSTERDAM,60.0,1910.0,B
4245,1450000.0,156.0,3.0,5.0,0.0,9294.871794871795,XL,1071 NM,1071.0,107,zuid,False,Cornelis Schuytbuurt,AMSTERDAM,90.76,1903.0,D
4246,905000.0,93.0,2.0,3.0,1.0,9731.182795698925,L,1096 GV,1096.0,109,oost,False,Amstelkwartier-Noord,AMSTERDAM,,2021.0,A+++
4247,449000.0,50.0,2.0,3.0,0.0,8980.0,XS,1058 XS,1058.0,105,west,False,Paramariboplein e.o.,AMSTERDAM,109.0,,D
4249,750000.0,117.0,3.0,5.0,0.0,6410.25641025641,XL,1056 GD,1056.0,105,west,False,Erasmusparkbuurt-Oost,AMSTERDAM,157.96,1911.0,D
4250,435000.0,61.0,3.0,4.0,0.0,7131.147540983607,S,1055 GZ,1055.0,105,west,False,Bosleeuw,AMSTERDAM,174.04,1950.0,D
4251,399000.0,50.0,1.0,2.0,1.0,7980.0,XS,1062 HE,1062.0,106,nieuw_west,False,Schipluidenbuurt,AMSTERDAM,,2026.0,A++++
4254,700000.0,83.0,2.0,3.0,0.0,8433.734939759037,L,1056 XD,1056.0,105,west,False,Landlust-Zuid,AMSTERDAM,121.38,1938.0,C
4256,1500000.0,165.0,3.0,5.0,0.0,9090.90909090909,XL,1018 CA,1018.0,101,centrum,False,Oostenburg,AMSTERDAM,,2021.0,A+++
4257,460000.0,59.0,2.0,3.0,0.0,7796.610169491525,S,1059 XL,1059.0,105,west,False,Aalsmeerwegbuurt-West,AMSTERDAM,164.58,,B
4259,400000.0,90.0,2.0,3.0,1.0,4444.444444444444,L,1069 DA,1069.0,106,nieuw_west,False,Zuidwestkwadrant-Noord,AMSTERDAM,227.35,2004.0,B
4261,405000.0,56.0,2.0,3.0,0.0,7232.142857142857,S,1024 KV,1024.0,102,noord,False,Markengouw-Zuid,AMSTERDAM,,2026.0,N/A
4262,590000.0,68.0,2.0,3.0,0.0,8676.470588235294,M,1076 SN,1076.0,107,zuid,False,Marathonbuurt-Oost,AMSTERDAM,195.51,1930.0,D
4263,852500.0,100.0,3.0,4.0,1.0,8525.0,L,1061 AV,1061.0,106,nieuw_west,False,Overtoomse Veld-Noord,AMSTERDAM,,2027.0,A+++
4264,599000.0,63.0,1.0,2.0,0.0,9507.936507936507,S,1013 HP,1013.0,101,west,False,Haarlemmerbuurt-West,AMSTERDAM,189.0,1938.0,B
4265,475000.0,53.0,2.0,4.0,0.0,8962.264150943396,S,1059 VN,1059.0,105,west,False,Aalsmeerwegbuurt-Oost,AMSTERDAM,,1929.0,C
4266,495000.0,97.0,3.0,4.0,1.0,5103.092783505154,L,1069 KE,1069.0,106,nieuw_west,False,Zuidwestkwadrant-Zuid,AMSTERDAM,309.7,2008.0,A
4267,540000.0,40.0,1.0,2.0,0.0,13500.0,XS,1071 VR,1071.0,107,zuid,False,Duivelseiland,AMSTERDAM,148.07,1900.0,A
4269,3600000.0,148.0,3.0,4.0,3.5,24324.324324324323,XL,1071 CH,1071.0,107,zuid,False,Concertgebouwbuurt,AMSTERDAM,275.0,2016.0,A
4270,330000.0,43.0,1.0,2.0,0.0,7674.418604651163,XS,1093 XA,1093.0,109,oost,False,Dapperbuurt-Zuid,AMSTERDAM,21.22,1893.0,E
4271,375000.0,32.0,1.0,2.0,0.0,11718.75,XS,1072 VN,1072.0,107,zuid,False,Gerard Doubuurt,AMSTERDAM,100.15,1875.0,A
4272,1750000.0,147.0,2.0,4.0,1.0,11904.761904761905,XL,1022 AB,1022.0,102,noord,False,Vliegenbos,AMSTERDAM,,2024.0,A+++
4273,525000.0,71.0,2.0,3.0,0.0,7394.366197183099,M,1018 LZ,1018.0,101,centrum,False,Wittenburg,AMSTERDAM,130.89,1990.0,A
4274,400000.0,46.0,1.0,2.0,0.0,8695.652173913044,XS,1076 VB,1076.0,107,zuid,False,Marathonbuurt-West,AMSTERDAM,108.0,1925.0,C
4277,415000.0,46.0,2.0,3.0,0.0,9021.739130434782,XS,1092 BA,1092.0,109,oost,False,Oosterparkbuurt-Zuidoost,AMSTERDAM,70.0,1965.0,D
4278,395000.0,43.0,1.0,2.0,0.0,9186.046511627907,XS,1053 GC,1053.0,105,west,False,Bellamybuurt-Zuid,AMSTERDAM,193.45,1897.0,C
4279,645000.0,76.0,2.0,3.0,0.0,8486.842105263158,M,1057 BH,1057.0,105,west,False,Orteliusbuurt-Midden,AMSTERDAM,140.0,1927.0,D
4280,825000.0,138.0,3.0,5.0,0.0,5978.260869565217,XL,1095 MA,1095.0,109,oost,False,Sportheldenbuurt,AMSTERDAM,75.0,2021.0,A+
4281,350000.0,70.0,2.0,3.0,0.0,5000.0,M,1102 VD,1102.0,110,zuidoost,False,Venserpolder-West,AMSTERDAM,145.66,1984.0,B
4282,447000.0,59.0,1.0,2.0,1.0,7576.271186440678,S,1101 BA,1101.0,110,zuidoost,False,Amstel III deel A/B-Noord,AMSTERDAM,,2025.0,A+
4283,435000.0,60.0,1.0,2.0,0.0,7250.0,S,1021 EZ,1021.0,102,noord,False,Vogelbuurt-Zuid,AMSTERDAM,149.3,1981.0,C
4284,755000.0,79.0,2.0,3.0,0.0,9556.962025316456,M,1018 CA,1018.0,101,centrum,False,Oostenburg,AMSTERDAM,,2021.0,A+++
4285,500000.0,62.0,2.0,3.0,0.0,8064.5161290322585,S,1073 NC,1073.0,107,zuid,False,Burgemeester Tellegenbuurt-Oost,AMSTERDAM,139.19,1922.0,C
4286,499000.0,86.0,2.0,3.0,0.0,5802.325581395349,L,1025 XG,1025.0,102,noord,False,Buikslotermeerplein,AMSTERDAM,158.48,2009.0,A
4287,400000.0,49.0,1.0,2.0,0.0,8163.265306122449,XS,1097 WV,1097.0,109,oost,False,Betondorp,AMSTERDAM,141.0,1925.0,D
4288,4980000.0,233.0,3.0,4.0,2.5,21373.390557939914,XL,1075 AJ,1075.0,107,zuid,False,Willemsparkbuurt-Noord,AMSTERDAM,368.9,2024.0,A
4290,340000.0,34.0,1.0,2.0,0.0,10000.0,XS,1053 VN,1053.0,105,west,False,Bellamybuurt-Zuid,AMSTERDAM,79.44,1895.0,B
4291,1010000.0,96.0,2.0,3.0,0.0,10520.833333333334,L,1018 CA,1018.0,101,centrum,False,Oostenburg,AMSTERDAM,,2021.0,A+++
4292,632500.0,80.0,2.0,3.0,1.0,7906.25,L,1061 AV,1061.0,106,nieuw_west,False,Overtoomse Veld-Noord,AMSTERDAM,,2027.0,A+++
4293,500000.0,85.0,2.0,3.0,1.0,5882.35294117647,L,1087 EK,1087.0,108,oost,False,Ed Pelsterparkbuurt,AMSTERDAM,176.0,2010.0,A++
4294,325000.0,28.0,1.0,2.0,0.0,11607.142857142857,XS,1091 VE,1091.0,109,oost,False,Oosterparkbuurt-Zuidwest,AMSTERDAM,60.0,1905.0,C
4295,899000.0,91.0,4.0,5.0,0.0,9879.12087912088,L,1075 CD,1075.0,107,zuid,False,Willemsparkbuurt-Noord,AMSTERDAM,171.96,1911.0,N/A
4296,850000.0,96.0,3.0,4.0,0.0,8854.166666666666,L,1092 GM,1092.0,109,oost,False,Transvaalbuurt-Oost,AMSTERDAM,222.08,1909.0,C
4297,645000.0,107.0,3.0,4.0,1.0,6028.0373831775705,XL,1025 WK,1025.0,102,noord,False,Elzenhagen-Zuid,AMSTERDAM,,2027.0,A+++
4298,995000.0,98.0,3.0,4.0,1.0,10153.061224489797,L,1078 VV,1078.0,107,zuid,False,Scheldebuurt-West,AMSTERDAM,130.0,1929.0,C
4299,625000.0,101.0,3.0,5.0,1.0,6188.118811881188,L,1061 VX,1061.0,106,nieuw_west,False,Overtoomse Veld-Noord,AMSTERDAM,285.98,2007.0,A
4300,385000.0,93.0,2.0,3.0,1.0,4139.784946236559,L,1063 PW,1063.0,106,nieuw_west,False,Jan de Louterbuurt,AMSTERDAM,205.0,1997.0,B
4301,1350000.0,178.0,3.0,5.0,0.0,7584.269662921349,XL,1077 RG,1077.0,107,zuid,False,Minervabuurt-Noord,AMSTERDAM,362.68,,B
4302,669000.0,73.0,2.0,3.0,0.0,9164.383561643835,M,1054 JC,1054.0,105,west,False,WG-terrein,AMSTERDAM,174.64,1904.0,B
4304,600000.0,95.0,3.0,4.0,1.0,6315.789473684211,L,1055 AB,1055.0,105,west,False,Erasmusparkbuurt-West,AMSTERDAM,214.0,2008.0,A
4305,650000.0,107.0,3.0,4.0,0.0,6074.7663551401865,XL,1034 KE,1034.0,103,noord,False,Banne-Zuidoost,AMSTERDAM,,2020.0,A
4306,625000.0,68.0,2.0,3.0,0.0,9191.176470588236,M,1073 CK,1073.0,107,zuid,False,Sarphatiparkbuurt,AMSTERDAM,226.46,1905.0,A
4307,475000.0,98.0,3.0,4.0,1.0,4846.938775510204,L,1060 TW,1060.0,106,nieuw_west,False,De Aker-Oost,AMSTERDAM,179.0,1998.0,B
4308,789011.0,100.0,2.0,3.0,1.0,7890.11,L,1087 HW,1087.0,108,oost,False,Havenkwartier IJburg,AMSTERDAM,306.0,2022.0,A++
4309,365000.0,79.0,2.0,3.0,0.0,4620.2531645569625,M,1107 TG,1107.0,110,zuidoost,False,Reigersbos 4,AMSTERDAM,171.95,1983.0,N/A
4310,650000.0,76.0,2.0,3.0,1.0,8552.631578947368,M,1057 ZH,1057.0,105,west,False,Kortenaerkwartier,AMSTERDAM,198.0,1925.0,A
4311,1075000.0,96.0,2.0,3.0,0.0,11197.916666666666,L,1074 HX,1074.0,107,zuid,False,Willibrordusbuurt,AMSTERDAM,253.14,2022.0,A+++
4312,450000.0,47.0,1.0,2.0,0.0,9574.468085106382,XS,1079 NN,1079.0,107,zuid,False,Rijnbuurt-Midden,AMSTERDAM,,1935.0,C
4313,335779.0,40.0,1.0,2.0,0.0,8394.475,XS,1064 AB,1064.0,106,nieuw_west,False,Noordoever Sloterplas,AMSTERDAM,,2027.0,A++
4314,850000.0,89.0,3.0,4.0,0.0,9550.561797752809,L,1056 HL,1056.0,105,west,False,Landlust-Zuid,AMSTERDAM,,1924.0,A
4318,1170000.0,142.0,2.0,3.0,0.0,8239.43661971831,XL,1018 MT,1018.0,101,centrum,False,Wittenburg,AMSTERDAM,349.94,1670.0,N/A
4319,511000.0,80.0,3.0,4.0,1.0,6387.5,L,1102 DR,1102.0,110,zuidoost,False,Amsterdamse Poort,AMSTERDAM,,2025.0,A++
4320,540000.0,80.0,3.0,4.0,0.0,6750.0,L,1024 KV,1024.0,102,noord,False,Markengouw-Zuid,AMSTERDAM,,2026.0,N/A
4321,550000.0,62.0,1.0,2.0,0.0,8870.967741935483,S,1018 CA,1018.0,101,centrum,False,Oostenburg,AMSTERDAM,0.0,2021.0,A+++
4322,550000.0,92.0,2.0,3.0,1.0,5978.260869565217,L,1081 CZ,1081.0,108,zuid,False,Buitenveldert-Zuidwest,AMSTERDAM,244.0,1969.0,C
4324,296557.0,50.0,1.0,2.0,1.0,5931.14,XS,1032 KW,1032.0,103,noord,False,Klaprozenbuurt,AMSTERDAM,,2025.0,N/A
4325,590000.0,96.0,2.0,3.0,1.0,6145.833333333333,L,1025 WK,1025.0,102,noord,False,Elzenhagen-Zuid,AMSTERDAM,,2027.0,A++
4326,525000.0,71.0,2.0,3.0,0.0,7394.366197183099,M,1055 ME,1055.0,105,west,False,Bosleeuw,AMSTERDAM,77.0,1925.0,C
4327,600000.0,68.0,2.0,3.0,0.0,8823.529411764706,M,1052 HZ,1052.0,105,west,False,Frederik Hendrikbuurt-Zuidoost,AMSTERDAM,63.0,1905.0,D
4328,589000.0,89.0,2.0,3.0,1.0,6617.9775280898875,L,1101 DA,1101.0,110,zuidoost,False,Amstel III deel A/B-Noord,AMSTERDAM,,2022.0,N/A
4330,385000.0,85.0,2.0,3.0,1.0,4529.411764705882,L,1024 AV,1024.0,102,noord,False,Markengouw-Noord,AMSTERDAM,261.27,1968.0,A
4331,722500.0,91.0,2.0,3.0,1.0,7939.56043956044,L,1061 AV,1061.0,106,nieuw_west,False,Overtoomse Veld-Noord,AMSTERDAM,,2027.0,A+++
4332,3275000.0,252.0,6.0,8.0,3.0,12996.031746031746,XL,1071 HC,1071.0,107,zuid,False,Cornelis Schuytbuurt,AMSTERDAM,250.0,1898.0,N/A
4333,425000.0,45.0,1.0,2.0,0.0,9444.444444444445,XS,1018 ED,1018.0,101,centrum,False,Weesperbuurt,AMSTERDAM,100.0,1956.0,G
4334,400000.0,62.0,1.0,2.0,1.0,6451.612903225807,S,1025 JD,1025.0,102,noord,False,Plan van Gool,AMSTERDAM,239.95,1972.0,C
4335,335779.0,40.0,1.0,2.0,0.0,8394.475,XS,1064 AB,1064.0,106,nieuw_west,False,Noordoever Sloterplas,AMSTERDAM,,2027.0,A++
4336,365000.0,44.0,1.0,2.0,0.0,8295.454545454546,XS,1093 AE,1093.0,109,oost,False,Dapperbuurt-Noord,AMSTERDAM,155.03,1905.0,A
4337,775000.0,89.0,2.0,3.0,0.0,8707.865168539325,L,1057 EP,1057.0,105,west,False,Columbusplein e.o.,AMSTERDAM,163.42,1929.0,B
4338,540000.0,66.0,1.0,2.0,0.0,8181.818181818182,S,1097 RB,1097.0,109,oost,False,De Wetbuurt,AMSTERDAM,69.54,1925.0,E
4340,599000.0,62.0,2.0,3.0,0.0,9661.290322580646,S,1091 BX,1091.0,109,oost,False,Oosterparkbuurt-Noordwest,AMSTERDAM,112.04,1899.0,C
4341,800000.0,72.0,2.0,3.0,0.0,11111.111111111111,M,1075 EV,1075.0,107,zuid,False,Valeriusbuurt-West,AMSTERDAM,75.0,1913.0,D
4342,385000.0,44.0,1.0,2.0,0.0,8750.0,XS,1051 VP,1051.0,105,west,False,Buyskade e.o.,AMSTERDAM,79.5,1924.0,B
4343,525000.0,78.0,2.0,3.0,1.0,6730.7692307692305,M,1082 TW,1082.0,108,zuid,False,Gelderlandpleinbuurt,AMSTERDAM,242.68,1964.0,C
4344,375000.0,34.0,1.0,2.0,0.0,11029.411764705883,XS,1053 DZ,1053.0,105,west,False,Da Costabuurt-Noord,AMSTERDAM,126.17,1893.0,B
4345,875000.0,105.0,2.0,4.0,0.0,8333.333333333334,XL,1011 HT,1011.0,101,centrum,False,Zuiderkerkbuurt,AMSTERDAM,150.0,1736.0,D
4346,495000.0,65.0,1.0,3.0,0.0,7615.384615384615,S,1059 AS,1059.0,105,west,False,Aalsmeerwegbuurt-West,AMSTERDAM,145.07,1935.0,D
4347,386000.0,43.0,1.0,2.0,0.0,8976.744186046511,XS,1032 KN,1032.0,103,noord,False,Klaprozenbuurt,AMSTERDAM,,2025.0,A++
4348,480000.0,76.0,2.0,3.0,1.0,6315.789473684211,M,1082 LJ,1082.0,108,zuid,False,Gelderlandpleinbuurt,AMSTERDAM,166.84,2017.0,A
4350,425000.0,89.0,3.0,3.0,0.0,4775.2808988764045,L,1034 SL,1034.0,103,noord,False,Banne-Noordwest,AMSTERDAM,220.0,1977.0,B
4351,283377.0,31.0,1.0,2.0,1.0,9141.193548387097,XS,1095 PA,1095.0,109,oost,False,Sluisbuurt,AMSTERDAM,,2025.0,N/A
4352,520000.0,50.0,1.0,2.0,0.0,10400.0,XS,1018 CA,1018.0,101,centrum,False,Oostenburg,AMSTERDAM,,2021.0,A+++
4353,395000.0,50.0,1.0,2.0,1.0,7900.0,XS,1062 HE,1062.0,106,nieuw_west,False,Schipluidenbuurt,AMSTERDAM,,2026.0,A++++
4354,275000.0,48.0,1.0,2.0,0.0,5729.166666666667,XS,1107 KK,1107.0,110,zuidoost,False,Gein 2,AMSTERDAM,,1982.0,B
4355,715000.0,82.0,2.0,3.0,0.0,8719.512195121952,L,1096 DS,1096.0,109,oost,False,Weespertrekvaart,AMSTERDAM,,2024.0,N/A
4356,600000.0,84.0,2.0,3.0,0.0,7142.857142857143,L,1059 AZ,1059.0,105,west,False,Aalsmeerwegbuurt-Oost,AMSTERDAM,191.73,1933.0,D
4357,550000.0,69.0,2.0,3.0,1.0,7971.014492753623,M,1094 SM,1094.0,109,oost,False,Ambonpleinbuurt,AMSTERDAM,254.0,1998.0,B
4362,985000.0,116.0,3.0,4.0,1.0,8491.379310344828,XL,1079 SK,1079.0,107,zuid,False,Rijnbuurt-West,AMSTERDAM,199.82,2016.0,A
4363,450000.0,55.0,2.0,3.0,0.0,8181.818181818182,S,1076 LN,1076.0,107,zuid,False,Van Tuyllbuurt,AMSTERDAM,,1930.0,D
4364,350000.0,42.0,1.0,2.0,0.0,8333.333333333334,XS,1064 PC,1064.0,106,nieuw_west,False,Noordoever Sloterplas,AMSTERDAM,85.0,1986.0,A
4365,1150000.0,144.0,4.0,6.0,0.0,7986.111111111111,XL,1098 AE,1098.0,109,oost,False,Linnaeusparkbuurt,AMSTERDAM,250.0,1906.0,C
4366,335779.0,40.0,1.0,2.0,0.0,8394.475,XS,1064 AB,1064.0,106,nieuw_west,False,Noordoever Sloterplas,AMSTERDAM,,2027.0,A++
4367,560000.0,61.0,1.0,2.0,0.0,9180.327868852459,S,1095 AM,1095.0,109,oost,False,Makassarpleinbuurt,AMSTERDAM,0.0,2021.0,N/A
4369,500000.0,56.0,1.0,2.0,1.0,8928.57142857143,S,1092 VD,1092.0,109,oost,False,Transvaalbuurt-Oost,AMSTERDAM,,1922.0,B
4370,770000.0,76.0,2.0,3.0,1.0,10131.578947368422,M,1096 AM,1096.0,109,oost,False,De Omval,AMSTERDAM,,2021.0,A+
4371,1095000.0,156.0,5.0,7.0,0.0,7019.2307692307695,XL,1057 JV,1057.0,105,west,False,Kortenaerkwartier,AMSTERDAM,166.68,1910.0,A
4372,600000.0,60.0,2.0,3.0,1.0,10000.0,S,1017 WG,1017.0,101,centrum,True,Utrechtsebuurt-Zuid,AMSTERDAM,233.0,1996.0,B
4374,475000.0,99.0,2.0,3.0,1.0,4797.979797979798,L,1068 CV,1068.0,106,nieuw_west,False,Meer en Oever,AMSTERDAM,206.27,1965.0,B
4376,1300000.0,138.0,3.0,4.0,0.0,9420.289855072464,XL,1075 PE,1075.0,107,zuid,False,Valeriusbuurt-West,AMSTERDAM,300.0,1913.0,C
4378,425000.0,49.0,2.0,3.0,0.0,8673.469387755102,XS,1052 EN,1052.0,105,west,False,Frederik Hendrikbuurt-Noord,AMSTERDAM,,1923.0,C
4379,325000.0,77.0,2.0,3.0,0.0,4220.779220779221,M,1063 LV,1063.0,106,nieuw_west,False,Jan de Louterbuurt,AMSTERDAM,287.16,1959.0,C
4380,500000.0,54.0,1.0,2.0,0.0,9259.25925925926,S,1018 XK,1018.0,101,centrum,False,Weesperbuurt,AMSTERDAM,146.0,1887.0,D
4381,1800000.0,196.0,2.0,4.0,1.0,9183.673469387755,XL,1013 MM,1013.0,101,west,False,Westerdokseiland,AMSTERDAM,440.0,,A+
4382,645000.0,62.0,2.0,3.0,1.0,10403.225806451614,S,1018 KZ,1018.0,101,centrum,False,Oostenburg,AMSTERDAM,150.0,2023.0,A+++
4383,745000.0,95.0,2.0,3.0,0.0,7842.105263157895,L,1072 ML,1072.0,107,zuid,False,Gerard Doubuurt,AMSTERDAM,386.9,,A
4384,475000.0,84.0,3.0,4.0,0.0,5654.761904761905,L,1024 SL,1024.0,102,noord,False,Werengouw-Midden,AMSTERDAM,222.44,1966.0,B
4385,599000.0,95.0,2.0,5.0,0.0,6305.263157894737,L,1057 EZ,1057.0,105,west,False,Van Brakelkwartier,AMSTERDAM,,1924.0,C
4387,599000.0,81.0,2.0,3.0,0.0,7395.061728395061,L,1055 CL,1055.0,105,west,False,Erasmusparkbuurt-Oost,AMSTERDAM,,,N/A
4388,1370000.0,114.0,2.0,3.0,2.5,12017.543859649122,XL,1014 ZP,1014.0,101,west,False,Houthavens-West,AMSTERDAM,355.0,2019.0,A
4389,775000.0,107.0,2.0,3.0,1.0,7242.990654205608,XL,1083 KC,1083.0,108,zuid,False,Buitenveldert-Zuidoost,AMSTERDAM,264.0,1988.0,B
4391,585000.0,74.0,2.0,3.0,0.0,7905.405405405405,M,1051 VB,1051.0,105,west,False,Fannius Scholtenbuurt,AMSTERDAM,394.25,1903.0,B
4392,275000.0,28.0,1.0,1.0,0.0,9821.42857142857,XS,1096 GJ,1096.0,109,oost,False,Amstelkwartier-Noord,AMSTERDAM,59.0,2014.0,A
4393,1275000.0,133.0,3.0,4.0,0.0,9586.466165413534,XL,1018 CA,1018.0,101,centrum,False,Oostenburg,AMSTERDAM,0.0,2021.0,A+++
4394,775000.0,100.0,5.0,7.0,0.0,7750.0,L,1079 AN,1079.0,107,zuid,False,Scheldebuurt-Midden,AMSTERDAM,184.49,1934.0,D
4396,800000.0,117.0,3.0,5.0,0.0,6837.606837606838,XL,1056 JP,1056.0,105,west,False,Landlust-Zuid,AMSTERDAM,,1934.0,C
4398,670000.0,81.0,2.0,3.0,1.0,8271.604938271605,L,1018 BS,1018.0,101,centrum,False,Kadijken,AMSTERDAM,,1996.0,A
4400,725000.0,104.0,4.0,5.0,0.0,6971.153846153846,XL,1056 PM,1056.0,105,west,False,Orteliusbuurt-Noord,AMSTERDAM,195.56,1927.0,D
4401,350000.0,70.0,2.0,3.0,0.0,5000.0,M,1102 WX,1102.0,110,zuidoost,False,Venserpolder-Oost,AMSTERDAM,157.08,1985.0,B
4402,520000.0,92.0,2.0,3.0,1.0,5652.173913043478,L,1087 KR,1087.0,108,oost,False,Havenkwartier IJburg,AMSTERDAM,174.19,2010.0,A
4405,307402.0,45.0,1.0,2.0,1.0,6831.155555555555,XS,1032 KW,1032.0,103,noord,False,Klaprozenbuurt,AMSTERDAM,,2025.0,N/A
4406,449000.0,65.0,1.0,2.0,0.0,6907.692307692308,S,1079 JA,1079.0,107,zuid,False,Kromme Mijdrechtbuurt,AMSTERDAM,150.0,1922.0,C
4407,350000.0,76.0,2.0,3.0,0.0,4605.263157894737,M,1034 MB,1034.0,103,noord,False,Banne-Noordoost,AMSTERDAM,,1976.0,B
4408,510000.0,53.0,1.0,2.0,0.0,9622.641509433963,S,1018 CA,1018.0,101,centrum,False,Oostenburg,AMSTERDAM,,2021.0,A+++
4411,1000000.0,145.0,5.0,7.0,0.0,6896.551724137931,XL,1098 PE,1098.0,109,oost,False,Middenmeer-Zuid,AMSTERDAM,145.0,1931.0,C
4412,725000.0,91.0,2.0,3.0,1.0,7967.0329670329675,L,1061 AV,1061.0,106,nieuw_west,False,Overtoomse Veld-Noord,AMSTERDAM,,2027.0,A+++
4413,930000.0,110.0,2.0,3.0,0.0,8454.545454545454,XL,1078 HK,1078.0,107,zuid,False,Scheldebuurt-West,AMSTERDAM,86.0,1928.0,C
4414,749000.0,81.0,2.0,2.0,0.0,9246.913580246914,L,1076 KV,1076.0,107,zuid,False,Van Tuyllbuurt,AMSTERDAM,162.75,1927.0,B
4415,468500.0,72.0,2.0,3.0,1.0,6506.944444444444,M,1101 DA,1101.0,110,zuidoost,False,Amstel III deel A/B-Noord,AMSTERDAM,,2022.0,N/A
4418,375000.0,40.0,1.0,2.0,0.0,9375.0,XS,1018 KN,1018.0,101,centrum,False,Kattenburg,AMSTERDAM,,1982.0,B
4419,525000.0,91.0,2.0,4.0,0.0,5769.2307692307695,L,1102 AK,1102.0,110,zuidoost,False,D-buurt,AMSTERDAM,,2021.0,A+
4421,975000.0,113.0,2.0,3.0,2.5,8628.318584070796,XL,1019 XP,1019.0,101,oost,False,Cruquiusbuurt,AMSTERDAM,293.28,2023.0,A+++
4423,340000.0,34.0,1.0,2.0,1.0,10000.0,XS,1032 KN,1032.0,103,noord,False,Klaprozenbuurt,AMSTERDAM,,2025.0,A++
4425,780000.0,65.0,2.0,3.0,0.0,12000.0,S,1091 TH,1091.0,109,oost,False,Weesperzijde-Midden/Zuid,AMSTERDAM,170.0,1900.0,A+
4427,998000.0,110.0,3.0,4.0,0.0,9072.727272727272,XL,1095 AM,1095.0,109,oost,False,Makassarpleinbuurt,AMSTERDAM,0.0,2021.0,N/A
4428,395000.0,50.0,1.0,2.0,1.0,7900.0,XS,1062 HE,1062.0,106,nieuw_west,False,Schipluidenbuurt,AMSTERDAM,,2026.0,A++++
4429,545000.0,33.0,1.0,2.0,0.0,16515.151515151516,XS,1075 EJ,1075.0,107,zuid,False,Willemsparkbuurt-Noord,AMSTERDAM,137.0,,A
4430,995000.0,121.0,2.0,3.0,0.0,8223.140495867769,XL,1017 TV,1017.0,101,centrum,True,Weteringbuurt,AMSTERDAM,217.86,1752.0,F
4431,325000.0,28.0,1.0,1.0,0.0,11607.142857142857,XS,1094 HC,1094.0,109,oost,False,Timorpleinbuurt-Noord,AMSTERDAM,87.0,1905.0,A
4432,625000.0,98.0,3.0,4.0,1.0,6377.551020408163,L,1058 EE,1058.0,105,west,False,Rembrandtpark-Zuid,AMSTERDAM,293.46,1972.0,E
4433,555000.0,80.0,3.0,4.0,0.0,6937.5,L,1024 KV,1024.0,102,noord,False,Markengouw-Zuid,AMSTERDAM,,2026.0,N/A
4434,300000.0,59.0,1.0,2.0,0.0,5084.745762711865,S,1068 RM,1068.0,106,nieuw_west,False,Calandlaan/Lelylaan,AMSTERDAM,220.05,1987.0,A
4435,1500000.0,207.0,7.0,9.0,0.0,7246.376811594203,XL,1016 CX,1016.0,101,centrum,True,Marnixbuurt-Zuid,AMSTERDAM,312.0,1888.0,D
4436,400000.0,76.0,2.0,3.0,0.0,5263.1578947368425,M,1034 BX,1034.0,103,noord,False,Banne-Zuidwest,AMSTERDAM,124.44,1968.0,C
4437,670000.0,75.0,2.0,3.0,1.0,8933.333333333334,M,1031 KN,1031.0,103,noord,False,Overhoeks,AMSTERDAM,,2025.0,N/A
4438,400000.0,47.0,1.0,2.0,1.0,8510.63829787234,XS,1019 AL,1019.0,101,oost,False,Cruquiusbuurt,AMSTERDAM,133.56,2021.0,A++
4439,490000.0,69.0,3.0,4.0,0.0,7101.449275362319,M,1055 WR,1055.0,105,west,False,Landlust-Noord,AMSTERDAM,185.79,1937.0,D
4440,595000.0,63.0,1.0,2.0,0.0,9444.444444444445,S,1015 CR,1015.0,101,centrum,True,Langestraat e.o.,AMSTERDAM,85.5,1730.0,N/A
4441,670000.0,76.0,2.0,3.0,0.0,8815.78947368421,M,1078 DV,1078.0,107,zuid,False,Scheldebuurt-West,AMSTERDAM,,1928.0,A
4442,280646.0,31.0,1.0,2.0,1.0,9053.09677419355,XS,1095 PA,1095.0,109,oost,False,Sluisbuurt,AMSTERDAM,,2025.0,N/A
4443,750000.0,123.0,4.0,6.0,0.0,6097.5609756097565,XL,1012 XL,1012.0,101,centrum,False,Kalverdriehoek,AMSTERDAM,,1783.0,N/A
4444,395000.0,78.0,3.0,4.0,0.0,5064.102564102564,M,1024 VE,1024.0,102,noord,False,Werengouw-Midden,AMSTERDAM,274.8,1966.0,C
4445,283377.0,30.0,1.0,2.0,1.0,9445.9,XS,1095 PA,1095.0,109,oost,False,Sluisbuurt,AMSTERDAM,,2025.0,N/A
4449,965000.0,108.0,3.0,4.0,1.0,8935.185185185184,XL,1079 RH,1079.0,107,zuid,False,Kop Zuidas,AMSTERDAM,224.5,2017.0,A
4451,375000.0,63.0,2.0,3.0,0.0,5952.380952380952,S,1062 ES,1062.0,106,nieuw_west,False,Delflandpleinbuurt-West,AMSTERDAM,68.0,1963.0,A
4452,525000.0,69.0,1.0,2.0,0.0,7608.695652173913,M,1093 AE,1093.0,109,oost,False,Dapperbuurt-Noord,AMSTERDAM,219.34,1883.0,A
4454,800000.0,115.0,5.0,6.0,0.0,6956.521739130435,XL,1012 JE,1012.0,101,centrum,False,Kop Zeedijk,AMSTERDAM,250.0,1721.0,B
4455,890000.0,84.0,2.0,3.0,0.0,10595.238095238095,L,1074 XL,1074.0,107,zuid,False,Willibrordusbuurt,AMSTERDAM,144.68,1905.0,B
4457,875000.0,117.0,1.0,2.0,1.0,7478.6324786324785,XL,1082 ME,1082.0,108,zuid,False,Zuidas-Zuid,AMSTERDAM,606.71,2008.0,A
4459,325000.0,34.0,1.0,1.0,1.0,9558.823529411764,XS,1071 XB,1071.0,107,zuid,False,Hondecoeterbuurt,AMSTERDAM,162.23,,D
4460,800000.0,90.0,1.0,2.0,1.0,8888.888888888889,L,1075 VS,1075.0,107,zuid,False,Schinkelbuurt-Noord,AMSTERDAM,,2000.0,B
4461,295000.0,61.0,1.0,2.0,1.0,4836.065573770492,S,1106 BN,1106.0,110,zuidoost,False,Reigersbos 1,AMSTERDAM,,1982.0,A
4464,690000.0,77.0,2.0,3.0,0.0,8961.038961038961,M,1096 DS,1096.0,109,oost,False,Weespertrekvaart,AMSTERDAM,,2024.0,N/A
4465,310000.0,61.0,2.0,3.0,0.0,5081.9672131147545,S,1031 AL,1031.0,103,noord,False,Van der Pekbuurt,AMSTERDAM,120.0,1925.0,D
4466,965000.0,102.0,3.0,4.0,1.0,9460.78431372549,L,1096 AM,1096.0,109,oost,False,De Omval,AMSTERDAM,,2021.0,A+
4467,950000.0,128.0,3.0,5.0,0.0,7421.875,XL,1051 JP,1051.0,105,west,False,Buyskade e.o.,AMSTERDAM,112.0,1937.0,B
4468,427500.0,65.0,2.0,3.0,0.0,6576.923076923077,S,1102 AK,1102.0,110,zuidoost,False,D-buurt,AMSTERDAM,,2021.0,A++
4469,2750000.0,198.0,4.0,6.0,2.5,13888.888888888889,XL,1071 PG,1071.0,107,zuid,False,Cornelis Schuytbuurt,AMSTERDAM,217.91,1915.0,A
4470,425000.0,48.0,1.0,2.0,0.0,8854.166666666666,XS,1052 KV,1052.0,105,west,False,Frederik Hendrikbuurt-Zuidoost,AMSTERDAM,125.0,1900.0,A
4471,899000.0,82.0,3.0,4.0,0.0,10963.414634146342,L,1012 VG,1012.0,101,centrum,False,Spuistraat-Noord,AMSTERDAM,275.4,1744.0,A
4472,1200000.0,237.0,4.0,6.0,0.0,5063.291139240507,XL,1091 EC,1091.0,109,oost,False,Weesperzijde-Noord,AMSTERDAM,489.79,1885.0,N/A
4473,500000.0,69.0,3.0,4.0,0.0,7246.376811594203,M,1024 KV,1024.0,102,noord,False,Markengouw-Zuid,AMSTERDAM,,2026.0,N/A
4475,705000.0,77.0,2.0,3.0,0.0,9155.844155844155,M,1018 CA,1018.0,101,centrum,False,Oostenburg,AMSTERDAM,0.0,2021.0,A+++
4476,407000.0,50.0,1.0,3.0,0.0,8140.0,XS,1033 SM,1033.0,103,noord,False,NDSM terrein,AMSTERDAM,,2021.0,A++
4477,485000.0,53.0,2.0,3.0,0.0,9150.943396226416,S,1056 KH,1056.0,105,west,False,Geuzenhofbuurt,AMSTERDAM,55.0,1933.0,D
4478,745000.0,51.0,1.0,2.0,3.5,14607.843137254902,S,1071 CJ,1071.0,107,zuid,False,P.C. Hooftbuurt,AMSTERDAM,111.22,1903.0,A
4480,265000.0,71.0,2.0,3.0,0.0,3732.394366197183,M,1107 AL,1107.0,110,zuidoost,False,Gein 4,AMSTERDAM,115.3,1984.0,C
4481,285000.0,26.0,1.0,2.0,0.0,10961.538461538461,XS,1092 GG,1092.0,109,oost,False,Transvaalbuurt-Oost,AMSTERDAM,79.7,1908.0,B
4482,400000.0,47.0,1.0,2.0,0.0,8510.63829787234,XS,1053 BX,1053.0,105,west,False,Bellamybuurt-Zuid,AMSTERDAM,85.0,1894.0,D
4483,600000.0,60.0,2.0,3.0,0.0,10000.0,S,1073 GP,1073.0,107,zuid,False,BurgemeesterTellegenbuurt-West,AMSTERDAM,,1921.0,A+
4484,480000.0,74.0,2.0,3.0,1.0,6486.486486486487,M,1025 WK,1025.0,102,noord,False,Elzenhagen-Zuid,AMSTERDAM,,2027.0,A++
4485,1295000.0,158.0,2.0,4.0,0.0,8196.20253164557,XL,1016 XD,1016.0,101,centrum,True,Passeerdersgrachtbuurt,AMSTERDAM,315.0,1899.0,C
4486,425000.0,42.0,1.0,2.0,0.0,10119.047619047618,XS,1054 HM,1054.0,105,west,False,WG-terrein,AMSTERDAM,150.0,1896.0,E
4487,425000.0,77.0,2.0,3.0,1.0,5519.480519480519,M,1064 CS,1064.0,106,nieuw_west,False,Noordoever Sloterplas,AMSTERDAM,,1965.0,C
4488,395000.0,50.0,1.0,2.0,1.0,7900.0,XS,1062 HE,1062.0,106,nieuw_west,False,Schipluidenbuurt,AMSTERDAM,,2026.0,A++++
4489,500000.0,72.0,2.0,3.0,0.0,6944.444444444444,M,1036 KN,1036.0,103,noord,False,De Bongerd,AMSTERDAM,,2020.0,A
4490,650000.0,88.0,2.0,3.0,0.0,7386.363636363636,L,1053 LM,1053.0,105,west,False,Da Costabuurt-Noord,AMSTERDAM,127.0,1900.0,D
4491,711563.0,109.0,3.0,4.0,1.0,6528.100917431193,XL,1101 DA,1101.0,110,zuidoost,False,Amstel III deel A/B-Noord,AMSTERDAM,,2022.0,N/A
4492,895000.0,80.0,2.0,3.0,1.0,11187.5,L,1072 BE,1072.0,107,zuid,False,Frans Halsbuurt,AMSTERDAM,,1876.0,A
4493,860000.0,100.0,3.0,4.0,0.0,8600.0,L,1018 CA,1018.0,101,centrum,False,Oostenburg,AMSTERDAM,,2021.0,A+++
4494,750000.0,80.0,2.0,3.0,0.0,9375.0,L,1074 EK,1074.0,107,zuid,False,Willibrordusbuurt,AMSTERDAM,37.05,1906.0,B
4495,900000.0,91.0,2.0,3.0,1.0,9890.10989010989,L,1096 GV,1096.0,109,oost,False,Amstelkwartier-Noord,AMSTERDAM,,2022.0,A+++
4496,285000.0,52.0,1.0,2.0,1.0,5480.7692307692305,S,1103 LN,1103.0,110,zuidoost,False,G-buurt-Oost,AMSTERDAM,289.0,1976.0,N/A
4497,457500.0,71.0,2.0,3.0,0.0,6443.661971830986,M,1102 AK,1102.0,110,zuidoost,False,D-buurt,AMSTERDAM,,2021.0,A++
4498,900000.0,129.0,3.0,5.0,1.0,6976.7441860465115,XL,1077 SB,1077.0,107,zuid,False,Minervabuurt-Zuid,AMSTERDAM,580.74,1932.0,D
4499,1950000.0,156.0,3.0,6.0,2.0,12500.0,XL,1071 RK,1071.0,107,zuid,False,Johannes Vermeerbuurt,AMSTERDAM,190.3,1911.0,B
4500,975000.0,102.0,3.0,4.0,1.0,9558.823529411764,L,1096 AM,1096.0,109,oost,False,De Omval,AMSTERDAM,,2021.0,A+
4501,375000.0,60.0,1.0,2.0,0.0,6250.0,S,1060 SH,1060.0,106,nieuw_west,False,De Aker-Oost,AMSTERDAM,,1998.0,A
4502,525000.0,66.0,2.0,3.0,0.0,7954.545454545455,S,1095 BJ,1095.0,109,oost,False,Sumatraplantsoenbuurt,AMSTERDAM,218.0,1983.0,C
4503,637500.0,106.0,2.0,3.0,1.0,6014.1509433962265,XL,1087 VA,1087.0,108,oost,False,Centrumeiland,AMSTERDAM,,2026.0,A++
4505,800000.0,75.0,2.0,3.0,1.0,10666.666666666666,M,1078 CK,1078.0,107,zuid,False,IJselbuurt-West,AMSTERDAM,123.45,1937.0,A
4506,565000.0,101.0,2.0,3.0,0.0,5594.059405940594,L,1087 JD,1087.0,108,oost,False,Ed Pelsterparkbuurt,AMSTERDAM,283.0,2006.0,A
4507,775000.0,93.0,3.0,4.0,0.0,8333.333333333334,L,1012 EZ,1012.0,101,centrum,False,BG-terrein e.o.,AMSTERDAM,167.0,1682.0,N/A
4508,390000.0,50.0,1.0,2.0,1.0,7800.0,XS,1062 HE,1062.0,106,nieuw_west,False,Schipluidenbuurt,AMSTERDAM,,2026.0,A++++
4509,1200000.0,87.0,2.0,3.0,1.0,13793.103448275862,L,1017 DG,1017.0,101,centrum,True,Spiegelbuurt,AMSTERDAM,,1692.0,A+
4510,325000.0,66.0,2.0,3.0,0.0,4924.242424242424,S,1068 ZG,1068.0,106,nieuw_west,False,Wildeman,AMSTERDAM,189.0,1961.0,A
4511,675000.0,64.0,2.0,3.0,0.0,10546.875,S,1015 XT,1015.0,101,centrum,True,Marnixbuurt-Noord,AMSTERDAM,,1890.0,A
4513,740000.0,87.0,2.0,3.0,1.0,8505.747126436781,L,1092 TB,1092.0,109,oost,False,Oosterparkbuurt-Zuidoost,AMSTERDAM,217.66,1999.0,A
4514,395000.0,43.0,1.0,2.0,0.0,9186.046511627907,XS,1055 NE,1055.0,105,west,False,Gibraltarbuurt,AMSTERDAM,69.9,1926.0,A
4516,675000.0,116.0,3.0,4.0,0.0,5818.9655172413795,XL,1082 GS,1082.0,108,zuid,False,Buitenveldert-Zuid-Midden,AMSTERDAM,244.0,1968.0,C
4517,855000.0,106.0,2.0,3.0,1.0,8066.037735849057,XL,1095 AM,1095.0,109,oost,False,Makassarpleinbuurt,AMSTERDAM,0.0,2021.0,N/A
4518,450000.0,50.0,1.0,2.0,0.0,9000.0,XS,1092 HA,1092.0,109,oost,False,Transvaalbuurt-Oost,AMSTERDAM,155.0,1913.0,D
4519,450000.0,47.0,2.0,3.0,0.0,9574.468085106382,XS,1053 GH,1053.0,105,west,False,Bellamybuurt-Zuid,AMSTERDAM,112.0,1902.0,C
4521,550000.0,93.0,2.0,3.0,1.0,5913.978494623656,L,1068 ER,1068.0,106,nieuw_west,False,Osdorpplein e.o.,AMSTERDAM,223.18,1998.0,B
4522,825000.0,88.0,2.0,3.0,0.0,9375.0,L,1011 LA,1011.0,101,centrum,False,Lastage,AMSTERDAM,264.0,1685.0,N/A
4523,295000.0,53.0,2.0,3.0,1.0,5566.037735849057,S,1103 LW,1103.0,110,zuidoost,False,G-buurt-Oost,AMSTERDAM,153.75,1975.0,C
4524,2400000.0,105.0,2.0,3.0,1.0,22857.14285714286,XL,1016 AG,1016.0,101,centrum,True,Felix Meritisbuurt,AMSTERDAM,,1740.0,N/A
4525,895000.0,120.0,4.0,6.0,0.0,7458.333333333333,XL,1057 JH,1057.0,105,west,False,Kortenaerkwartier,AMSTERDAM,117.0,1923.0,C
4526,425000.0,44.0,1.0,2.0,0.0,9659.09090909091,XS,1053 VN,1053.0,105,west,False,Bellamybuurt-Zuid,AMSTERDAM,80.0,1895.0,C
4527,500000.0,56.0,1.0,2.0,0.0,8928.57142857143,S,1091 VD,1091.0,109,oost,False,Oosterparkbuurt-Zuidwest,AMSTERDAM,102.22,1902.0,B
4528,347000.0,34.0,1.0,2.0,1.0,10205.882352941177,XS,1032 KW,1032.0,103,noord,False,Klaprozenbuurt,AMSTERDAM,,2025.0,A+
4530,660000.0,76.0,2.0,3.0,1.0,8684.21052631579,M,1031 KN,1031.0,103,noord,False,Overhoeks,AMSTERDAM,,2025.0,A+++
4531,670000.0,52.0,1.0,2.0,1.0,12884.615384615385,S,1018 LL,1018.0,101,centrum,False,Oostenburg,AMSTERDAM,,2026.0,A+++
4532,1880000.0,109.0,2.0,3.0,2.0,17247.70642201835,XL,1075 BV,1075.0,107,zuid,False,Willemsparkbuurt-Noord,AMSTERDAM,,1913.0,B
4533,450000.0,63.0,2.0,3.0,0.0,7142.857142857143,S,1073 TT,1073.0,107,zuid,False,Van der Helstpleinbuurt,AMSTERDAM,130.0,1905.0,E
4535,515000.0,74.0,2.0,3.0,1.0,6959.459459459459,M,1062 HE,1062.0,106,nieuw_west,False,Schipluidenbuurt,AMSTERDAM,,2026.0,A++++
4536,749000.0,125.0,4.0,5.0,1.0,5992.0,XL,1019 AZ,1019.0,101,oost,False,Entrepot-Noordwest,AMSTERDAM,327.36,2001.0,A
4537,1100000.0,159.0,3.0,4.0,0.0,6918.238993710692,XL,1043 CP,1043.0,104,nieuw_west,False,Sloterdijk Stationskwartier,AMSTERDAM,496.35,2023.0,A+
4538,750000.0,127.0,3.0,5.0,0.0,5905.511811023622,XL,1055 TS,1055.0,105,west,False,Landlust-Zuid,AMSTERDAM,,1942.0,E
4540,1100000.0,113.0,2.0,3.0,0.0,9734.513274336283,XL,1016 AA,1016.0,101,centrum,True,Leliegracht e.o.,AMSTERDAM,,1737.0,N/A
4541,397877.0,37.0,1.0,1.0,1.0,10753.432432432432,XS,1014 ZK,1014.0,101,west,False,Houthavens-West,AMSTERDAM,276.87,2025.0,A++
4542,325000.0,87.0,3.0,4.0,0.0,3735.632183908046,L,1106 CH,1106.0,110,zuidoost,False,Reigersbos 1,AMSTERDAM,177.95,1982.0,B
4543,374500.0,92.0,3.0,4.0,1.0,4070.6521739130435,L,1108 CA,1108.0,110,zuidoost,False,L-buurt,AMSTERDAM,279.71,1979.0,B
4544,649000.0,71.0,2.0,3.0,0.0,9140.845070422536,M,1071 DH,1071.0,107,zuid,False,Johannes Vermeerbuurt,AMSTERDAM,50.0,1910.0,F
4545,585000.0,70.0,2.0,3.0,0.0,8357.142857142857,M,1052 KP,1052.0,105,west,False,Frederik Hendrikbuurt-Noord,AMSTERDAM,125.0,1885.0,C
4546,450000.0,62.0,2.0,3.0,0.0,7258.064516129032,S,1052 NG,1052.0,105,west,False,Da Costabuurt-Noord,AMSTERDAM,67.83,1905.0,D
4548,495000.0,75.0,3.0,4.0,0.0,6600.0,M,1083 BN,1083.0,108,zuid,False,Buitenveldert-Zuidoost,AMSTERDAM,149.44,1959.0,E
4550,6760000.0,486.0,4.0,7.0,1.5,13909.465020576132,XL,1016 DT,1016.0,101,centrum,True,Felix Meritisbuurt,AMSTERDAM,375.0,1910.0,N/A
4551,4850000.0,500.0,4.0,8.0,6.0,9700.0,XL,1082 ME,1082.0,108,zuid,False,Zuidas-Zuid,AMSTERDAM,1778.0,2008.0,A
4552,400000.0,44.0,2.0,3.0,1.0,9090.90909090909,XS,1074 HX,1074.0,107,zuid,False,Willibrordusbuurt,AMSTERDAM,193.4,,D
4554,285000.0,28.0,1.0,1.0,1.0,10178.57142857143,XS,1096 GJ,1096.0,109,oost,False,Amstelkwartier-Noord,AMSTERDAM,58.53,2014.0,A
4555,375000.0,68.0,1.0,2.0,1.0,5514.705882352941,M,1082 RG,1082.0,108,zuid,False,Gelderlandpleinbuurt,AMSTERDAM,,1964.0,C
4557,480000.0,50.0,1.0,2.0,0.0,9600.0,XS,1018 CA,1018.0,101,centrum,False,Oostenburg,AMSTERDAM,0.0,2021.0,A+++
4558,1450000.0,228.0,6.0,9.0,0.0,6359.649122807017,XL,1053 ZE,1053.0,105,west,False,Da Costabuurt-Noord,AMSTERDAM,,1894.0,N/A
4560,365000.0,39.0,1.0,2.0,1.0,9358.97435897436,XS,1032 LL,1032.0,103,noord,False,Buiksloterham-Noord,AMSTERDAM,191.27,2017.0,A+
4561,650000.0,78.0,2.0,3.0,0.0,8333.333333333334,M,1054 JV,1054.0,105,west,False,Cremerbuurt-West,AMSTERDAM,71.0,1907.0,B
4562,365000.0,37.0,1.0,2.0,0.0,9864.864864864865,XS,1051 CP,1051.0,105,west,False,Buyskade e.o.,AMSTERDAM,70.0,1917.0,D
4563,730000.0,99.0,2.0,3.0,0.0,7373.737373737374,L,1019 HD,1019.0,101,oost,False,Oostelijke Handelskade,AMSTERDAM,401.0,2006.0,A
4564,285000.0,26.0,1.0,2.0,0.0,10961.538461538461,XS,1094 CX,1094.0,109,oost,False,Timorpleinbuurt-Noord,AMSTERDAM,90.0,1903.0,C
4565,536000.0,65.0,2.0,3.0,0.0,8246.153846153846,S,1064 AB,1064.0,106,nieuw_west,False,Noordoever Sloterplas,AMSTERDAM,0.0,2025.0,N/A
4566,500000.0,58.0,2.0,3.0,0.0,8620.689655172413,S,1056 DB,1056.0,105,west,False,Jan Maijenbuurt,AMSTERDAM,179.0,1925.0,N/A
4567,425000.0,34.0,1.0,2.0,0.0,12500.0,XS,1053 LK,1053.0,105,west,False,Da Costabuurt-Noord,AMSTERDAM,,1900.0,A+
4568,975000.0,106.0,3.0,4.0,1.0,9198.11320754717,XL,1097 CH,1097.0,109,oost,False,Don Bosco,AMSTERDAM,130.0,1903.0,B
4570,1000000.0,136.0,3.0,4.0,0.0,7352.941176470588,XL,1018 MX,1018.0,101,centrum,False,Wittenburg,AMSTERDAM,405.0,1662.0,N/A
4571,400000.0,44.0,1.0,2.0,0.0,9090.90909090909,XS,1052 HT,1052.0,105,west,False,Frederik Hendrikbuurt-Noord,AMSTERDAM,,1909.0,N/A
4572,1595000.0,186.0,4.0,7.0,0.0,8575.268817204302,XL,1054 ZH,1054.0,105,west,False,Helmersbuurt-Oost,AMSTERDAM,,1896.0,C
4573,775000.0,90.0,2.0,3.0,1.0,8611.111111111111,L,1013 ZM,1013.0,101,west,False,Spaarndammerbuurt-Midden,AMSTERDAM,315.74,2005.0,B
4574,475000.0,50.0,2.0,3.0,0.0,9500.0,XS,1056 XW,1056.0,105,west,False,Landlust-Zuid,AMSTERDAM,164.53,1938.0,D
4575,296557.0,50.0,1.0,2.0,1.0,5931.14,XS,1032 KW,1032.0,103,noord,False,Klaprozenbuurt,AMSTERDAM,,2025.0,A++
4576,325000.0,68.0,2.0,3.0,1.0,4779.411764705882,M,1104 EA,1104.0,110,zuidoost,False,Bijlmermuseum-Zuid,AMSTERDAM,153.5,2014.0,C
4577,625000.0,64.0,2.0,3.0,0.0,9765.625,S,1072 VX,1072.0,107,zuid,False,Sarphatiparkbuurt,AMSTERDAM,139.73,1875.0,A
4578,865000.0,102.0,2.0,3.0,0.0,8480.392156862745,L,1077 KS,1077.0,107,zuid,False,Prinses Irenebuurt,AMSTERDAM,356.0,1956.0,A
4579,283377.0,31.0,1.0,2.0,1.0,9141.193548387097,XS,1095 PA,1095.0,109,oost,False,Sluisbuurt,AMSTERDAM,,2025.0,N/A
4580,505000.0,69.0,3.0,4.0,0.0,7318.840579710145,M,1024 KV,1024.0,102,noord,False,Markengouw-Zuid,AMSTERDAM,,2026.0,N/A
4582,310000.0,32.0,1.0,2.0,0.0,9687.5,XS,1053 DV,1053.0,105,west,False,Da Costabuurt-Noord,AMSTERDAM,124.0,1888.0,C
4583,750000.0,117.0,5.0,6.0,0.0,6410.25641025641,XL,1078 CA,1078.0,107,zuid,False,IJselbuurt-West,AMSTERDAM,200.0,1925.0,D
4584,550000.0,58.0,1.0,2.0,0.0,9482.758620689656,S,1054 WN,1054.0,105,west,False,Cremerbuurt-West,AMSTERDAM,127.0,1904.0,A
4585,450000.0,50.0,2.0,3.0,0.0,9000.0,XS,1056 XW,1056.0,105,west,False,Landlust-Zuid,AMSTERDAM,100.0,1938.0,B
4586,495000.0,53.0,2.0,3.0,0.0,9339.622641509433,S,1056 KH,1056.0,105,west,False,Geuzenhofbuurt,AMSTERDAM,50.0,1933.0,A
4587,475000.0,51.0,1.0,2.0,0.0,9313.725490196079,S,1096 DS,1096.0,109,oost,False,Weespertrekvaart,AMSTERDAM,,2021.0,N/A
4588,300000.0,29.0,1.0,2.0,0.0,10344.827586206897,XS,1057 ZV,1057.0,105,west,False,Filips van Almondekwartier,AMSTERDAM,121.46,1925.0,D
4589,399000.0,45.0,1.0,2.0,0.0,8866.666666666666,XS,1082 TG,1082.0,108,zuid,False,Gelderlandpleinbuurt,AMSTERDAM,110.0,,N/A
4590,435000.0,87.0,3.0,4.0,1.0,5000.0,L,1060 RE,1060.0,106,nieuw_west,False,De Aker-West,AMSTERDAM,318.46,1999.0,A
4591,490000.0,61.0,2.0,3.0,0.0,8032.786885245901,S,1064 AB,1064.0,106,nieuw_west,False,Noordoever Sloterplas,AMSTERDAM,0.0,2024.0,N/A
4592,335779.0,40.0,1.0,2.0,0.0,8394.475,XS,1064 AB,1064.0,106,nieuw_west,False,Noordoever Sloterplas,AMSTERDAM,,2027.0,A+
4593,795000.0,87.0,2.0,3.0,1.0,9137.931034482759,L,1096 HR,1096.0,109,oost,False,De Omval,AMSTERDAM,219.66,1997.0,A+
4594,407913.0,37.0,1.0,1.0,1.0,11024.675675675675,XS,1014 ZK,1014.0,101,west,False,Houthavens-West,AMSTERDAM,,2025.0,A+
4595,390000.0,48.0,2.0,3.0,0.0,8125.0,XS,1057 PV,1057.0,105,west,False,Orteliusbuurt-Zuid,AMSTERDAM,238.0,1925.0,F
4596,1375000.0,134.0,3.0,4.0,0.0,10261.194029850747,XL,1057 ZR,1057.0,105,west,False,Filips van Almondekwartier,AMSTERDAM,,2021.0,A++++
4597,385000.0,55.0,2.0,3.0,0.0,7000.0,S,1092 CL,1092.0,109,oost,False,Oosterparkbuurt-Zuidoost,AMSTERDAM,110.76,1916.0,F
4598,475000.0,81.0,2.0,3.0,1.0,5864.197530864198,L,1087 KP,1087.0,108,oost,False,Havenkwartier IJburg,AMSTERDAM,185.0,2007.0,A
4599,645000.0,68.0,1.0,2.0,1.0,9485.29411764706,M,1031 HX,1031.0,103,noord,False,Buiksloterham-Zuid,AMSTERDAM,,2021.0,A+++
4600,498000.0,56.0,2.0,3.0,0.0,8892.857142857143,S,1058 DN,1058.0,105,west,False,Postjeskade e.o.,AMSTERDAM,131.55,1935.0,B
4601,650000.0,93.0,4.0,5.0,0.0,6989.247311827957,L,1098 CZ,1098.0,109,oost,False,Middenmeer-Zuid,AMSTERDAM,173.89,1930.0,D
4602,525000.0,72.0,2.0,3.0,0.0,7291.666666666667,M,1055 LA,1055.0,105,west,False,Bosleeuw,AMSTERDAM,253.77,1950.0,E
4604,449000.0,61.0,2.0,3.0,0.0,7360.6557377049185,S,1082 SN,1082.0,108,zuid,False,Gelderlandpleinbuurt,AMSTERDAM,,1965.0,N/A
4605,445000.0,52.0,2.0,3.0,0.0,8557.692307692309,S,1055 BL,1055.0,105,west,False,Erasmusparkbuurt-West,AMSTERDAM,250.0,1933.0,C
4606,350000.0,46.0,1.0,1.0,1.0,7608.695652173913,XS,1087 BC,1087.0,108,oost,False,Joris Ivenspleinbuurt,AMSTERDAM,96.0,2018.0,A
4607,795000.0,115.0,3.0,4.0,0.0,6913.04347826087,XL,1054 XJ,1054.0,105,west,False,Cremerbuurt-Oost,AMSTERDAM,,1903.0,F
4608,675338.0,103.0,2.0,3.0,1.0,6556.679611650486,XL,1101 DA,1101.0,110,zuidoost,False,Amstel III deel A/B-Noord,AMSTERDAM,,2021.0,N/A
4609,695000.0,82.0,2.0,3.0,1.0,8475.609756097561,L,1031 KN,1031.0,103,noord,False,Overhoeks,AMSTERDAM,,2025.0,A++
4610,2895000.0,283.0,4.0,7.0,0.0,10229.681978798586,XL,1071 HH,1071.0,107,zuid,False,Concertgebouwbuurt,AMSTERDAM,400.0,1887.0,B
4612,760000.0,107.0,2.0,3.0,1.0,7102.803738317757,XL,1019 AZ,1019.0,101,oost,False,Entrepot-Noordwest,AMSTERDAM,,2001.0,A
4613,595000.0,103.0,2.0,3.0,1.0,5776.699029126214,XL,1066 PL,1066.0,106,nieuw_west,False,Nieuw-Sloten-Noordwest,AMSTERDAM,273.11,1992.0,A
4614,1600000.0,121.0,2.0,3.0,1.0,13223.140495867769,XL,1082 MK,1082.0,108,zuid,False,Zuidas-Zuid,AMSTERDAM,315.74,2019.0,A
4615,320000.0,67.0,2.0,3.0,1.0,4776.119402985075,M,1104 EA,1104.0,110,zuidoost,False,Bijlmermuseum-Zuid,AMSTERDAM,151.0,1972.0,B
4616,495000.0,82.0,2.0,3.0,0.0,6036.585365853659,L,1024 XR,1024.0,102,noord,False,Markengouw-Midden,AMSTERDAM,127.0,2023.0,A+++
4617,995000.0,142.0,5.0,6.0,0.0,7007.042253521126,XL,1079 AH,1079.0,107,zuid,False,Scheldebuurt-Midden,AMSTERDAM,250.28,1934.0,N/A
4619,650000.0,67.0,3.0,4.0,0.0,9701.492537313432,M,1098 BM,1098.0,109,oost,False,Linnaeusparkbuurt,AMSTERDAM,116.0,1903.0,E
4620,450000.0,71.0,2.0,3.0,0.0,6338.028169014085,M,1102 AK,1102.0,110,zuidoost,False,D-buurt,AMSTERDAM,,2021.0,A++
4621,560000.0,48.0,1.0,2.0,1.0,11666.666666666666,XS,1096 AM,1096.0,109,oost,False,De Omval,AMSTERDAM,,2021.0,A+
4623,690000.0,90.0,3.0,4.0,1.0,7666.666666666667,L,1094 NB,1094.0,109,oost,False,Ambonpleinbuurt,AMSTERDAM,159.79,2009.0,A
4624,833000.0,98.0,3.0,4.0,1.0,8500.0,L,1098 KX,1098.0,109,oost,False,Linnaeusparkbuurt,AMSTERDAM,120.0,1911.0,D
4627,1600000.0,153.0,1.0,2.0,0.0,10457.51633986928,XL,1071 CH,1071.0,107,zuid,False,Concertgebouwbuurt,AMSTERDAM,600.0,1991.0,N/A
4629,750000.0,113.0,4.0,5.0,1.0,6637.168141592921,XL,1087 VV,1087.0,108,oost,False,Centrumeiland,AMSTERDAM,211.0,2022.0,A
4630,500000.0,122.0,2.0,3.0,1.0,4098.360655737705,XL,1069 RS,1069.0,106,nieuw_west,False,Zuidwestkwadrant-Zuid,AMSTERDAM,239.36,2007.0,A+
4632,325000.0,34.0,1.0,2.0,0.0,9558.823529411764,XS,1074 EE,1074.0,107,zuid,False,Willibrordusbuurt,AMSTERDAM,163.0,1987.0,G
4633,975000.0,131.0,2.0,4.0,1.0,7442.748091603054,XL,1082 MT,1082.0,108,zuid,False,Zuidas-Zuid,AMSTERDAM,264.0,2010.0,A
4634,405000.0,58.0,2.0,3.0,0.0,6982.758620689655,S,1024 KV,1024.0,102,noord,False,Markengouw-Zuid,AMSTERDAM,,2026.0,N/A
4637,425000.0,44.0,1.0,2.0,0.0,9659.09090909091,XS,1053 BX,1053.0,105,west,False,Bellamybuurt-Zuid,AMSTERDAM,162.85,1894.0,C
4638,595000.0,88.0,2.0,3.0,0.0,6761.363636363636,L,1019 EW,1019.0,101,oost,False,Rietlanden,AMSTERDAM,251.08,2002.0,A
4639,425000.0,43.0,1.0,2.0,0.0,9883.720930232557,XS,1053 CG,1053.0,105,west,False,Bellamybuurt-Zuid,AMSTERDAM,,1900.0,A
4641,675000.0,71.0,1.0,2.0,1.0,9507.042253521127,M,1031 KN,1031.0,103,noord,False,Overhoeks,AMSTERDAM,,2025.0,A+
4642,595000.0,69.0,1.0,2.0,1.0,8623.188405797102,M,1031 KN,1031.0,103,noord,False,Overhoeks,AMSTERDAM,,2025.0,A++
4643,469000.0,78.0,2.0,3.0,1.0,6012.820512820513,M,1066 SC,1066.0,106,nieuw_west,False,Belgiëplein e.o.,AMSTERDAM,198.5,1994.0,A
4644,395000.0,41.0,1.0,2.0,0.0,9634.146341463415,XS,1056 KP,1056.0,105,west,False,Geuzenhofbuurt,AMSTERDAM,121.91,1934.0,N/A
4645,905000.0,105.0,3.0,4.0,0.0,8619.047619047618,XL,1018 CA,1018.0,101,centrum,False,Oostenburg,AMSTERDAM,0.0,2021.0,A+++
4647,485000.0,61.0,2.0,4.0,0.0,7950.819672131148,S,1076 KS,1076.0,107,zuid,False,Van Tuyllbuurt,AMSTERDAM,146.39,1930.0,F
4648,495000.0,81.0,2.0,3.0,1.0,6111.111111111111,L,1083 BW,1083.0,108,zuid,False,Buitenveldert-Zuidoost,AMSTERDAM,199.03,1968.0,C
4649,670000.0,77.0,2.0,3.0,0.0,8701.298701298701,M,1096 DS,1096.0,109,oost,False,Weespertrekvaart,AMSTERDAM,,2024.0,N/A
4650,2149000.0,192.0,2.0,5.0,0.0,11192.708333333334,XL,1017 KJ,1017.0,101,centrum,True,Leidsebuurt-Noordoost,AMSTERDAM,250.0,1690.0,N/A
4651,488500.0,69.0,2.0,3.0,1.0,7079.710144927536,M,1101 BA,1101.0,110,zuidoost,False,Amstel III deel A/B-Noord,AMSTERDAM,0.0,2024.0,N/A
4652,1100000.0,107.0,2.0,4.0,0.0,10280.373831775702,XL,1071 JS,1071.0,107,zuid,False,Banpleinbuurt,AMSTERDAM,225.0,1920.0,E
4653,243000.0,45.0,1.0,2.0,0.0,5400.0,XS,1102 TS,1102.0,110,zuidoost,False,Venserpolder-West,AMSTERDAM,99.94,1984.0,C
4654,230000.0,24.0,1.0,1.0,1.0,9583.333333333334,XS,1083 CN,1083.0,108,zuid,False,Buitenveldert-Zuidoost,AMSTERDAM,84.63,1977.0,C
4655,635000.0,74.0,2.0,3.0,0.0,8581.081081081082,M,1059 TH,1059.0,105,west,False,Aalsmeerwegbuurt-West,AMSTERDAM,100.0,1933.0,B
4656,405000.0,58.0,2.0,3.0,0.0,6982.758620689655,S,1024 KV,1024.0,102,noord,False,Markengouw-Zuid,AMSTERDAM,,2026.0,N/A
4658,495000.0,58.0,2.0,4.0,0.0,8534.48275862069,S,1079 WJ,1079.0,107,zuid,False,Rijnbuurt-Midden,AMSTERDAM,81.5,1936.0,D
4659,400000.0,77.0,3.0,4.0,0.0,5194.805194805195,M,1024 VD,1024.0,102,noord,False,Werengouw-Midden,AMSTERDAM,263.81,1966.0,B
4660,475000.0,70.0,2.0,3.0,0.0,6785.714285714285,M,1076 CK,1076.0,107,zuid,False,Van Tuyllbuurt,AMSTERDAM,167.0,1931.0,F
4662,695000.0,91.0,2.0,3.0,1.0,7637.3626373626375,L,1061 AV,1061.0,106,nieuw_west,False,Overtoomse Veld-Noord,AMSTERDAM,,2021.0,A+++
4663,320000.0,30.0,1.0,1.0,1.0,10666.666666666666,XS,1019 AT,1019.0,101,oost,False,Cruquiusbuurt,AMSTERDAM,109.0,2023.0,A+
4664,425000.0,58.0,1.0,2.0,1.0,7327.586206896552,S,1101 BA,1101.0,110,zuidoost,False,Amstel III deel A/B-Noord,AMSTERDAM,0.0,2024.0,N/A
4665,400000.0,77.0,3.0,4.0,1.0,5194.805194805195,M,1064 EC,1064.0,106,nieuw_west,False,Noordoever Sloterplas,AMSTERDAM,,1965.0,B
4666,335779.0,40.0,1.0,2.0,0.0,8394.475,XS,1064 AB,1064.0,106,nieuw_west,False,Noordoever Sloterplas,AMSTERDAM,,2027.0,A++
4667,360000.0,45.0,1.0,2.0,1.0,8000.0,XS,1096 BN,1096.0,109,oost,False,Amstelkwartier-Zuid,AMSTERDAM,,2025.0,N/A
4669,1075000.0,118.0,3.0,4.0,0.0,9110.169491525423,XL,1097 BW,1097.0,109,oost,False,Don Bosco,AMSTERDAM,324.24,1901.0,A
4670,725000.0,81.0,2.0,3.0,0.0,8950.617283950618,L,1078 LP,1078.0,107,zuid,False,Scheldebuurt-Midden,AMSTERDAM,,1930.0,C
4671,900000.0,109.0,2.0,3.0,0.0,8256.880733944954,XL,1015 XM,1015.0,101,centrum,True,Marnixbuurt-Noord,AMSTERDAM,,1888.0,A
4672,395000.0,79.0,2.0,3.0,1.0,5000.0,M,1103 JW,1103.0,110,zuidoost,False,G-buurt-West,AMSTERDAM,219.05,2002.0,B
4673,296557.0,50.0,1.0,2.0,1.0,5931.14,XS,1032 KW,1032.0,103,noord,False,Klaprozenbuurt,AMSTERDAM,,2025.0,N/A
4674,315000.0,56.0,2.0,3.0,0.0,5625.0,S,1102 TK,1102.0,110,zuidoost,False,Venserpolder-West,AMSTERDAM,173.89,1986.0,C
4675,281375.0,57.0,1.0,2.0,1.0,4936.403508771929,S,1032 KW,1032.0,103,noord,False,Klaprozenbuurt,AMSTERDAM,,2025.0,N/A
4676,575000.0,68.0,2.0,3.0,0.0,8455.882352941177,M,1092 VG,1092.0,109,oost,False,Transvaalbuurt-Oost,AMSTERDAM,199.0,2015.0,A+
4677,2625000.0,222.0,4.0,6.0,0.0,11824.324324324325,XL,1077 NX,1077.0,107,zuid,False,Minervabuurt-Noord,AMSTERDAM,250.0,1927.0,N/A
4679,450000.0,57.0,2.0,3.0,0.0,7894.736842105263,S,1057 AA,1057.0,105,west,False,Orteliusbuurt-Zuid,AMSTERDAM,148.7,1941.0,F
4680,475000.0,45.0,1.0,2.0,0.0,10555.555555555555,XS,1054 LA,1054.0,105,west,False,Vondelparkbuurt-West,AMSTERDAM,100.0,1882.0,C
4681,380000.0,99.0,3.0,4.0,1.0,3838.3838383838383,L,1069 ET,1069.0,106,nieuw_west,False,Dijkgraafpleinbuurt,AMSTERDAM,,1972.0,B
4682,354000.0,47.0,1.0,3.0,0.0,7531.914893617021,XS,1033 RD,1033.0,103,noord,False,NDSM terrein,AMSTERDAM,,2021.0,A++
4683,1300000.0,135.0,3.0,5.0,0.0,9629.62962962963,XL,1016 RR,1016.0,101,centrum,True,Elandsgrachtbuurt,AMSTERDAM,,1905.0,N/A
4684,425000.0,52.0,2.0,3.0,0.0,8173.076923076923,S,1055 CA,1055.0,105,west,False,Erasmusparkbuurt-West,AMSTERDAM,281.73,1950.0,E
4686,690000.0,115.0,2.0,3.0,1.0,6000.0,XL,1098 WR,1098.0,109,oost,False,Park de Meer,AMSTERDAM,233.14,2002.0,A
4688,1150000.0,114.0,2.0,3.0,1.0,10087.719298245614,XL,1072 XA,1072.0,107,zuid,False,Frans Halsbuurt,AMSTERDAM,337.84,2013.0,A
4689,283377.0,31.0,1.0,2.0,1.0,9141.193548387097,XS,1095 PA,1095.0,109,oost,False,Sluisbuurt,AMSTERDAM,,2025.0,N/A
4690,600000.0,67.0,2.0,4.0,0.0,8955.223880597016,M,1058 VS,1058.0,105,west,False,Paramariboplein e.o.,AMSTERDAM,170.75,1922.0,A
4691,375000.0,51.0,2.0,2.0,0.0,7352.941176470588,S,1056 SW,1056.0,105,west,False,John Franklinbuurt,AMSTERDAM,123.71,1927.0,F
4692,335779.0,40.0,1.0,2.0,0.0,8394.475,XS,1064 AB,1064.0,106,nieuw_west,False,Noordoever Sloterplas,AMSTERDAM,,2027.0,A++
4693,540000.0,65.0,2.0,3.0,0.0,8307.692307692309,S,1064 AB,1064.0,106,nieuw_west,False,Noordoever Sloterplas,AMSTERDAM,,2027.0,A++
4694,925000.0,104.0,2.0,3.0,0.0,8894.23076923077,XL,1015 HP,1015.0,101,centrum,True,Driehoekbuurt,AMSTERDAM,264.0,1933.0,C
4695,595000.0,65.0,2.0,3.0,0.0,9153.846153846154,S,1091 RZ,1091.0,109,oost,False,Weesperzijde-Noord,AMSTERDAM,112.5,1880.0,B
4696,875000.0,147.0,3.0,5.0,0.0,5952.380952380952,XL,1043 CP,1043.0,104,nieuw_west,False,Sloterdijk Stationskwartier,AMSTERDAM,465.33,2023.0,A++
4697,525000.0,54.0,2.0,3.0,0.0,9722.222222222223,S,1018 CE,1018.0,101,centrum,False,Alexanderplein e.o.,AMSTERDAM,75.0,1874.0,A
4698,835000.0,82.0,2.0,3.0,1.0,10182.926829268292,L,1082 MZ,1082.0,108,zuid,False,Zuidas-Zuid,AMSTERDAM,257.0,2020.0,A
4699,400000.0,59.0,3.0,4.0,0.0,6779.661016949152,S,1055 HV,1055.0,105,west,False,Bosleeuw,AMSTERDAM,160.44,1941.0,G
4700,705000.0,76.0,2.0,3.0,0.0,9276.315789473685,M,1018 CA,1018.0,101,centrum,False,Oostenburg,AMSTERDAM,,2021.0,A+++
4701,500000.0,66.0,2.0,2.0,0.0,7575.757575757576,S,1012 CM,1012.0,101,centrum,False,BG-terrein e.o.,AMSTERDAM,,2014.0,C
4702,625000.0,75.0,2.0,3.0,0.0,8333.333333333334,M,1056 VZ,1056.0,105,west,False,Trompbuurt,AMSTERDAM,77.0,1922.0,C
4703,397877.0,37.0,1.0,1.0,1.0,10753.432432432432,XS,1014 ZK,1014.0,101,west,False,Houthavens-West,AMSTERDAM,,2025.0,A++
4704,350000.0,37.0,1.0,3.0,0.0,9459.45945945946,XS,1013 DV,1013.0,101,west,False,Spaarndammerbuurt-Midden,AMSTERDAM,150.0,,E
4705,850000.0,133.0,4.0,5.0,1.0,6390.977443609023,XL,1083 GB,1083.0,108,zuid,False,Buitenveldert-Oost-Midden,AMSTERDAM,338.12,1968.0,C
4707,971781.0,87.0,3.0,4.0,1.0,11169.896551724138,L,1013 SG,1013.0,101,west,False,Spaarndammerbuurt-Noordwest,AMSTERDAM,,2024.0,N/A
4708,1800000.0,154.0,3.0,4.0,1.5,11688.311688311689,XL,1071 CP,1071.0,107,zuid,False,P.C. Hooftbuurt,AMSTERDAM,133.31,1897.0,A
4709,860000.0,108.0,3.0,4.0,1.0,7962.962962962963,XL,1061 AV,1061.0,106,nieuw_west,False,Overtoomse Veld-Noord,AMSTERDAM,,2027.0,A+++
4711,590000.0,59.0,1.0,2.0,1.0,10000.0,S,1031 HX,1031.0,103,noord,False,Buiksloterham-Zuid,AMSTERDAM,,2021.0,A+++
4712,299895.0,48.0,1.0,2.0,1.0,6247.8125,XS,1032 KW,1032.0,103,noord,False,Klaprozenbuurt,AMSTERDAM,,2025.0,N/A
4713,625000.0,71.0,2.0,3.0,1.0,8802.81690140845,M,1031 KN,1031.0,103,noord,False,Overhoeks,AMSTERDAM,,2025.0,A++
4714,545000.0,76.0,2.0,3.0,0.0,7171.0526315789475,M,1056 ER,1056.0,105,west,False,Erasmusparkbuurt-Oost,AMSTERDAM,125.65,1939.0,C
4715,345000.0,57.0,2.0,3.0,0.0,6052.631578947368,S,1063 HS,1063.0,106,nieuw_west,False,Arondeusbuurt,AMSTERDAM,122.57,,B
4716,425000.0,92.0,3.0,4.0,1.0,4619.565217391304,L,1068 JH,1068.0,106,nieuw_west,False,Osdorp-Zuidoost,AMSTERDAM,412.57,1964.0,E
4717,745000.0,79.0,2.0,3.0,0.0,9430.379746835442,M,1054 LA,1054.0,105,west,False,Vondelparkbuurt-West,AMSTERDAM,75.0,1905.0,A
4718,450000.0,48.0,2.0,3.0,0.0,9375.0,XS,1094 CK,1094.0,109,oost,False,Timorpleinbuurt-Noord,AMSTERDAM,155.0,1902.0,C
4719,699000.0,101.0,3.0,4.0,0.0,6920.792079207921,L,1013 MZ,1013.0,101,west,False,Spaarndammerbuurt-Zuidoost,AMSTERDAM,100.0,1911.0,B
4720,550000.0,60.0,3.0,4.0,0.0,9166.666666666666,S,1078 ST,1078.0,107,zuid,False,IJselbuurt-Oost,AMSTERDAM,85.0,1922.0,D
4723,450000.0,65.0,2.0,3.0,0.0,6923.076923076923,S,1055 KP,1055.0,105,west,False,Bosleeuw,AMSTERDAM,198.14,1950.0,D
4724,925000.0,109.0,2.0,3.0,1.0,8486.238532110092,XL,1082 MT,1082.0,108,zuid,False,Zuidas-Zuid,AMSTERDAM,240.23,2011.0,A
4725,545000.0,61.0,1.0,2.0,0.0,8934.426229508197,S,1095 AM,1095.0,109,oost,False,Makassarpleinbuurt,AMSTERDAM,0.0,2021.0,N/A
4726,425000.0,56.0,1.0,2.0,0.0,7589.285714285715,S,1013 CJ,1013.0,101,west,False,Spaarndammerbuurt-Zuidoost,AMSTERDAM,,1988.0,C
4727,400000.0,59.0,2.0,3.0,0.0,6779.661016949152,S,1055 LB,1055.0,105,west,False,Bosleeuw,AMSTERDAM,246.0,1950.0,B
4728,495000.0,55.0,2.0,3.0,0.0,9000.0,S,1076 LP,1076.0,107,zuid,False,Van Tuyllbuurt,AMSTERDAM,,1930.0,B
4729,280646.0,31.0,1.0,2.0,1.0,9053.09677419355,XS,1095 PA,1095.0,109,oost,False,Sluisbuurt,AMSTERDAM,,2025.0,N/A
4731,395000.0,50.0,1.0,2.0,1.0,7900.0,XS,1062 HE,1062.0,106,nieuw_west,False,Schipluidenbuurt,AMSTERDAM,,2026.0,A++++
4732,1150000.0,117.0,2.0,3.0,0.0,9829.059829059828,XL,1018 CA,1018.0,101,centrum,False,Oostenburg,AMSTERDAM,0.0,2021.0,A+++
4733,385000.0,101.0,3.0,4.0,0.0,3811.8811881188117,L,1069 ER,1069.0,106,nieuw_west,False,Dijkgraafpleinbuurt,AMSTERDAM,296.8,,N/A
4734,490000.0,48.0,1.0,2.0,1.0,10208.333333333334,XS,1095 AM,1095.0,109,oost,False,Makassarpleinbuurt,AMSTERDAM,0.0,2021.0,N/A
4735,425000.0,119.0,4.0,5.0,1.0,3571.4285714285716,XL,1108 DV,1108.0,110,zuidoost,False,L-buurt,AMSTERDAM,,1980.0,D
4737,650000.0,94.0,2.0,3.0,0.0,6914.893617021276,L,1057 EZ,1057.0,105,west,False,Van Brakelkwartier,AMSTERDAM,,1924.0,C
4738,1450000.0,126.0,3.0,4.0,1.0,11507.936507936507,XL,1031 HX,1031.0,103,noord,False,Buiksloterham-Zuid,AMSTERDAM,,2021.0,A+++
4739,1135000.0,122.0,3.0,4.0,0.0,9303.27868852459,XL,1018 CA,1018.0,101,centrum,False,Oostenburg,AMSTERDAM,,2021.0,A+++
4740,450000.0,68.0,2.0,3.0,0.0,6617.64705882353,M,1095 BJ,1095.0,109,oost,False,Sumatraplantsoenbuurt,AMSTERDAM,,1983.0,B
4742,660000.0,106.0,3.0,4.0,1.0,6226.415094339623,XL,1025 WK,1025.0,102,noord,False,Elzenhagen-Zuid,AMSTERDAM,,2027.0,A+++
4743,296557.0,50.0,1.0,2.0,1.0,5931.14,XS,1032 KW,1032.0,103,noord,False,Klaprozenbuurt,AMSTERDAM,,2025.0,N/A
4744,537500.0,59.0,1.0,2.0,0.0,9110.169491525423,S,1096 DS,1096.0,109,oost,False,Weespertrekvaart,AMSTERDAM,,2021.0,N/A
4745,607500.0,93.0,2.0,3.0,1.0,6532.258064516129,L,1101 DA,1101.0,110,zuidoost,False,Amstel III deel A/B-Noord,AMSTERDAM,,2022.0,N/A
4746,547000.0,60.0,1.0,2.0,0.0,9116.666666666666,S,1095 AM,1095.0,109,oost,False,Makassarpleinbuurt,AMSTERDAM,0.0,2021.0,N/A
4747,1600000.0,179.0,2.0,3.0,1.0,8938.54748603352,XL,1016 RG,1016.0,101,centrum,True,Elandsgrachtbuurt,AMSTERDAM,350.0,1923.0,N/A
4749,575000.0,96.0,2.0,3.0,1.0,5989.583333333333,L,1025 AZ,1025.0,102,noord,False,Buikslotermeerplein,AMSTERDAM,196.0,2007.0,A+
4750,780000.0,90.0,2.0,3.0,1.0,8666.666666666666,L,1019 AK,1019.0,101,oost,False,Cruquiusbuurt,AMSTERDAM,203.54,2021.0,A+
4751,740000.0,74.0,1.0,3.0,0.0,10000.0,M,1018 CA,1018.0,101,centrum,False,Oostenburg,AMSTERDAM,0.0,2021.0,A+++
4752,4450000.0,270.0,2.0,4.0,3.5,16481.48148148148,XL,1071 ED,1071.0,107,zuid,False,Johannes Vermeerbuurt,AMSTERDAM,,2012.0,A+
4754,755000.0,74.0,2.0,3.0,1.0,10202.702702702703,M,1096 GV,1096.0,109,oost,False,Amstelkwartier-Noord,AMSTERDAM,,2021.0,A+++
4757,225000.0,46.0,1.0,2.0,0.0,4891.304347826087,XS,1104 PA,1104.0,110,zuidoost,False,Kortvoort,AMSTERDAM,137.06,1984.0,E
4758,350000.0,56.0,1.0,2.0,0.0,6250.0,S,1025 KB,1025.0,102,noord,False,Plan van Gool,AMSTERDAM,,1969.0,B
4759,525000.0,73.0,2.0,3.0,0.0,7191.780821917808,M,1081 JP,1081.0,108,zuid,False,Buitenveldert-Zuidwest,AMSTERDAM,55.0,1928.0,F
4761,1200000.0,130.0,3.0,4.0,0.0,9230.76923076923,XL,1074 BS,1074.0,107,zuid,False,Hemonybuurt,AMSTERDAM,,1882.0,A
4762,6250000.0,326.0,4.0,8.0,2.0,19171.779141104296,XL,1075 AV,1075.0,107,zuid,False,Willemsparkbuurt-Noord,AMSTERDAM,,2021.0,A+++
4763,1695000.0,140.0,4.0,7.0,0.0,12107.142857142857,XL,1073 EA,1073.0,107,zuid,False,Van der Helstpleinbuurt,AMSTERDAM,150.0,1895.0,A+++
4764,390000.0,92.0,3.0,4.0,0.0,4239.130434782609,L,1069 LE,1069.0,106,nieuw_west,False,Zuidwestkwadrant-Zuid,AMSTERDAM,459.61,1965.0,C
4765,1100000.0,154.0,3.0,4.0,0.0,7142.857142857143,XL,1078 AK,1078.0,107,zuid,False,IJselbuurt-West,AMSTERDAM,240.0,1924.0,B
4766,538000.0,81.0,2.0,3.0,1.0,6641.975308641975,L,1101 DA,1101.0,110,zuidoost,False,Amstel III deel A/B-Noord,AMSTERDAM,,2022.0,N/A
4768,375000.0,39.0,1.0,2.0,0.0,9615.384615384615,XS,1017 HX,1017.0,101,centrum,True,Amstelveldbuurt,AMSTERDAM,,1862.0,B
4769,1250000.0,152.0,2.0,4.0,1.0,8223.684210526315,XL,1013 AS,1013.0,101,west,False,Houthavens-Oost,AMSTERDAM,311.14,1898.0,A+
4771,775000.0,79.0,1.0,2.0,1.0,9810.12658227848,M,1018 GP,1018.0,101,centrum,False,Sarphatistrook,AMSTERDAM,266.0,2000.0,B
4772,700000.0,86.0,2.0,3.0,0.0,8139.53488372093,L,1078 JD,1078.0,107,zuid,False,Scheldebuurt-West,AMSTERDAM,144.42,1928.0,B
4774,395000.0,50.0,1.0,3.0,0.0,7900.0,XS,1033 SM,1033.0,103,noord,False,NDSM terrein,AMSTERDAM,,2021.0,A++
4775,750000.0,81.0,3.0,4.0,0.0,9259.25925925926,L,1054 VJ,1054.0,105,west,False,Cremerbuurt-West,AMSTERDAM,86.65,1910.0,C
4776,535000.0,73.0,2.0,3.0,0.0,7328.767123287671,M,1098 TT,1098.0,109,oost,False,Middenmeer-Zuid,AMSTERDAM,145.41,1955.0,C
4777,1295000.0,151.0,3.0,4.0,0.0,8576.15894039735,XL,1071 AP,1071.0,107,zuid,False,Johannes Vermeerbuurt,AMSTERDAM,138.96,1890.0,D
4779,400000.0,103.0,4.0,5.0,0.0,3883.4951456310678,XL,1102 XH,1102.0,110,zuidoost,False,Venserpolder-Oost,AMSTERDAM,343.0,1983.0,B
4780,680000.0,70.0,1.0,2.0,0.0,9714.285714285714,M,1018 CA,1018.0,101,centrum,False,Oostenburg,AMSTERDAM,,2021.0,A+++
4781,350000.0,71.0,2.0,3.0,0.0,4929.577464788732,M,1068 GB,1068.0,106,nieuw_west,False,Osdorpplein e.o.,AMSTERDAM,133.8,1962.0,C
4782,500000.0,79.0,2.0,3.0,1.0,6329.113924050633,M,1101 DA,1101.0,110,zuidoost,False,Amstel III deel A/B-Noord,AMSTERDAM,,2022.0,N/A
4783,589000.0,61.0,2.0,3.0,1.0,9655.737704918032,S,1073 BX,1073.0,107,zuid,False,Sarphatiparkbuurt,AMSTERDAM,192.0,1886.0,C
4784,300000.0,37.0,1.0,2.0,0.0,8108.108108108108,XS,1091 JL,1091.0,109,oost,False,Oosterparkbuurt-Zuidwest,AMSTERDAM,107.9,1983.0,A
4785,277037.0,59.0,2.0,3.0,1.0,4695.542372881356,S,1032 KW,1032.0,103,noord,False,Klaprozenbuurt,AMSTERDAM,,2025.0,N/A
4786,450000.0,48.0,1.0,2.0,0.0,9375.0,XS,1092 EC,1092.0,109,oost,False,Oosterparkbuurt-Zuidoost,AMSTERDAM,100.0,1898.0,C
4787,700000.0,75.0,2.0,3.0,0.0,9333.333333333334,M,1072 CB,1072.0,107,zuid,False,Frans Halsbuurt,AMSTERDAM,150.0,1876.0,B
4788,315000.0,33.0,1.0,2.0,1.0,9545.454545454546,XS,1083 EM,1083.0,108,zuid,False,Buitenveldert-Zuidoost,AMSTERDAM,84.0,1967.0,C
4789,445000.0,90.0,2.0,3.0,1.0,4944.444444444444,L,1069 DA,1069.0,106,nieuw_west,False,Zuidwestkwadrant-Noord,AMSTERDAM,227.0,2004.0,A
4790,435000.0,92.0,2.0,4.0,0.0,4728.260869565217,L,1060 RG,1060.0,106,nieuw_west,False,De Aker-West,AMSTERDAM,167.0,2000.0,B
4791,335779.0,40.0,1.0,2.0,0.0,8394.475,XS,1064 AB,1064.0,106,nieuw_west,False,Noordoever Sloterplas,AMSTERDAM,,2027.0,A++
4792,535000.0,53.0,2.0,3.0,0.0,10094.33962264151,S,1072 TG,1072.0,107,zuid,False,Lizzy Ansinghbuurt,AMSTERDAM,70.0,1904.0,C
4793,315000.0,59.0,2.0,3.0,0.0,5338.983050847458,S,1102 WX,1102.0,110,zuidoost,False,Venserpolder-Oost,AMSTERDAM,,1984.0,B
4794,440000.0,62.0,2.0,3.0,0.0,7096.774193548387,S,1018 BR,1018.0,101,centrum,False,Kadijken,AMSTERDAM,244.0,1988.0,C
4795,500000.0,72.0,1.0,2.0,0.0,6944.444444444444,M,1013 HC,1013.0,101,west,False,Haarlemmerbuurt-West,AMSTERDAM,125.0,1905.0,N/A
4796,415000.0,48.0,2.0,3.0,0.0,8645.833333333334,XS,1055 XV,1055.0,105,west,False,Gibraltarbuurt,AMSTERDAM,181.0,1936.0,C
4798,277037.0,59.0,1.0,2.0,1.0,4695.542372881356,S,1032 KW,1032.0,103,noord,False,Klaprozenbuurt,AMSTERDAM,,2025.0,N/A
4799,795000.0,93.0,2.0,3.0,0.0,8548.387096774193,L,1079 WS,1079.0,107,zuid,False,Rijnbuurt-Midden,AMSTERDAM,112.89,1936.0,B
4800,550000.0,88.0,2.0,3.0,0.0,6250.0,L,1061 AE,1061.0,106,nieuw_west,False,Overtoomse Veld-Noord,AMSTERDAM,126.75,2008.0,A
4802,300000.0,67.0,2.0,3.0,1.0,4477.611940298508,M,1064 BM,1064.0,106,nieuw_west,False,Louis Couperusbuurt,AMSTERDAM,,1962.0,E
4804,225000.0,22.0,1.0,1.0,0.0,10227.272727272728,XS,1022 KK,1022.0,102,noord,False,Elzenhagen-Noord,AMSTERDAM,90.0,2009.0,B
4805,425000.0,60.0,2.0,3.0,0.0,7083.333333333333,S,1061 DZ,1061.0,106,nieuw_west,False,Kolenkitbuurt-Noord,AMSTERDAM,170.0,1952.0,A
4806,469000.0,72.0,2.0,3.0,1.0,6513.888888888889,M,1082 AT,1082.0,108,zuid,False,Buitenveldert-Zuid-Midden,AMSTERDAM,229.0,1961.0,F
4807,583000.0,95.0,2.0,3.0,1.0,6136.8421052631575,L,1102 SG,1102.0,110,zuidoost,False,Vogeltjeswei,AMSTERDAM,,2025.0,A++
4808,1195000.0,132.0,4.0,5.0,0.0,9053.030303030304,XL,1072 GW,1072.0,107,zuid,False,Cornelis Troostbuurt,AMSTERDAM,,1900.0,D
4809,549000.0,60.0,1.0,2.0,0.0,9150.0,S,1095 AM,1095.0,109,oost,False,Makassarpleinbuurt,AMSTERDAM,0.0,2021.0,N/A
4810,375000.0,43.0,1.0,2.0,0.0,8720.93023255814,XS,1051 EE,1051.0,105,west,False,Westerstaatsman,AMSTERDAM,100.0,1904.0,D
4811,620000.0,76.0,2.0,3.0,0.0,8157.894736842105,M,1031 EZ,1031.0,103,noord,False,Van der Pekbuurt,AMSTERDAM,,1919.0,C
4812,475000.0,52.0,2.0,3.0,0.0,9134.615384615385,S,1054 TX,1054.0,105,west,False,Cremerbuurt-West,AMSTERDAM,150.0,,C
4814,475000.0,51.0,1.0,2.0,0.0,9313.725490196079,S,1051 JB,1051.0,105,west,False,Buyskade e.o.,AMSTERDAM,,1927.0,A
4815,550000.0,57.0,2.0,3.0,0.0,9649.122807017544,S,1079 DM,1079.0,107,zuid,False,Rijnbuurt-Midden,AMSTERDAM,,1934.0,A
4816,750000.0,156.0,2.0,3.0,1.0,4807.692307692308,XL,1087 KG,1087.0,108,oost,False,Rieteilanden-West,AMSTERDAM,358.88,2006.0,A
4819,399011.0,51.0,1.0,2.0,0.0,7823.745098039216,S,1056 CD,1056.0,105,west,False,Landlust-Zuid,AMSTERDAM,253.35,1933.0,D
4820,550000.0,64.0,2.0,3.0,1.0,8593.75,S,1011 VM,1011.0,101,centrum,False,Valkenburg,AMSTERDAM,153.0,1905.0,N/A
4821,512000.0,69.0,2.0,3.0,0.0,7420.289855072464,M,1064 AB,1064.0,106,nieuw_west,False,Noordoever Sloterplas,AMSTERDAM,0.0,2024.0,N/A
4823,1150000.0,165.0,1.0,1.0,0.0,6969.69696969697,XL,1016 GA,1016.0,101,centrum,True,Felix Meritisbuurt,AMSTERDAM,338.56,1905.0,N/A
4824,930000.0,109.0,3.0,4.0,1.0,8532.11009174312,XL,1061 AV,1061.0,106,nieuw_west,False,Overtoomse Veld-Noord,AMSTERDAM,,2027.0,A+++
4825,572000.0,64.0,1.0,2.0,0.0,8937.5,S,1095 AM,1095.0,109,oost,False,Makassarpleinbuurt,AMSTERDAM,0.0,2021.0,N/A
4826,485000.0,74.0,2.0,3.0,1.0,6554.054054054054,M,1025 WK,1025.0,102,noord,False,Elzenhagen-Zuid,AMSTERDAM,,2027.0,A+++
4827,1150000.0,130.0,2.0,3.0,1.0,8846.153846153846,XL,1075 HM,1075.0,107,zuid,False,Valeriusbuurt-Oost,AMSTERDAM,415.78,,A
4828,550000.0,89.0,2.0,3.0,0.0,6179.775280898876,L,1087 EN,1087.0,108,oost,False,Ed Pelsterparkbuurt,AMSTERDAM,157.08,2009.0,N/A
4829,1298000.0,116.0,3.0,4.0,4.0,11189.655172413793,XL,1096 GV,1096.0,109,oost,False,Amstelkwartier-Noord,AMSTERDAM,,2021.0,A+++
4830,350000.0,91.0,3.0,4.0,0.0,3846.153846153846,L,1106 JG,1106.0,110,zuidoost,False,Holendrecht-Zuid,AMSTERDAM,253.49,1977.0,A
4831,450000.0,50.0,1.0,2.0,0.0,9000.0,XS,1057 AE,1057.0,105,west,False,Orteliusbuurt-Midden,AMSTERDAM,208.37,,D
4832,375000.0,49.0,1.0,2.0,0.0,7653.061224489796,XS,1055 RZ,1055.0,105,west,False,Bedrijventerrein Landlust,AMSTERDAM,94.34,2017.0,B
4833,625000.0,85.0,3.0,4.0,0.0,7352.941176470588,L,1013 JM,1013.0,101,west,False,Haarlemmerbuurt-West,AMSTERDAM,262.82,1991.0,A
4834,625000.0,72.0,2.0,3.0,1.0,8680.555555555555,M,1031 KN,1031.0,103,noord,False,Overhoeks,AMSTERDAM,,2025.0,A++
4835,250000.0,21.0,1.0,1.0,0.0,11904.761904761905,XS,1015 WE,1015.0,101,centrum,True,Zaagpoortbuurt,AMSTERDAM,123.71,1876.0,C
4836,1075000.0,110.0,2.0,4.0,0.0,9772.727272727272,XL,1054 WZ,1054.0,105,west,False,Cremerbuurt-Oost,AMSTERDAM,191.0,1901.0,E
4837,400000.0,93.0,3.0,4.0,0.0,4301.075268817204,L,1034 LT,1034.0,103,noord,False,Banne-Noordoost,AMSTERDAM,152.0,,B
4838,296557.0,50.0,1.0,2.0,1.0,5931.14,XS,1032 KW,1032.0,103,noord,False,Klaprozenbuurt,AMSTERDAM,,2025.0,N/A
4840,550000.0,71.0,3.0,4.0,0.0,7746.478873239436,M,1098 ES,1098.0,109,oost,False,Middenmeer-Zuid,AMSTERDAM,158.71,1953.0,B
4841,575000.0,63.0,2.0,3.0,0.0,9126.984126984127,S,1098 LG,1098.0,109,oost,False,Middenmeer-Zuid,AMSTERDAM,225.0,1953.0,C
4842,500000.0,71.0,3.0,4.0,0.0,7042.2535211267605,M,1082 TN,1082.0,108,zuid,False,Gelderlandpleinbuurt,AMSTERDAM,269.19,1964.0,G
4843,1000000.0,108.0,2.0,3.0,0.0,9259.25925925926,XL,1017 DL,1017.0,101,centrum,True,Spiegelbuurt,AMSTERDAM,380.0,1905.0,N/A
4846,475000.0,76.0,2.0,3.0,0.0,6250.0,M,1087 AZ,1087.0,108,oost,False,Joris Ivenspleinbuurt,AMSTERDAM,139.04,2006.0,A
4847,825000.0,102.0,2.0,3.0,1.0,8088.235294117647,L,1059 WD,1059.0,105,west,False,Delflandpleinbuurt-Oost,AMSTERDAM,226.81,2000.0,A
4848,495000.0,59.0,2.0,3.0,0.0,8389.830508474577,S,1016 VA,1016.0,101,centrum,True,Elandsgrachtbuurt,AMSTERDAM,,1931.0,C
4849,450000.0,78.0,2.0,3.0,1.0,5769.2307692307695,M,1087 LN,1087.0,108,oost,False,Theo van Goghparkbuurt,AMSTERDAM,208.92,2010.0,A
4850,425000.0,78.0,2.0,3.0,1.0,5448.717948717948,M,1069 LA,1069.0,106,nieuw_west,False,Zuidwestkwadrant-Zuid,AMSTERDAM,212.43,2006.0,B
4852,395000.0,69.0,2.0,3.0,1.0,5724.63768115942,M,1025 GW,1025.0,102,noord,False,Plan van Gool,AMSTERDAM,161.61,1968.0,C
4853,865000.0,117.0,3.0,5.0,0.0,7393.1623931623935,XL,1093 EA,1093.0,109,oost,False,Dapperbuurt-Noord,AMSTERDAM,,1977.0,B
4854,390000.0,50.0,1.0,2.0,0.0,7800.0,XS,1055 ER,1055.0,105,west,False,Bosleeuw,AMSTERDAM,121.0,1940.0,D
4855,500000.0,96.0,2.0,3.0,1.0,5208.333333333333,L,1064 PR,1064.0,106,nieuw_west,False,Oostoever Sloterplas,AMSTERDAM,237.7,1998.0,A
4856,775000.0,105.0,2.0,5.0,0.0,7380.952380952381,XL,1057 JK,1057.0,105,west,False,Kortenaerkwartier,AMSTERDAM,136.0,1911.0,C
4857,455000.0,54.0,2.0,3.0,0.0,8425.925925925925,S,1079 KW,1079.0,107,zuid,False,Kromme Mijdrechtbuurt,AMSTERDAM,182.0,1928.0,C
4858,800000.0,81.0,2.0,3.0,0.0,9876.543209876543,L,1082 MZ,1082.0,108,zuid,False,Zuidas-Zuid,AMSTERDAM,232.33,2020.0,A
4859,585000.0,67.0,2.0,3.0,0.0,8731.34328358209,M,1098 TK,1098.0,109,oost,False,Middenmeer-Zuid,AMSTERDAM,144.0,1955.0,C
4860,480000.0,61.0,1.0,2.0,2.5,7868.852459016393,S,1014 ZG,1014.0,101,west,False,Houthavens-West,AMSTERDAM,107.05,,A
4861,2495000.0,252.0,3.0,6.0,0.0,9900.79365079365,XL,1071 HK,1071.0,107,zuid,False,Concertgebouwbuurt,AMSTERDAM,,1891.0,A
4862,600000.0,63.0,2.0,3.0,0.0,9523.809523809523,S,1075 GB,1075.0,107,zuid,False,Valeriusbuurt-West,AMSTERDAM,125.0,,B
4864,395000.0,107.0,2.0,3.0,1.0,3691.588785046729,XL,1103 JW,1103.0,110,zuidoost,False,G-buurt-West,AMSTERDAM,,2002.0,A+
4865,450000.0,57.0,2.0,3.0,0.0,7894.736842105263,S,1057 ZZ,1057.0,105,west,False,Filips van Almondekwartier,AMSTERDAM,137.0,,B
4867,405000.0,50.0,1.0,2.0,1.0,8100.0,XS,1032 KN,1032.0,103,noord,False,Klaprozenbuurt,AMSTERDAM,,2025.0,A+++
4868,1090000.0,83.0,2.0,3.0,0.0,13132.530120481928,L,1071 NG,1071.0,107,zuid,False,Cornelis Schuytbuurt,AMSTERDAM,125.0,1905.0,B
4870,545000.0,80.0,3.0,4.0,0.0,6812.5,L,1024 KV,1024.0,102,noord,False,Markengouw-Zuid,AMSTERDAM,,2026.0,N/A
4871,1950000.0,215.0,3.0,4.0,1.0,9069.767441860466,XL,1054 ES,1054.0,105,west,False,Vondelparkbuurt-Oost,AMSTERDAM,754.0,1991.0,A
4872,300000.0,32.0,1.0,2.0,0.0,9375.0,XS,1018 PS,1018.0,101,centrum,False,Czaar Peterbuurt,AMSTERDAM,85.0,1880.0,D
4873,960000.0,107.0,3.0,4.0,0.0,8971.96261682243,XL,1098 LH,1098.0,109,oost,False,Middenmeer-Zuid,AMSTERDAM,286.0,1953.0,C
4874,425000.0,66.0,2.0,3.0,0.0,6439.393939393939,S,1025 WV,1025.0,102,noord,False,Buikslotermeerplein,AMSTERDAM,156.24,1987.0,N/A
4875,395000.0,50.0,1.0,2.0,1.0,7900.0,XS,1062 HE,1062.0,106,nieuw_west,False,Schipluidenbuurt,AMSTERDAM,,2026.0,A++++
4877,295000.0,62.0,2.0,3.0,0.0,4758.064516129032,S,1108 DD,1108.0,110,zuidoost,False,L-buurt,AMSTERDAM,187.0,1980.0,B
4878,395000.0,69.0,2.0,3.0,1.0,5724.63768115942,M,1062 JR,1062.0,106,nieuw_west,False,Overtoomse Veld-Zuid,AMSTERDAM,187.0,1961.0,C
4879,675000.0,87.0,2.0,3.0,0.0,7758.620689655172,L,1055 MR,1055.0,105,west,False,Landlust-Noord,AMSTERDAM,154.0,1924.0,B
4880,735000.0,87.0,2.0,3.0,2.0,8448.275862068966,L,1018 NK,1018.0,101,centrum,False,Czaar Peterbuurt,AMSTERDAM,,2004.0,A
4881,277037.0,59.0,1.0,2.0,1.0,4695.542372881356,S,1032 KW,1032.0,103,noord,False,Klaprozenbuurt,AMSTERDAM,,2025.0,N/A
4882,450000.0,48.0,1.0,2.0,0.0,9375.0,XS,1018 CA,1018.0,101,centrum,False,Oostenburg,AMSTERDAM,,2021.0,A+++
4883,429650.0,87.0,2.0,3.0,1.0,4938.505747126437,L,1103 AM,1103.0,110,zuidoost,False,E-buurt,AMSTERDAM,,2026.0,N/A
4884,675000.0,81.0,3.0,4.0,1.0,8333.333333333334,L,1076 LN,1076.0,107,zuid,False,Van Tuyllbuurt,AMSTERDAM,80.0,1930.0,D
4886,660000.0,76.0,2.0,3.0,1.0,8684.21052631579,M,1031 KN,1031.0,103,noord,False,Overhoeks,AMSTERDAM,,2025.0,A++
4888,550000.0,128.0,3.0,4.0,1.0,4296.875,XL,1068 VM,1068.0,106,nieuw_west,False,Meer en Oever,AMSTERDAM,285.5,2006.0,A
4889,799000.0,86.0,2.0,3.0,0.0,9290.697674418605,L,1056 XG,1056.0,105,west,False,Landlust-Zuid,AMSTERDAM,,1939.0,A
4890,360000.0,71.0,2.0,3.0,0.0,5070.422535211268,M,1069 RC,1069.0,106,nieuw_west,False,Zuidwestkwadrant-Zuid,AMSTERDAM,135.02,1983.0,C
4891,459000.0,59.0,2.0,3.0,0.0,7779.661016949152,S,1012 NG,1012.0,101,centrum,False,Nieuwe Kerk e.o.,AMSTERDAM,189.0,1991.0,A
4892,1795000.0,186.0,3.0,5.0,0.0,9650.537634408602,XL,1017 GL,1017.0,101,centrum,True,Leidsegracht-Zuid,AMSTERDAM,140.0,1907.0,A
4893,375000.0,70.0,2.0,3.0,0.0,5357.142857142857,M,1067 VB,1067.0,106,nieuw_west,False,De Eendracht,AMSTERDAM,158.73,1991.0,B
4894,495000.0,67.0,2.0,3.0,0.0,7388.059701492537,M,1097 CV,1097.0,109,oost,False,Don Bosco,AMSTERDAM,108.76,1958.0,D
4895,555000.0,90.0,3.0,4.0,1.0,6166.666666666667,L,1087 VA,1087.0,108,oost,False,Centrumeiland,AMSTERDAM,,2026.0,A++
4897,810000.0,97.0,2.0,3.0,1.0,8350.515463917525,L,1061 AV,1061.0,106,nieuw_west,False,Overtoomse Veld-Noord,AMSTERDAM,,2027.0,A+++
4898,415000.0,54.0,3.0,4.0,0.0,7685.185185185185,S,1056 DG,1056.0,105,west,False,Robert Scottbuurt-Oost,AMSTERDAM,221.81,1927.0,D
4899,300000.0,54.0,1.0,2.0,0.0,5555.555555555556,S,1102 RZ,1102.0,110,zuidoost,False,Venserpolder-West,AMSTERDAM,162.53,1986.0,B
4900,295000.0,24.0,1.0,2.0,0.0,12291.666666666666,XS,1015 XX,1015.0,101,centrum,True,Marnixbuurt-Noord,AMSTERDAM,,1876.0,N/A
4901,600000.0,60.0,1.0,2.0,0.0,10000.0,S,1018 VW,1018.0,101,centrum,False,Weesperbuurt,AMSTERDAM,75.0,1905.0,A
4902,985000.0,108.0,3.0,4.0,1.0,9120.37037037037,XL,1096 AM,1096.0,109,oost,False,De Omval,AMSTERDAM,,2021.0,A+
4903,395000.0,50.0,1.0,2.0,1.0,7900.0,XS,1062 HE,1062.0,106,nieuw_west,False,Schipluidenbuurt,AMSTERDAM,,2026.0,A++++
4904,710000.0,66.0,1.0,1.0,1.0,10757.575757575758,S,1096 GV,1096.0,109,oost,False,Amstelkwartier-Noord,AMSTERDAM,,2021.0,A+++
4905,966781.0,87.0,3.0,4.0,1.0,11112.425287356322,L,1013 SG,1013.0,101,west,False,Spaarndammerbuurt-Noordwest,AMSTERDAM,,2024.0,N/A
4906,675000.0,74.0,3.0,4.0,0.0,9121.621621621622,M,1053 CL,1053.0,105,west,False,Bellamybuurt-Zuid,AMSTERDAM,,1904.0,B
4907,665000.0,57.0,2.0,3.0,0.0,11666.666666666666,S,1076 LW,1076.0,107,zuid,False,Van Tuyllbuurt,AMSTERDAM,,1931.0,A
4908,425000.0,44.0,1.0,2.0,0.0,9659.09090909091,XS,1096 DS,1096.0,109,oost,False,Weespertrekvaart,AMSTERDAM,,2021.0,N/A
4909,395000.0,54.0,1.0,2.0,0.0,7314.814814814815,S,1021 PP,1021.0,102,noord,False,IJplein e.o.,AMSTERDAM,219.64,1985.0,A
4911,395000.0,50.0,1.0,2.0,1.0,7900.0,XS,1062 HE,1062.0,106,nieuw_west,False,Schipluidenbuurt,AMSTERDAM,,2026.0,A++++
4912,506000.0,56.0,1.0,2.0,0.0,9035.714285714286,S,1095 AM,1095.0,109,oost,False,Makassarpleinbuurt,AMSTERDAM,0.0,2021.0,N/A
4913,595000.0,62.0,1.0,2.0,1.0,9596.774193548386,S,1031 KN,1031.0,103,noord,False,Overhoeks,AMSTERDAM,,2025.0,N/A
4914,800000.0,86.0,1.0,2.0,2.5,9302.32558139535,L,1019 AL,1019.0,101,oost,False,Cruquiusbuurt,AMSTERDAM,208.0,2021.0,A+++
4916,400000.0,43.0,1.0,2.0,0.0,9302.32558139535,XS,1053 RJ,1053.0,105,west,False,Bellamybuurt-Zuid,AMSTERDAM,177.0,1896.0,D
4917,900000.0,124.0,4.0,5.0,0.0,7258.064516129032,XL,1072 EV,1072.0,107,zuid,False,Hercules Seghersbuurt,AMSTERDAM,172.5,1894.0,B
4918,560000.0,69.0,3.0,4.0,0.0,8115.942028985507,M,1058 SN,1058.0,105,west,False,Westlandgrachtbuurt,AMSTERDAM,233.0,1934.0,C
4919,480000.0,50.0,1.0,2.0,0.0,9600.0,XS,1018 CA,1018.0,101,centrum,False,Oostenburg,AMSTERDAM,0.0,2021.0,A+++
4920,600000.0,71.0,1.0,2.0,0.0,8450.704225352112,M,1017 ND,1017.0,101,centrum,True,Leidsebuurt-Zuidwest,AMSTERDAM,256.58,1905.0,A
4921,695000.0,70.0,2.0,3.0,1.0,9928.57142857143,M,1071 VT,1071.0,107,zuid,False,Duivelseiland,AMSTERDAM,60.0,1899.0,A
4922,365000.0,84.0,3.0,4.0,1.0,4345.238095238095,L,1025 ZW,1025.0,102,noord,False,Buikslotermeer-Noord,AMSTERDAM,215.0,1966.0,A
4923,533000.0,81.0,2.0,3.0,1.0,6580.246913580247,L,1101 DA,1101.0,110,zuidoost,False,Amstel III deel A/B-Noord,AMSTERDAM,,2022.0,N/A
4924,1260000.0,141.0,3.0,5.0,0.0,8936.170212765957,XL,1077 ZB,1077.0,107,zuid,False,Minervabuurt-Zuid,AMSTERDAM,207.04,1938.0,N/A
4925,5900000.0,250.0,3.0,9.0,0.0,23600.0,XL,1015 BG,1015.0,101,centrum,True,Leliegracht e.o.,AMSTERDAM,528.9,1905.0,N/A
4926,375000.0,70.0,1.0,2.0,0.0,5357.142857142857,M,1068 CX,1068.0,106,nieuw_west,False,Meer en Oever,AMSTERDAM,202.84,1966.0,C
4927,1650000.0,138.0,3.0,4.0,1.0,11956.521739130434,XL,1031 HX,1031.0,103,noord,False,Buiksloterham-Zuid,AMSTERDAM,,2021.0,A+++
4928,650000.0,95.0,3.0,4.0,1.0,6842.105263157895,L,1055 AB,1055.0,105,west,False,Erasmusparkbuurt-West,AMSTERDAM,214.0,2008.0,B
4930,330000.0,44.0,1.0,2.0,1.0,7500.0,XS,1064 CT,1064.0,106,nieuw_west,False,Noordoever Sloterplas,AMSTERDAM,121.41,1965.0,C
4932,400000.0,48.0,2.0,3.0,0.0,8333.333333333334,XS,1055 CV,1055.0,105,west,False,Erasmusparkbuurt-West,AMSTERDAM,132.29,1940.0,C
4933,475000.0,55.0,2.0,3.0,0.0,8636.363636363636,S,1055 XL,1055.0,105,west,False,Landlust-Noord,AMSTERDAM,89.93,1937.0,B
4934,725000.0,90.0,3.0,5.0,0.0,8055.555555555556,L,1092 HN,1092.0,109,oost,False,Transvaalbuurt-Oost,AMSTERDAM,,1917.0,C
4935,1075000.0,110.0,2.0,3.0,0.0,9772.727272727272,XL,1054 BV,1054.0,105,west,False,Vondelparkbuurt-Oost,AMSTERDAM,341.0,1872.0,F
4936,950000.0,104.0,3.0,4.0,0.0,9134.615384615385,XL,1016 AC,1016.0,101,centrum,True,Felix Meritisbuurt,AMSTERDAM,195.0,1905.0,N/A
4937,675000.0,65.0,3.0,4.0,0.0,10384.615384615385,S,1054 MV,1054.0,105,west,False,Cremerbuurt-Oost,AMSTERDAM,100.0,1900.0,B
4938,1395000.0,121.0,2.0,3.0,1.0,11528.92561983471,XL,1017 CC,1017.0,101,centrum,True,Vijzelstraatbuurt,AMSTERDAM,300.45,1690.0,N/A
4939,550000.0,75.0,4.0,5.0,0.0,7333.333333333333,M,1055 NV,1055.0,105,west,False,Gibraltarbuurt,AMSTERDAM,125.88,1936.0,B
4940,375000.0,37.0,1.0,2.0,0.0,10135.135135135135,XS,1031 GM,1031.0,103,noord,False,Van der Pekbuurt,AMSTERDAM,60.0,2022.0,B
4941,525000.0,62.0,2.0,3.0,0.0,8467.741935483871,S,1059 CX,1059.0,105,west,False,Aalsmeerwegbuurt-West,AMSTERDAM,73.53,1929.0,B
4942,1135000.0,117.0,3.0,4.0,0.0,9700.854700854701,XL,1018 CA,1018.0,101,centrum,False,Oostenburg,AMSTERDAM,0.0,2021.0,A+++
4945,400000.0,48.0,2.0,3.0,0.0,8333.333333333334,XS,1055 TS,1055.0,105,west,False,Landlust-Zuid,AMSTERDAM,158.0,1924.0,D
4946,510000.0,78.0,2.0,3.0,1.0,6538.461538461538,M,1025 WK,1025.0,102,noord,False,Elzenhagen-Zuid,AMSTERDAM,,2027.0,A+++
4947,495000.0,55.0,2.0,3.0,0.0,9000.0,S,1056 DS,1056.0,105,west,False,John Franklinbuurt,AMSTERDAM,120.0,1926.0,C
4948,800000.0,77.0,2.0,3.0,2.5,10389.61038961039,M,1017 BS,1017.0,101,centrum,True,Geelvinckbuurt,AMSTERDAM,342.0,1906.0,N/A
4949,475000.0,107.0,4.0,5.0,0.0,4439.252336448598,XL,1065 GS,1065.0,106,nieuw_west,False,Louis Crispijnbuurt,AMSTERDAM,188.48,1957.0,C
4950,595000.0,76.0,3.0,3.0,0.0,7828.9473684210525,M,1013 VX,1013.0,101,west,False,Spaarndammerbuurt-Zuidwest,AMSTERDAM,68.0,1967.0,A
4951,575000.0,86.0,3.0,4.0,1.0,6686.046511627907,L,1061 VX,1061.0,106,nieuw_west,False,Overtoomse Veld-Noord,AMSTERDAM,262.0,2006.0,A
4952,1300000.0,119.0,2.0,5.0,1.0,10924.36974789916,XL,1017 KP,1017.0,101,centrum,True,Vijzelstraatbuurt,AMSTERDAM,320.0,1680.0,N/A
4953,380000.0,84.0,3.0,4.0,0.0,4523.809523809524,L,1024 AK,1024.0,102,noord,False,Markengouw-Noord,AMSTERDAM,280.0,,B
4954,344840.0,49.0,1.0,2.0,1.0,7037.551020408163,XS,1024 SN,1024.0,102,noord,False,Werengouw-Midden,AMSTERDAM,,2024.0,N/A
4955,540000.0,81.0,2.0,3.0,1.0,6666.666666666667,L,1101 DA,1101.0,110,zuidoost,False,Amstel III deel A/B-Noord,AMSTERDAM,,2022.0,N/A
4956,1195000.0,127.0,2.0,4.0,0.0,9409.448818897637,XL,1077 BP,1077.0,107,zuid,False,Minervabuurt-Noord,AMSTERDAM,300.92,1930.0,B
4958,425000.0,49.0,1.0,2.0,0.0,8673.469387755102,XS,1092 CS,1092.0,109,oost,False,Oosterparkbuurt-Zuidoost,AMSTERDAM,119.86,1899.0,C
4959,491000.0,71.0,2.0,3.0,1.0,6915.492957746479,M,1101 DA,1101.0,110,zuidoost,False,Amstel III deel A/B-Noord,AMSTERDAM,,2022.0,N/A
